"month","Headline PCE","Core PCE","Cleveland median","Dallas trimmed mean"
"1959-02-01",1.19350124813371,0.932937917817589,,
"1959-03-01",0.793436771341471,1.40130085871975,0,0.579089744944739
"1959-04-01",2.39605363575699,3.05529584960831,3.14047641850235,2.53577155295914
"1959-05-01",0.632617351309839,1.47422281394483,0.163865987969203,0.911289643914093
"1959-06-01",3.5231678210162,3.59899499306835,2.97737981151958,2.158722745025
"1959-07-01",2.54375419007027,2.87703733404883,0.207747166735062,1.34846910629143
"1959-08-01",1.73885819405339,1.93112639568909,0,0.873664365585469
"1959-09-01",3.17749433442482,3.17977878316817,2.19045078109021,1.73368617690302
"1959-10-01",2.92826532142643,2.07824842455293,0.138347645790349,1.34803084605588
"1959-11-01",0.78190783363381,2.22989226594743,0,0.532577298753023
"1959-12-01",1.41054312279727,1.83879462899275,0.0544649935573904,1.02880061447805
"1960-01-01",-0.697694133651239,0.303874166727658,0,0.207584859520193
"1960-02-01",1.2521849876064,2.29919160591594,0,0.677684219135388
"1960-03-01",0.701865548421465,0.075726497527806,0,0.159403923534107
"1960-04-01",4.43845165757717,2.21738933362852,2.77967590728283,1.90287019668312
"1960-05-01",1.2456049696498,1.9822730402336,0,0.427752493756417
"1960-06-01",0.542651867664978,0.681020190399018,0,0.156703829569893
"1960-07-01",2.18584905278203,2.13149463954292,2.15191510738331,1.7213059038268
"1960-08-01",2.02459132036195,1.74474891470942,0.084635182064341,0.627211901159952
"1960-09-01",0.695447820189643,0.981340312767909,0.054631124735316,0.741734781193659
"1960-10-01",1.39451577196952,0.677899699746831,0,0.283069957914828
"1960-11-01",4.15234639115478,3.27517650077269,0.350654686919927,1.43894232307309
"1960-12-01",0.230142139932066,-0.373586940451942,0.103408151481421,0.661365537895664
"1961-01-01",0.230098010577406,0.299887319319847,0,0.00070530984090933
"1961-02-01",1.07774181291542,1.2042003871191,0,0.240847760146945
"1961-03-01",-0.686648931275391,0.374519712148014,0,-0.0995307676590063
"1961-04-01",-0.687042060310428,1.65700508828339,0.0910643079253148,0.562507687057145
"1961-05-01",0.691794982813421,1.57896451285109,0,0.0384892217456301
"1961-06-01",0.537375170654331,1.8040109792165,0,0.327730963691386
"1961-07-01",2.63380814440886,1.8769988079375,0.132843760017898,1.09868048960189
"1961-08-01",0.997466171728156,1.27089238059965,0,0.131708310675704
"1961-09-01",1.38237828830103,2.4019885059309,0.102550946085289,0.762463233752997
"1961-10-01",-0.0762025681736112,0.371137424510226,0,-0.0365473747059974
"1961-11-01",0.0762606807710231,0.222462445682847,0.0383809625742915,0.396090065822952
"1961-12-01",0.305343276218895,1.04185115489852,0,-0.0145880054636782
"1962-01-01",2.31040548329415,1.41511496803017,2.37110703728365,2.18105198437604
"1962-02-01",3.24192255122218,2.01404427311562,0.209497130693448,1.02343941343384
"1962-03-01",1.60480606193392,2.84040353623631,2.14983221800866,1.51846651738325
"1962-04-01",1.37227863258826,0.221082601742006,0,-0.289715469459262
"1962-05-01",0.759393934246444,1.70613796259944,0,0.472388349202957
"1962-06-01",0.758913674485351,2.22749446520167,0,0.573742248675768
"1962-07-01",-0.678112501940931,1.03199537394636,0,0.30342579080691
"1962-08-01",1.75328297666015,0.146708207887736,0.101304284170411,0.853219983459419
"1962-09-01",6.05176940770029,2.37084679302102,0.0330883870551357,1.15037322275757
"1962-10-01",-1.19572594247898,-0.0731283675234562,0,-0.526960449757341
"1962-11-01",0.830575740388317,0.881429137731282,0,0.232392115781188
"1962-12-01",-0.450083634597098,0.366132317685075,0,-0.0416490382956436
"1963-01-01",2.97244120049549,2.28920304894764,1.06944754745009,1.67811132427262
"1963-02-01",1.28271914968312,1.39477169305449,0.0427550898814522,0.482991923798171
"1963-03-01",-0.969809952292622,0.731035462864704,0,-0.0378581691072744
"1963-04-01",-0.0749695401347505,1.46607062999979,0,0.0320389968686552
"1963-05-01",1.96752287340143,2.20376913756513,2.45444474934848,1.88062551985904
"1963-06-01",2.65245123137681,2.05171234564683,0,0.629863852250789
"1963-07-01",2.41725938202453,1.09252060136045,0,0.52972472416446
"1963-08-01",1.65285549902461,1.09152684808778,0,0.278332884636989
"1963-09-01",-0.22316576354523,2.19196152193069,0,0.269001664471191
"1963-10-01",2.33342803870562,2.70476394116808,2.33017033300673,1.71316164006607
"1963-11-01",1.72318094290438,1.08612612617887,0,0.351128590495842
"1963-12-01",1.79613558311789,1.74140062185419,0.0654111339306374,0.400355243697215
"1964-01-01",2.54938655803578,1.66587423422604,0.510347641105269,1.03695025052368
"1964-02-01",1.71451059439598,2.32140179642402,0.386535197018256,0.811543360391176
"1964-03-01",0.741103363337436,1.15237922129783,0,-0.158272923149394
"1964-04-01",0.889377194549978,1.07896463462631,0,0.123450062204111
"1964-05-01",0.14761960681009,1.00579896173998,0,0.109062747759525
"1964-06-01",1.70951953589025,0.860826881443488,0,0.042787300607694
"1964-07-01",1.55759173968826,1.22062827187033,0,0.0708156392914772
"1964-08-01",0.88620264780761,1.58061659987703,0,0.604306452200221
"1964-09-01",1.85300073285939,0.49980559178302,0,0.0277108829767947
"1964-10-01",0.736328548557763,0.499597507520932,0,0.213554312129105
"1964-11-01",1.69993813029874,1.72172532527781,0.0564015777595017,0.665229154211078
"1964-12-01",1.77193491961041,1.71925864205889,0.0547907663949188,0.491080865654436
"1965-01-01",1.32432180023396,1.64472972606446,1.14791813955137,1.17597212808378
"1965-02-01",0.512553423717055,1.42684890053675,0.0240468913230929,-0.0971396510226263
"1965-03-01",1.54422934123144,0.710266355703992,0,0.243609871191985
"1965-04-01",1.91264494820755,1.42430860120637,0.630167293603678,1.19518214653349
"1965-05-01",2.72752592132874,2.21294558930503,0.102062504495581,1.007472655564
"1965-06-01",3.5433812538145,-0.281805720720074,0.11112653400327,1.03660372420242
"1965-07-01",0.872721795841214,1.20612267613402,0,0.634752592868004
"1965-08-01",0.289924901300065,2.27910540734155,0.197076632399895,1.01238692329684
"1965-09-01",0.58047970178221,1.41624008228418,0.0338013883543598,1.12242427423386
"1965-10-01",0.362263758224479,-0.420830523445503,0.0279352366287622,0.944658722820391
"1965-11-01",2.04360139097548,2.2729002443761,2.19527673825177,1.47728655181625
"1965-12-01",4.41837710112665,3.7103365809847,2.80055154965819,2.0484838142399
"1966-01-01",1.44811358801913,0.350333922084056,2.38723579484006,1.79130757162258
"1966-02-01",5.07138849828406,2.97710050497728,2.72616971034618,2.04491135563527
"1966-03-01",2.97322414195527,1.54563712328248,0.0337329750712323,1.14670298215533
"1966-04-01",4.21910742534575,4.40636784035264,4.25620373716442,3.31896871792847
"1966-05-01",1.50395582446148,3.24068100028139,1.31461760484117,1.29721809668422
"1966-06-01",3.02480286637086,3.94710114779431,2.46878187799164,1.81854578969021
"1966-07-01",2.36371827253561,3.57721523858703,2.60746068445155,1.97989402819538
"1966-08-01",4.6952704388753,2.22444935849471,2.31842964297844,1.54898249418984
"1966-09-01",3.8716530426453,3.77292884987406,4.14193315950036,3.25635371191406
"1966-10-01",3.20666788147281,3.97380870984361,4.12768792186677,3.45196404981296
"1966-11-01",1.76533574964584,3.04492815877977,2.04079119316023,1.50187398238193
"1966-12-01",2.5473351392121,3.73918740480372,2.63887648152592,1.72421322210996
"1967-01-01",0.0698222413874516,1.0914565257883,2.85879985634483,1.86890884585067
"1967-02-01",1.40488267467549,2.1918197313765,3.20363255522502,2.27065495079888
"1967-03-01",0.62924023208939,1.84310933598344,0.0531173216469449,0.677933801413899
"1967-04-01",2.0394909406573,3.36266912795744,2.4986433467443,1.59050047254081
"1967-05-01",2.31982521860457,2.66067567773125,2.314090223781,1.35220790883896
"1967-06-01",3.88610594539449,3.0689053172358,3.53871690607639,2.69080530865471
"1967-07-01",4.16057265258796,4.16999575228836,3.3022808467422,2.44150256866911
"1967-08-01",3.78881027482172,3.73990536901885,2.87080109707845,2.24495284663613
"1967-09-01",3.70577215405332,4.35036124577242,4.05675882928542,4.02742594667143
"1967-10-01",3.41124030188726,4.54199943947358,3.82408660861444,3.22267932906921
"1967-11-01",4.037760052341,3.9063361497107,3.14190221484241,2.69195764046462
"1967-12-01",1.92456065368591,3.00905645442202,3.14412615362416,2.35907021556383
"1968-01-01",5.72308250284757,5.46196984657144,4.4880617795221,4.09034864131608
"1968-02-01",4.98572414158018,5.29977520604912,4.56399931162104,3.56267958095096
"1968-03-01",3.98232006568895,4.86695195074456,3.10668580846218,2.39173730152649
"1968-04-01",3.82991309568419,4.50854191712537,4.31158850311071,3.61440286310053
"1968-05-01",4.51336231544561,4.62653308663703,4.60199957611105,4.22670547060058
"1968-06-01",3.94172886322635,4.81056851104236,4.49024923080197,3.39651142041182
"1968-07-01",3.72219015940913,4.05616524602581,3.2031065068252,2.553218204042
"1968-08-01",5.021601830835,4.77517395277289,4.37575831661403,4.40399657221051
"1968-09-01",4.24311482040687,4.95607715176243,4.47737666022989,4.25881612265018
"1968-10-01",5.39684350609644,5.0021025787621,4.54999605452688,4.33809981224342
"1968-11-01",4.14127115941161,4.65110009394567,4.63221792768889,3.93030241110628
"1968-12-01",2.51129864749684,3.65198694115194,4.47453163594826,3.62768147451971
"1969-01-01",4.79697524346381,4.61902938200478,4.4271813631962,3.67370872858419
"1969-02-01",3.09568245127509,4.21059277714786,3.0953624151189,2.46733687538365
"1969-03-01",5.78413930666593,5.76122722766526,4.4991545186468,4.42304314953985
"1969-04-01",5.41751894517333,4.69285823962822,4.56871123816271,4.41737304204557
"1969-05-01",4.92258448851324,4.93287663819091,4.21573287814092,4.03322965875326
"1969-06-01",5.97644058748106,4.20672790475396,4.35672952911585,4.14685983858107
"1969-07-01",5.41132493765153,5.73242279415878,5.542420560453,5.13705929182831
"1969-08-01",3.3446431493213,3.41344001133412,3.9255817943497,2.68009408998076
"1969-09-01",5.10709616476632,4.922049571714,4.40230545065732,4.52066304937824
"1969-10-01",4.16730437899462,5.2831002489004,4.40080504815912,4.18270511413923
"1969-11-01",5.33054166199853,4.69124703549615,4.38472723251597,4.51297385789065
"1969-12-01",5.63476774154159,4.54748715595816,4.44658979606303,4.42221446251176
"1970-01-01",4.37367839744809,4.03164424076439,4.35322505182187,3.72381554891803
"1970-02-01",4.8741532370429,4.70204759438513,4.25247792278352,4.14121400628793
"1970-03-01",3.00134285545328,4.559542921582,4.7182700536154,4.45683497985241
"1970-04-01",6.26467513138556,4.8517282283236,4.67085704095935,4.61052903297365
"1970-05-01",3.86246042926495,4.33951976119997,4.20717241799509,3.09117228007822
"1970-06-01",3.15723099218772,4.38512816831813,4.2762682431253,3.3058843430996
"1970-07-01",4.4717886495331,4.6747318673404,4.26108581695706,4.17884971582561
"1970-08-01",3.19973312657769,4.23071887915263,3.9723300264686,3.75109784513721
"1970-09-01",5.51845375277573,5.12711724230341,4.34327279671511,4.67447912961589
"1970-10-01",6.12739210340736,6.08108734673682,4.81989046653355,4.84198662983208
"1970-11-01",4.83791792934942,6.35547703577848,4.18606030282791,4.43603322555632
"1970-12-01",5.44337392611431,6.20055168895659,6.19331820492512,5.69888328490451
"1971-01-01",2.58535298109059,4.84803599041803,4.07686795143247,3.63214073195428
"1971-02-01",3.55519012192289,4.65034920709737,3.27675266046159,2.64748115831754
"1971-03-01",4.03409284562863,3.92522827733199,3.17746736976949,2.57071703798493
"1971-04-01",4.81764755407155,4.55835044968085,4.03520825865165,3.65496946525052
"1971-05-01",5.10518106899607,5.36530039539327,4.14852174359737,4.5070725804581
"1971-06-01",5.45119731508301,4.8718709532392,4.07580143998085,4.43092251021993
"1971-07-01",3.66859957378924,4.67731244257712,3.84481194410355,3.30463746555509
"1971-08-01",3.53754963362558,1.68204673041199,4.04694230942235,3.77260850029395
"1971-09-01",1.80836646075719,2.0187185208302,3.33534768983825,2.91820468294537
"1971-10-01",1.8643865605563,1.90239622924135,0.670269433479986,1.03287012644115
"1971-11-01",2.50868339733088,2.74781519196186,2.54277727330334,1.85394233696425
"1971-12-01",4.82356820738372,3.82299291710155,3.34759752144678,3.1041328564017
"1972-01-01",5.04393837893102,5.24504585146974,3.45145958379818,3.29095069704999
"1972-02-01",4.84379288241077,3.28471315194028,3.23013933896474,3.1181625950039
"1972-03-01",1.71973087535169,2.37782501536936,3.05729162521786,2.81582791635986
"1972-04-01",1.83271011399422,2.82028838069841,2.24279850510909,1.40442935210454
"1972-05-01",2.69821051487202,2.8136759882661,2.32322752093301,1.91833395285541
"1972-06-01",1.82582617105953,2.47313989984062,2.6881196857101,1.91258291891294
"1972-07-01",4.37951264523873,3.47081390132065,3.40372893007481,3.10729988828036
"1972-08-01",3.54688608150184,2.5716218242342,3.82937450745164,2.81636663659679
"1972-09-01",5.5240867667264,4.06743705564148,3.89984347545991,3.58189509842846
"1972-10-01",1.34949481591289,0.701483314783657,2.89798372317025,2.02975451303005
"1972-11-01",3.63167493102337,3.21812977569653,3.81441598147931,3.10326662293856
"1972-12-01",3.90858681804003,3.65190837495901,3.62465862344139,3.46513087207105
"1973-01-01",3.66630527504688,0.750935182133716,2.79341694559598,2.48417980654552
"1973-02-01",6.49106645776203,3.85953993021775,3.98725638754467,4.1233262674979
"1973-03-01",8.86999188629443,4.95510676556059,4.10857739712354,4.43943956589707
"1973-04-01",9.27811872073754,7.1736561553527,6.82803038939785,6.22339819285636
"1973-05-01",6.07414848941581,4.74051784708263,5.13209970984738,4.43122774812899
"1973-06-01",7.07319973392144,5.32625522321324,5.31127447294033,3.67091027617732
"1973-07-01",4.43410635463097,5.24789674000516,2.87328551614905,2.31576771598161
"1973-08-01",14.7614083842259,5.71723533424298,5.56880089337157,5.01700519859292
"1973-09-01",4.8621834199432,6.23680427239373,3.73431471516723,3.67987455513534
"1973-10-01",7.00700585064558,4.7422206190306,4.10582163382671,4.7388325641232
"1973-11-01",10.2984088534595,5.96306089999896,5.17862891235348,4.95647358896154
"1973-12-01",10.3244336212428,6.85366112755874,7.41066071269785,6.04498323639853
"1974-01-01",12.1092508796111,6.06092851449287,6.95870329228163,5.50013808295922
"1974-02-01",14.9089944801562,7.9144192937816,7.89932572488303,7.2410699818205
"1974-03-01",14.8407612830465,9.76411885017865,8.85632731166188,8.26337666559378
"1974-04-01",8.81123706714981,9.35997226242897,7.75623126520726,7.2280875138947
"1974-05-01",12.4932296331546,12.1691853158614,11.6748970220756,9.70682428886138
"1974-06-01",10.685404361253,13.0310496751546,8.41431418772829,9.33656588722724
"1974-07-01",9.21327466407458,11.1670507778285,8.60739589511217,7.64093044908694
"1974-08-01",13.2911809993094,12.1820243362337,12.6867322173022,10.48903520848
"1974-09-01",13.1992474065272,11.3211963839017,9.97365485960802,9.53846923881305
"1974-10-01",8.94807386324872,9.81746258485987,9.01763592934664,8.70318350816333
"1974-11-01",9.39024144920857,9.12687926013998,7.18204054316136,7.19975055151683
"1974-12-01",9.92532981020977,8.80636204506446,7.27533452714557,7.50155829264971
"1975-01-01",7.69802208039707,7.20536379166563,8.82493496898729,7.41434529924594
"1975-02-01",6.71919796449094,8.83861475038801,7.08403911736812,6.24056325531981
"1975-03-01",4.14144726477925,6.43218146063487,3.88114952341199,4.00363139146753
"1975-04-01",4.12720536301101,6.01422404764917,6.59349823185498,5.0213009261084
"1975-05-01",4.91612223455256,5.22458500617837,4.5508491981979,3.90727119701602
"1975-06-01",7.76386475531299,6.00565251820568,5.88042322972218,4.71248230136037
"1975-07-01",10.7816370736113,7.63960757790139,6.90193244711954,5.87710056204458
"1975-08-01",5.33525079847559,4.21604371970983,4.83335770418913,4.8936366679913
"1975-09-01",6.10457859117015,6.71437632335659,6.77549666496147,6.5203610043201
"1975-10-01",7.19656489168676,6.16358952338245,8.21254928692301,7.62979956311307
"1975-11-01",7.99774424429498,8.23578188134817,6.74786325117103,5.89478971656883
"1975-12-01",6.82839948050413,7.52576211622771,6.62192084446453,5.5924266673969
"1976-01-01",4.64649132921899,6.32759770996572,5.36160428648187,5.08427455204314
"1976-02-01",1.56535604568024,4.89009000413794,6.05915474330898,4.67180130303761
"1976-03-01",1.82603702265745,4.02147672285222,4.32886770074703,3.95400539094672
"1976-04-01",2.74627523314634,4.80924584904752,3.4804790102112,3.62923709116607
"1976-05-01",5.86505365158803,5.81781737797642,6.48175029968034,5.60738979428512
"1976-06-01",5.38707587792775,4.98860225734072,5.90519740811855,4.93124884575156
"1976-07-01",6.25954769242125,6.79314768843868,5.91600215942185,5.11527804317824
"1976-08-01",6.81044118758409,7.15710276058337,7.45654132877269,6.3905151702008
"1976-09-01",6.95106245722159,7.24823353740647,6.32750192919296,5.77448586802856
"1976-10-01",6.46660121355433,6.05946482937421,6.04835946362294,6.14774266746407
"1976-11-01",5.59677897715223,5.59378634939651,6.24504343277335,5.57009048572072
"1976-12-01",6.9300418727652,6.69747626577406,5.55291054390159,4.85650773462745
"1977-01-01",7.19757320918426,7.57552267746731,7.84834708627948,6.68312733858538
"1977-02-01",9.80561156110096,7.61499000183983,8.22967249000648,7.23025455132333
"1977-03-01",6.1909947053034,5.21390830534472,7.19731964443722,6.63267579466107
"1977-04-01",7.19016983019092,6.08021835268406,5.780863444099,4.93269562168857
"1977-05-01",6.25030384550347,6.3034758986205,6.27803464648193,5.88565348090773
"1977-06-01",6.93971296724161,7.41381876850544,6.82433091390338,6.13200270691809
"1977-07-01",6.39287509737076,7.66466397655865,5.86958959924089,5.62105613816379
"1977-08-01",5.73184250031893,6.06821176654888,6.43789288028527,6.09335775802087
"1977-09-01",4.63076845707195,5.17276629132928,5.23203652998765,5.00437085634733
"1977-10-01",5.72391222266444,5.97053198840449,5.55471083213039,4.55800238035688
"1977-11-01",7.10417572251565,6.39214950792613,7.71539161030361,6.69551924962413
"1977-12-01",5.99107995863857,6.35829092289726,5.73751987789697,5.65622685331171
"1978-01-01",7.31577392171627,7.42756050107412,5.6985165641589,4.5882323572356
"1978-02-01",5.72283465191785,4.72133044712086,5.64148803540583,5.59670204065643
"1978-03-01",8.05605702595522,6.7046730656872,6.41392315537241,6.22315706326424
"1978-04-01",9.48130636319224,8.0407285445794,7.08178122476699,6.73289601381073
"1978-05-01",8.91601942874771,7.30329685738473,8.52293961655715,7.8985028019664
"1978-06-01",8.12315373890644,6.90090301887611,5.78237318740411,6.34994497647268
"1978-07-01",6.75614601263506,7.29686686160429,6.63546172021172,6.50714250953899
"1978-08-01",6.24744672294588,6.62392801162213,6.53584563680576,6.8559468199322
"1978-09-01",7.03600611525699,7.13452967360062,8.13085117378256,6.96826605002789
"1978-10-01",9.99642815061821,9.17352544209407,8.77046566708879,8.69505015138727
"1978-11-01",7.01533026092043,6.65350388605686,8.17022629986806,7.9835522260232
"1978-12-01",5.75030586014582,4.75642488124439,6.79511168981515,6.17418995083625
"1979-01-01",9.45543500953017,6.32398157764764,8.07871726326044,8.3737259780901
"1979-02-01",6.58414339584008,4.00627761843724,8.92121827641519,7.83657438256915
"1979-03-01",9.79334721128182,7.10197457928776,7.49241300283614,6.60710376167959
"1979-04-01",13.2580678661277,11.6773536701833,6.22690519451847,6.6565747492014
"1979-05-01",13.1524369462607,10.9452304138892,10.1584823898207,9.30328631144732
"1979-06-01",10.3732986846392,6.93136261852836,7.83286300183159,6.88990800992777
"1979-07-01",9.53751659080113,6.19430462046295,7.81731997414818,7.80712334999658
"1979-08-01",9.57319244099888,8.25572614460302,9.68926033158728,8.99851170679145
"1979-09-01",11.1213181258737,8.49404114872754,9.17145690070378,8.32516333584359
"1979-10-01",10.2489703323692,9.13210037314005,10.8177632506359,9.99316915064976
"1979-11-01",8.64966059935419,7.93574193470725,8.30029020621432,7.63154124090628
"1979-12-01",10.5576419327799,8.96709370742048,8.08563728848322,8.00049279913708
"1980-01-01",13.3259048412466,9.51423962609836,10.8115185084027,9.97596322184997
"1980-02-01",13.7968191387536,12.640114004676,10.3711643266538,10.2644380703295
"1980-03-01",15.7797667889238,11.7092057654267,9.86777731201687,9.40109595601077
"1980-04-01",6.43723353052712,6.33622141746382,7.58538698607287,6.22307350774138
"1980-05-01",9.74331729927913,10.1164217032032,9.61496557678634,9.00563524451581
"1980-06-01",7.84636064182518,8.2639298547525,9.72684240737698,8.7326887001832
"1980-07-01",9.7365659374981,8.75536568290567,7.10356532575636,6.63615126766852
"1980-08-01",10.4640079431262,9.03314811480704,8.79526585168689,8.63099094415003
"1980-09-01",11.6826019489124,11.9171891359491,10.2730910493834,9.63249507419515
"1980-10-01",10.0431050174505,10.3305335952796,9.32936619583413,8.75573055318408
"1980-11-01",10.2217048663062,9.87265253479999,9.20695552331099,8.50210559250866
"1980-12-01",8.07433302169414,7.45246604823793,9.07312726658498,8.25782437651241
"1981-01-01",12.1494072545798,10.9273898284384,9.66619424821273,9.31598235792519
"1981-02-01",12.8422405073849,9.12089400168878,9.7448920192895,10.0306439308333
"1981-03-01",8.70035563539453,6.87207262840153,8.46167175670238,7.18725842082115
"1981-04-01",5.36300450309097,7.94343496062371,8.10372827150898,7.42413987790189
"1981-05-01",5.51953209460481,8.58985483220096,6.75524381438264,6.75994908956963
"1981-06-01",4.89689133643723,6.15027618200654,6.52159331937234,5.81113081006774
"1981-07-01",7.48737746238084,7.48288249135789,8.34432302450776,6.96837130414583
"1981-08-01",7.7730858890324,8.33844902092882,7.64880326155171,7.77158682853407
"1981-09-01",7.5130298660359,8.15701382747471,8.53086416920199,7.37510767505385
"1981-10-01",5.57527743097099,7.39686645253241,6.54167467644287,6.38023578844686
"1981-11-01",6.6338157808506,7.23014584070996,6.45639873477892,6.22892083931001
"1981-12-01",3.76334761269741,4.53381450897392,5.96749293784002,5.01878362140538
"1982-01-01",7.36706201237656,7.61089930674261,6.11173382462888,5.56757206900507
"1982-02-01",3.67247056402813,4.72226181547055,4.36752998262597,4.83933888309345
"1982-03-01",3.12680473249758,5.3752969285604,6.30823915395828,5.23661465121346
"1982-04-01",0.600312015453541,4.85685609378648,3.65383084022493,3.46955312842132
"1982-05-01",7.36343151088992,6.73159504887573,6.27960481561076,6.0633096379116
"1982-06-01",9.06218246287065,6.19846723763078,6.37352878480719,5.40927366443764
"1982-07-01",7.35002432874137,8.06286249463799,7.6400626086365,7.29703051064889
"1982-08-01",3.77293517077286,5.66688074058057,4.96351156146668,4.3812796052429
"1982-09-01",3.37650593552139,4.5345389938968,4.87480479326485,3.24662194294811
"1982-10-01",6.95050194309836,7.88273802482831,6.1809427742459,5.57499563257842
"1982-11-01",3.67469477517883,4.51634735616806,3.56036600455985,2.90479222571403
"1982-12-01",1.83000643274225,3.88895908788365,3.84881989839896,2.86889281042824
"1983-01-01",5.73952473109935,8.52005417264825,5.8877415798271,5.8507938215385
"1983-02-01",2.05811184402582,4.53641267457334,4.1128554587883,4.00020397044765
"1983-03-01",1.55057769214342,1.53958866438393,2.35834237667925,2.38716501662617
"1983-04-01",5.61254875261465,3.69403973145801,6.06518977288952,4.94896210191851
"1983-05-01",3.4521442626652,1.74606506145176,2.86592319406376,3.22820169009612
"1983-06-01",4.5686444173866,5.75502284749727,3.73307654990638,3.3137524804687
"1983-07-01",6.99341713324069,8.39334864971355,4.67776136680693,3.91565233397828
"1983-08-01",5.24817771890751,6.37175320347592,3.57912178922752,3.31734336256135
"1983-09-01",4.2932053180819,4.95551574684006,4.74570681396842,4.09400223506009
"1983-10-01",2.05362463349477,2.15196619634057,2.93240076635772,2.78486946684107
"1983-11-01",1.71437231091649,2.82966700415457,5.18982261257279,4.21279079344601
"1983-12-01",0.661168651664834,0.898630020415792,2.99009463177526,2.57617480523593
"1984-01-01",5.34652321134281,4.05957825777152,4.75405926584422,5.03877012066343
"1984-02-01",8.37887042786678,7.83129139671754,5.12224597524307,4.67295858098327
"1984-03-01",4.00624122299846,4.65155074244183,4.68267894625767,4.21378546821563
"1984-04-01",4.66809038325082,5.79578500283968,5.49544537315232,4.74703382597934
"1984-05-01",1.52852136566857,2.82116324385373,2.69752980825424,2.32683945679424
"1984-06-01",2.15837161824528,2.86591870757829,4.42845070989371,3.5905469010141
"1984-07-01",4.37726639190061,5.29433154477414,5.62173879623917,5.01838340082745
"1984-08-01",3.74607624674419,4.02661337993604,4.29187757507923,4.21086665090387
"1984-09-01",1.63869758458206,1.84975541275127,5.04249515281365,3.9245297054753
"1984-10-01",2.86725075711367,2.731292400094,3.77794122705095,3.56369010929192
"1984-11-01",1.70736927718209,2.57333275907272,3.22415679837031,2.21503152553437
"1984-12-01",3.43649527309167,4.86088990718823,5.69104280539585,3.91900434726959
"1985-01-01",6.15732122861201,6.93638011119118,3.76856380790158,3.28061153868537
"1985-02-01",5.71557653298769,6.40459200608858,5.71907851364915,5.69002385362607
"1985-03-01",4.80029371267636,4.28255771370896,4.27964202646687,4.13326393798763
"1985-04-01",1.75060944130918,1.43699927427798,2.57220820666177,2.52874808116212
"1985-05-01",2.87949282895907,4.21195184627376,4.19398390302186,3.17761199197191
"1985-06-01",3.31738282547962,4.04725884021675,4.73703557762006,4.18821661927562
"1985-07-01",2.98772749167653,3.56169417270893,2.32008344366132,2.56251195379269
"1985-08-01",4.04126220868064,6.0497569858889,4.16479786925834,3.89295951362725
"1985-09-01",2.04416158344976,2.50549302713021,3.49601037480887,3.47044872911382
"1985-10-01",2.01645711809528,1.94244420076486,3.32156308247056,2.93187445994987
"1985-11-01",3.54718399953133,2.98276376417503,3.27912258153227,3.76301683064209
"1985-12-01",4.10035548823431,3.31634633971067,4.67701395609412,4.00120314502419
"1986-01-01",5.66405361010092,6.66429477826436,4.8015063178102,4.67081947908252
"1986-02-01",0,3.14416359628698,3.23713378040962,2.86987428796821
"1986-03-01",-2.59946586357747,3.71571215217545,2.83491934272049,1.97198960617411
"1986-04-01",-2.42111344955701,2.19341761740257,4.34477164861471,3.20800031701591
"1986-05-01",2.21610941824582,2.07059672149024,2.51596987231155,2.30480591956188
"1986-06-01",4.56690281821228,3.66697241140785,4.52379625609696,4.11834073645316
"1986-07-01",0.305406043071832,2.20269333153664,3.09017744547593,2.92691910079612
"1986-08-01",1.51142562780922,2.48250433380968,3.48640841743619,3.05911442577309
"1986-09-01",4.00711146523312,4.02422382388212,4.14311901089719,3.87138478306177
"1986-10-01",2.16930136899827,4.15414506920933,5.38032634544179,3.8710202756491
"1986-11-01",2.16538703704225,2.57813242208924,3.38489978388237,3.14822604652145
"1986-12-01",1.66436599227289,1.56889734196677,3.80554805084847,3.2121668966522
"1987-01-01",5.79398095992489,2.92102778129935,4.9259653862552,4.98424395001087
"1987-02-01",4.29071622942965,2.46960632875699,4.02839109235542,3.26440398092127
"1987-03-01",3.22672714975778,3.61163388957775,4.55606549302079,4.1584280123399
"1987-04-01",4.57476557932441,5.20725461784568,6.20157139389264,5.01442666873171
"1987-05-01",3.088144649387,3.4219782287193,3.75947162462231,3.42373648763663
"1987-06-01",4.64081633034303,3.34250571009054,3.73540038067377,3.30743901500379
"1987-07-01",2.81141840324819,3.14797492645969,3.50991534444758,2.71042727098545
"1987-08-01",4.8488760182273,4.13637191723126,6.12734035467148,4.60260508935466
"1987-09-01",4.12326155557619,4.86694433522015,3.54158165842942,3.54182487720194
"1987-10-01",3.87556299604019,5.24329338053151,4.36653063271466,4.0088638027231
"1987-11-01",2.29255526977401,2.53442270591306,3.43710947159994,3.05975429051888
"1987-12-01",2.24241146731232,2.55172215410293,2.92084722488304,2.11854149433874
"1988-01-01",4.75559045174432,5.82436842276484,5.61325819008225,4.68894576576324
"1988-02-01",1.79810920503343,2.48922379801615,3.9068964551259,3.01702849754664
"1988-03-01",4.19675185882582,5.25420598978459,4.34925432888842,3.87238295620105
"1988-04-01",5.99297020996981,5.98890581771658,4.56014703955308,4.50317926513799
"1988-05-01",3.54442444099856,4.16292889350827,3.38096973142683,3.20953956801462
"1988-06-01",5.2281945064145,5.18734371227323,4.90400192761282,4.61791003747283
"1988-07-01",5.98892685408496,5.00702959152373,5.38915928012247,5.03674205115892
"1988-08-01",3.61410743135804,3.026804861385,4.39339738483917,4.09613881892719
"1988-09-01",6.00993206910687,6.62055609091268,5.16859738702766,5.42844326613119
"1988-10-01",3.98857565243549,4.65726370845692,3.76449961156708,3.49091527716316
"1988-11-01",2.81869350209292,3.3409037546259,3.80257983350674,3.59847893048952
"1988-12-01",3.80997836135319,4.05395068614318,3.5092202938878,3.74496507561408
"1989-01-01",6.33472458393083,6.24984886639739,5.46353720618846,5.40356264164128
"1989-02-01",4.06566665038632,3.08735740222543,3.99569691522155,4.14295003366392
"1989-03-01",4.56056595479206,3.64071388787146,4.03640484989078,3.89415341654031
"1989-04-01",8.29052531037757,4.1053485714962,4.70711988015182,4.4885064294385
"1989-05-01",4.4687912446395,3.63885718788939,4.98933849828067,4.20960304464568
"1989-06-01",2.6542682005378,3.24262407298632,3.29369752112791,3.2814463005886
"1989-07-01",2.90601084987303,3.12740193220531,4.70700957525898,3.98704994777015
"1989-08-01",0.146289191376781,1.68481354357635,4.20079947055809,3.14829029496553
"1989-09-01",2.70587394798609,4.24411820302475,4.10611618960379,3.57341575929095
"1989-10-01",4.79004063841582,4.4427251728073,6.05870368640242,5.23737537223796
"1989-11-01",2.64662937209996,3.23999092529816,3.96412368528178,3.40077915704167
"1989-12-01",3.53518020556198,3.46268613029095,4.30269804255834,4.02694911942378
"1990-01-01",9.47381826775415,4.71967034237271,4.58697869677751,4.09991409003334
"1990-02-01",5.41755824296117,5.97719037800264,4.49098792184643,3.75793366465331
"1990-03-01",4.62500264160028,5.92629934682278,6.30521627361955,5.69729052763319
"1990-04-01",2.54994933553299,3.63380814417347,4.27343668322808,3.96175420127818
"1990-05-01",2.73151753664547,3.72631925771043,3.00560411589699,3.08147119838371
"1990-06-01",5.43354601697486,4.77235842820329,5.61389075332936,4.98006969935196
"1990-07-01",3.00266467685584,3.06464194982918,4.6449700550641,4.20020259990057
"1990-08-01",8.27847176824879,5.11437307186287,5.27740934435033,5.2752752272295
"1990-09-01",7.62220642031901,4.26875718452688,4.22222174648512,3.46554842815234
"1990-10-01",7.087074839612,4.15142602790626,3.98752134185563,3.83655779727055
"1990-11-01",1.53008856769228,1.46134192463983,3.03047892569865,1.89823823197151
"1990-12-01",1.12917617678689,1.67818624183158,3.81711347186371,3.49751620561529
"1991-01-01",4.66491813137804,6.1542435203988,3.82470858892852,4.11394465115202
"1991-02-01",0.609769219416667,3.36037116390573,2.22498618082358,2.61441839353627
"1991-03-01",0.25516657978768,2.53352231847306,2.29558432761823,2.08044593971874
"1991-04-01",2.19755214794612,2.42911191105939,3.19826531324794,2.9495898767123
"1991-05-01",5.0844481371783,4.88197036499594,4.27254368092662,4.06686122376176
"1991-06-01",2.0453620970621,2.6312377817624,2.20700286980193,2.26842213986371
"1991-07-01",1.90325711077886,3.71312047845196,2.78512345925614,2.60526257653464
"1991-08-01",2.83283357673108,3.3456731518624,2.52416101218806,2.90988047586316
"1991-09-01",4.20614628316076,4.90270843973419,3.1337538149776,3.25869736744648
"1991-10-01",2.26309898220842,2.67761911838884,3.48097338138007,3.00011122530632
"1991-11-01",2.67273229804943,2.2638749918547,3.74824952107837,3.56676601327772
"1991-12-01",3.04174394564436,2.99718654231218,3.90983652337764,3.87915958689193
"1992-01-01",1.64285928782646,3.32042527690539,2.91900670491532,2.65285434797795
"1992-02-01",3.08896293609358,3.311263747153,3.08075721758236,2.81660678880786
"1992-03-01",2.94357918946202,3.03125553087853,3.30420437731376,3.13225538781603
"1992-04-01",3.28928998269722,4.01106537525178,2.46477063290051,2.15224955179742
"1992-05-01",1.60872461769315,1.69572684948316,2.43903452291285,2.61496069303746
"1992-06-01",2.1473297304706,0.937522510256317,1.88084586894752,2.22706686166423
"1992-07-01",4.03385948630675,4.62876109000521,2.82465020084464,2.6880462473309
"1992-08-01",1.61756217194367,1.10208031051271,2.44905173573089,2.12734307525164
"1992-09-01",1.97972606232097,1.96722750988312,2.58154836670181,1.62825479481585
"1992-10-01",4.32104038435714,4.71502413389926,4.05043363747886,3.38872732667308
"1992-11-01",2.39059108862805,2.65413558084571,4.01277464591128,3.18686788262605
"1992-12-01",2.11819225039607,2.25262344455839,3.0603778313961,2.55073285693705
"1993-01-01",2.95629453305426,3.5512036175809,3.2086257381678,2.65069275935117
"1993-02-01",1.82444450257024,2.31669738417251,3.00411659046182,2.72385145459717
"1993-03-01",2.48641343874065,2.64920239008053,2.76923794415829,2.32679218239678
"1993-04-01",3.24423969693011,3.54490874816373,3.57755603003989,3.16110434585868
"1993-05-01",3.77119221111597,4.13770848834114,3.26137279782774,3.23249239210066
"1993-06-01",0.407331417406542,1.1494914366434,2.26623650706141,1.84838505262079
"1993-07-01",1.93834019597494,2.51272885717253,2.29775793653615,2.35696310658566
"1993-08-01",2.066694180446,2.26709138461147,2.33609774078705,1.96133982997357
"1993-09-01",1.25932057186735,1.82122292121838,1.62067411472218,1.97246683654588
"1993-10-01",3.83666629961832,1.98360264034889,2.73575327677591,2.73916059676738
"1993-11-01",2.29757992094541,3.14125211774776,2.64825012107641,2.38064192123235
"1993-12-01",0.274874035241712,0.540101319182562,3.0156009594472,2.14076886252461
"1994-01-01",0.403293022379825,0.955557551067154,3.02734632536583,2.18660099402364
"1994-02-01",2.81602327872346,2.63204704316087,3.29970393828489,2.73792338643002
"1994-03-01",3.35358925611731,4.157914208002,3.27834547498431,2.89497667078005
"1994-04-01",1.42880915136034,1.81651121713624,2.2624711475923,1.96583119176426
"1994-05-01",1.75908311102237,2.70453110127891,3.73288763526909,2.79549601159685
"1994-06-01",2.96181981653343,2.69844975780682,2.38887676279653,2.44926698607355
"1994-07-01",3.8507398021806,2.5471405306309,2.37448236822908,2.49172507838034
"1994-08-01",2.79691767368737,1.35309536310302,2.3389544802189,1.75059479415809
"1994-09-01",1.34082304263452,1.83575187399307,2.05561423244101,1.68783861389508
"1994-10-01",2.0517855201569,2.86048514919561,2.59218128248861,2.14707304482034
"1994-11-01",2.304712874947,2.22313685784532,3.09158519151054,2.54066484509614
"1994-12-01",0.773476020111241,0.404955764686399,1.92119620899773,1.68863735845857
"1995-01-01",2.46353430386708,3.0278277123563,4.15201447399034,3.43260629718236
"1995-02-01",2.14817562871934,1.98051371296468,2.26067512338943,1.88078818694608
"1995-03-01",2.23535116301428,2.97925614351675,3.27536903180343,2.38401018885557
"1995-04-01",3.19869718517052,2.82854459611785,2.81902648245433,2.58581356795846
"1995-05-01",1.86332881254399,2.05642378508786,2.22040124221552,2.13482502407754
"1995-06-01",1.17701666434875,1.0479949492973,1.96186734526069,1.7278586447568
"1995-07-01",1.5167112441496,1.9096410542685,2.16080139425952,2.01700360430761
"1995-08-01",2.61481834653028,2.91685472670975,2.45788242474747,2.35353247555596
"1995-09-01",0.833211610592843,1.58564390147604,2.5309691882744,1.99912855312232
"1995-10-01",3.15071415705588,2.9591413455291,3.34094162608061,3.18911480462503
"1995-11-01",-0.035199905772787,0.778324005458542,2.5840110442223,2.19659026457539
"1995-12-01",2.33056354484631,1.7010285646325,2.318863914222,2.28602111882676
"1996-01-01",2.70350281937626,1.36724395733565,2.55092994970949,2.53950208508349
"1996-02-01",1.90981350887747,1.57462348638862,2.03171315621768,1.97772184410061
"1996-03-01",3.68387836756368,2.81520987031836,2.6851306804019,2.47798012908198
"1996-04-01",3.65456968305133,1.63837751311882,2.09109959852822,1.99459549335879
"1996-05-01",2.09013503868885,2.1056106259967,2.79108349270514,2.45501839106228
"1996-06-01",-0.0173667643115105,0.925416909971122,2.2884356492537,2.1727709515166
"1996-07-01",2.56546652440719,2.27422999140823,3.07021624757684,2.38778913340321
"1996-08-01",1.14991344032398,1.04317893401045,2.62420228600415,2.30088111519788
"1996-09-01",3.44708336218296,3.70046297973849,2.70467572642041,2.54873045211266
"1996-10-01",3.68682202243098,2.88574072126577,2.96414227809898,2.81230178546679
"1996-11-01",2.15559620256873,1.58437315700672,2.87200197097806,2.67305423012383
"1996-12-01",1.40080608995843,0.457029222030703,2.46517633509638,2.0218032977126
"1997-01-01",1.57314904148522,1.29085280193573,2.85549588403133,2.19146119052998
"1997-02-01",2.53158613494315,2.49059747037337,2.24457636042141,1.96493544398491
"1997-03-01",1.2732108319683,2.89938185447387,2.63689591401575,1.98744209547135
"1997-04-01",1.18545994704571,2.37646400070042,2.46797050555236,2.15440200490968
"1997-05-01",-0.544911386189395,0.874997985833725,1.76579883224386,1.56334657919581
"1997-06-01",1.54797934232314,1.78976287790507,2.5654344045928,2.05283653895299
"1997-07-01",0.7187545143714,0.822505328220258,2.50122520378804,1.31515618107803
"1997-08-01",0.958814758852178,-0.483557384304345,1.93192334278551,1.50480102123061
"1997-09-01",2.93441232449976,2.51965194725279,2.55456513014471,2.39090316639068
"1997-10-01",1.5745464904942,1.83374425276914,2.29986764740502,0.946607315904657
"1997-11-01",0.0679021052044648,0.367099640021284,2.1712195038845,1.64403601388208
"1997-12-01",-0.254242538460303,0.70168314648309,1.82969349838527,1.21924153008288
"1998-01-01",0.595671118233065,1.84623135303295,2.25352151658951,1.30152615830017
"1998-02-01",-0.625883402254035,1.03520771933594,2.34089552651564,1.34194226437045
"1998-03-01",0.186866881220848,1.28602188554128,2.96324965250374,2.38935550079018
"1998-04-01",1.50368864499926,2.22841502941165,2.3805392561661,1.84331051483555
"1998-05-01",1.65656025854723,1.16508400988515,2.90081158814124,2.32901085218795
"1998-06-01",-1.01087241899187,-1.49478752390284,1.56492576162959,1.23861898337121
"1998-07-01",3.00525293934735,3.4311743988698,2.40602590162986,1.92285449226071
"1998-08-01",1.66873341301994,2.3703768486713,3.23922934718555,2.02942154771224
"1998-09-01",-0.689715290062021,-0.197603986967076,3.25049809645697,1.88823187121283
"1998-10-01",2.66617003769483,2.36609822353364,2.296782948353,1.98005355185691
"1998-11-01",0.0505571812104533,0.214093008200744,2.47027535575672,1.83236399331326
"1998-12-01",1.21980718013925,2.09245579157351,2.39217954941031,1.56916240413734
"1999-01-01",1.69612098041367,1.72124250060701,2.54695454026344,1.75664847893433
"1999-02-01",-0.670220069944594,-0.409178686515799,1.71468177664131,0.806927648013489
"1999-03-01",0.911886352709379,0.361475087013985,2.06944382957175,1.45294268593277
"1999-04-01",5.95389502076507,3.12687337806146,2.53214499169319,2.43583800794325
"1999-05-01",0.788823691637952,1.15098772760176,2.52681338547163,1.85676580129497
"1999-06-01",0.368287744957096,0.639163107101903,1.88088335476029,1.44974383715668
"1999-07-01",3.23813222546432,2.17729494388814,2.51754697799285,2.36118490198336
"1999-08-01",2.20478908422399,0.588490035872979,2.51223645474723,1.57000785901538
"1999-09-01",4.39389178211753,3.22422212348046,2.50698826548466,2.30643451174692
"1999-10-01",2.04074669959988,2.06708285250903,1.89497150240698,1.91951687577574
"1999-11-01",1.08074863494987,1.15802861008436,3.02287921548192,2.32271306488281
"1999-12-01",2.82966809075451,1.53430933259551,2.10417093654354,1.82030689608383
"2000-01-01",3.31471310220268,2.91986419275263,3.84044563238073,3.33423818759797
"2000-02-01",3.84912402668605,1.77456019843123,2.5984645446345,2.2941404886679
"2000-03-01",5.27140326411069,2.49533671098219,2.9853311775943,2.76931006208987
"2000-04-01",-0.991317796330027,0.791398163337265,2.46322919195288,1.72734569520072
"2000-05-01",1.00124329934086,1.29418388335973,2.48535515351782,2.27798200150306
"2000-06-01",4.14162848214394,0.919552367881904,2.96036943336404,2.07459340400711
"2000-07-01",3.05188103590803,2.77980392877044,3.19344596790856,2.89966660875409
"2000-08-01",-0.0811177989109124,1.54841904661673,2.16426640091833,1.86849217077141
"2000-09-01",5.28522607037007,2.95034444201925,3.2231209942654,3.07485185509893
"2000-10-01",1.64454634164155,1.6883913999268,2.54045499735294,2.51815527174033
"2000-11-01",1.69145267664084,2.14000409328516,3.03615284840659,2.50561911818628
"2000-12-01",1.85285316366444,1.18344986049654,2.61317593653079,2.32675902699719
"2001-01-01",5.9664265160287,4.5578693127603,3.63695169367164,3.337320309417
"2001-02-01",1.87358324697229,2.14223421251709,3.62596330627292,2.67949097856057
"2001-03-01",0.111985803514569,1.25568769955289,3.0411016147212,2.50081724870936
"2001-04-01",2.13098669363325,1.92711488081874,3.20002136908291,3.03426190622444
"2001-05-01",3.20629576938474,0.284094456124495,3.04586522828973,2.21469018317964
"2001-06-01",2.1377969892429,2.71213417564349,3.35232528333762,3.09473637955553
"2001-07-01",-0.39653377329657,3.14192272596725,3.54138074299903,2.27417224756368
"2001-08-01",-0.142965855934507,0.59759213743753,3.80341471076662,2.43635733623471
"2001-09-01",-4.00998884269353,-6.60968347055072,2.92544926371394,1.9669593020182
"2001-10-01",4.31007583207692,8.78510725510442,3.10729613530807,2.20409504235641
"2001-11-01",-0.80767650896052,2.46966417940415,2.92200618325746,2.31113436978154
"2001-12-01",-1.2336735704954,0.28157612138684,2.23882262213213,1.42170791192948
"2002-01-01",1.08814899179306,0.673701479141875,2.92636370314165,1.74984514627856
"2002-02-01",2.03920393882568,2.31904340524165,3.25812834296462,2.32314183629838
"2002-03-01",3.30480281387686,1.44288623395501,3.59616803239602,2.32666104110633
"2002-04-01",5.13809146584396,3.39765911552961,2.4155488158413,2.32625992269231
"2002-05-01",0.791500430890668,1.34282088035271,2.42973790679819,1.79037282814052
"2002-06-01",1.50775877186204,1.92345716626103,2.56670674623314,1.92978533695047
"2002-07-01",2.67709858671468,2.4729736030549,3.00644947088815,2.54928498795377
"2002-08-01",2.38185010097403,2.38894256888376,2.25268480113425,2.04702760426818
"2002-09-01",2.18507240843562,1.97539909948159,3.01341781955349,2.66131720901763
"2002-10-01",2.2130292766342,1.02049144954337,2.81285437750654,2.29039938635742
"2002-11-01",1.19365641440556,1.1749415639126,2.80627675554208,2.07955560510023
"2002-12-01",1.16092319653969,1.12721999729637,2.7824427511574,1.92725469632595
"2003-01-01",3.64528822400239,0.816474001254819,3.36388087968422,1.89303818805633
"2003-02-01",5.17037243889333,1.66907550793747,1.78718883070295,1.78529199849076
"2003-03-01",3.12411777490544,1.94701310026961,2.68539349193229,2.21852800078173
"2003-04-01",-2.01902591158013,1.3385190475864,0.733292559728027,0.773574886404482
"2003-05-01",-1.3677627530671,1.73976780324843,1.66769315842716,1.65711142570988
"2003-06-01",1.30835883460549,0.673192098198316,1.54913875597229,1.11801070307549
"2003-07-01",3.58387387385586,3.0448078386683,2.99407553960238,2.89120327739092
"2003-08-01",4.13196769967021,1.36178120722523,2.34322227823551,2.17445963141263
"2003-09-01",3.81517896139814,1.68365577724461,2.48811078826765,1.85633764121615
"2003-10-01",0.153319334433499,2.23714195660916,3.1621743434266,2.21202111696399
"2003-11-01",1.5271887797482,1.6474348882606,2.58673449663622,1.90242183426714
"2003-12-01",2.67922677717329,1.50713662219251,1.54413145753844,1.54180983098595
"2004-01-01",4.74092662484615,3.12439245799807,2.35705020234882,2.67203597356951
"2004-02-01",2.58497138985574,1.96038733396897,2.60412293848615,2.59748297778595
"2004-03-01",1.86715066806915,2.03375221416731,2.72850599687551,2.20776613804348
"2004-04-01",2.25017943015384,3.1676557424875,3.81995474913828,3.25166326012778
"2004-05-01",3.97244027098425,1.65956744865123,2.67723005704585,2.63199126515274
"2004-06-01",3.4761213237037,1.91563433036792,2.70882773956358,2.50281536374284
"2004-07-01",1.1180384583408,1.42753678254872,2.52506189813035,2.12898748308856
"2004-08-01",0.617471811967651,0.463241752734445,2.44884252409601,1.75806356798489
"2004-09-01",2.39755032873834,2.27415712381092,1.79740872329341,1.78400717643556
"2004-10-01",5.27677733992618,2.63494627024725,2.02806194071523,2.30675428675959
"2004-11-01",4.72337723347791,2.61397132001153,2.02897392683545,2.32953626782841
"2004-12-01",0.640820466657632,1.55157128068111,2.13629770058095,1.86519915071632
"2005-01-01",1.58564629075739,4.40668776922779,3.40861884779882,3.47915776720118
"2005-02-01",3.38868409983488,2.00840142050269,3.2139788594693,2.84254596553073
"2005-03-01",3.65394485855628,2.9986425047299,2.12116463318284,2.14358276422686
"2005-04-01",3.41451109574642,1.38879847264748,2.00508965445783,2.15812893138889
"2005-05-01",0.678546900865795,2.49162334170792,2.65374796545157,2.16642606531894
"2005-06-01",0.752130303113074,0.837353076948122,1.57464456991092,1.74968296874369
"2005-07-01",5.20206723451575,1.76908328563816,2.93865124328399,2.72638820749918
"2005-08-01",4.95006439268422,0.98278715886746,2.10258229150666,1.851211741971
"2005-09-01",12.2158173563274,2.6881060629159,3.28551274832489,3.3091817417541
"2005-10-01",1.93588221303733,3.50550192422956,3.20599295119659,2.9501554730518
"2005-11-01",-2.47785784144093,3.10644697205229,3.15909387218916,2.716558174394
"2005-12-01",0,1.25241102853713,1.80954306904397,1.55807849363481
"2006-01-01",5.97496419932093,2.72391230587949,3.66308759352765,2.9853035679904
"2006-02-01",0.720639727444317,1.9512059824019,2.3874170151033,2.05256038527768
"2006-03-01",2.35075777768032,3.3649689563799,3.63924319634774,2.91246700657841
"2006-04-01",5.71862727133343,3.72644645319302,3.84360306756184,3.0843693116964
"2006-05-01",3.27144194411886,3.05028371163827,4.31094652452519,3.83936912679812
"2006-06-01",2.99916716245319,3.07193063889271,3.97940359091424,3.67746640166433
"2006-07-01",4.17875385485829,1.17512249445586,3.35007331314954,3.05172801967177
"2006-08-01",3.84174987153567,2.47701264807487,3.36930853566426,2.81314493868665
"2006-09-01",-3.09871166275066,1.90655960009845,2.85614834056629,2.28578892734659
"2006-10-01",-2.79045039951098,2.19263687327191,3.51615542865542,2.27014640888858
"2006-11-01",0.411626712065405,0.568005493181212,2.42177224201439,1.12565053175413
"2006-12-01",4.34718667938618,1.62584570246131,3.52008182173249,2.86486603611433
"2007-01-01",4.08235214650441,4.97321958197736,3.78307594622143,3.34701322694368
"2007-02-01",3.79165936501302,2.6218068906692,3.37615967992115,3.4049799066574
"2007-03-01",4.47819297248655,1.21503204565254,2.81660633324794,2.12926118933321
"2007-04-01",2.85887306509658,1.72590478963501,1.93281861320553,2.07063134710097
"2007-05-01",3.54067368961961,1.42484441230823,1.9036574789224,1.9688957579826
"2007-06-01",2.57311233607078,2.00615028862547,2.23204623113094,2.4075920345954
"2007-07-01",1.84603770994671,1.81792969273171,2.27352940179379,2.0524261327818
"2007-08-01",0.820042596181114,1.80099331366219,2.54787520789677,2.10520188878136
"2007-09-01",4.72094261301133,3.32425131181058,3.31270754921529,3.22854299474111
"2007-10-01",3.70043632118797,3.17197469907831,3.35585316087093,3.22768249664294
"2007-11-01",6.55183451642039,2.38192611351091,3.95129140371058,3.43432114979465
"2007-12-01",2.8106582818636,2.43376059726468,3.20910514546044,2.51764185285359
"2008-01-01",3.07019734548293,2.41472285483877,2.7321009761166,2.55225248172068
"2008-02-01",2.42084732867587,1.17746895030424,2.25620404391644,1.99166831699182
"2008-03-01",3.48969055377324,2.37936511321011,2.90961969740655,2.48920520821099
"2008-04-01",2.24307725063133,0.702891983394083,2.56692144497965,2.41963887293144
"2008-05-01",5.27196162317987,2.20504251635327,1.43323107836617,2.26688652024734
"2008-06-01",9.06191787121895,2.78976187432909,2.67999202259142,3.12099186935075
"2008-07-01",5.72922396815196,2.18195912502124,3.21503473538327,3.38728879570003
"2008-08-01",-0.966383916615576,1.48410122216414,1.78253682512268,1.66291158020555
"2008-09-01",1.00267108166201,1.23383313036092,2.78452257911901,2.13816399481781
"2008-10-01",-7.64330760304128,-1.68908239296248,1.73177962025233,1.82598352544769
"2008-11-01",-13.2776093422983,-0.530577919542174,3.1725674113553,2.33485031148433
"2008-12-01",-6.50256639150646,-0.585108640940757,0.808270846192061,0.826677717437585
"2009-01-01",0.13629701573632,-0.367940988946425,3.07581755297663,3.00346432732861
"2009-02-01",2.17325587010053,0.960025628107752,2.15620933696767,1.94454836658902
"2009-03-01",-1.31079943002441,0.86295422208249,2.0714236292426,1.75719625095712
"2009-04-01",1.72843172843091,2.70524569597854,1.75722643466245,1.52764998252239
"2009-05-01",1.25754438724528,0.928986872447823,2.01591674772259,1.52292426855769
"2009-06-01",7.36527270202119,1.54689941386124,1.79089986685488,1.51413925974351
"2009-07-01",0.135048428262019,1.03666075320805,0.307055054006522,0.222744512355
"2009-08-01",3.5378042770726,1.79145687304583,1.10110582495746,1.51436543034553
"2009-09-01",1.95495528265899,2.13347263956447,0.760356279593344,0.635614650935312
"2009-10-01",4.65048208976861,4.51185759934591,3.65754745812539,2.02031442722985
"2009-11-01",3.03942912223818,1.05579214580447,2.15778563811717,0.877087002735677
"2009-12-01",0.696418013422218,1.02768933507258,0.604416186053869,0.753503173546677
"2010-01-01",2.66034556551948,1.78958127971276,0.855376022028631,0.770949949264943
"2010-02-01",-0.026623181979557,1.0523971104075,0.5690869762218,0.552046619426649
"2010-03-01",1.70398073433085,1.79898171754429,0.671059214179115,0.703503814016182
"2010-04-01",0.653392741945669,0.617959229058851,0.977227184086282,0.852241489284578
"2010-05-01",0.386020678412868,1.33360570573304,0.702627822192148,0.745083679683267
"2010-06-01",-0.503599240788088,0.57661526394237,1.03744924738407,0.784182872473593
"2010-07-01",1.02805703279294,0.0267391593409938,0.523582820518254,0.757334840586488
"2010-08-01",1.65889938345924,1.15569416187944,1.97284921621546,1.45021438473147
"2010-09-01",1.19989246272452,0.683227530038955,1.47735558043494,1.24962845158751
"2010-10-01",3.89603960802909,1.84397987886944,0.971892819751785,0.742042688462718
"2010-11-01",2.41629217880905,1.57044677815525,1.29056703190331,1.40765655374395
"2010-12-01",2.74866564990635,0.253177073261712,1.11284355875867,1.10139066997661
"2011-01-01",3.66266141511142,2.59867279134618,2.41617222326893,2.18461908923617
"2011-02-01",3.39441984396835,2.11828690811271,1.90920833981565,2.45108973663728
"2011-03-01",4.93177380547598,1.83116382751911,2.27002705998669,2.29939732049154
"2011-04-01",5.21129373779203,2.78793343880708,2.34007270607288,2.37865233815147
"2011-05-01",3.70461311036605,2.88985405633595,2.46087380532951,2.32268243318439
"2011-06-01",-0.245312839998391,1.32534726937066,1.85527933608998,1.45165986271196
"2011-07-01",2.06191840298386,1.79102735425158,2.09519555506721,1.7191233734146
"2011-08-01",2.86341136363446,2.41781965392318,2.5786715965594,2.52066014945989
"2011-09-01",1.69986939868607,0.81608028804312,2.01973308635734,1.88851438576279
"2011-10-01",0.0257190619705749,0.578134355034776,2.27209336534768,1.83353997920002
"2011-11-01",2.48366025568967,2.57090160483424,1.824562621763,2.0638322055031
"2011-12-01",0.69510466082825,2.00494649326237,2.27878283789695,2.07086897170325
"2012-01-01",4.18177577986321,3.64813071492007,2.27446384470575,2.49899471953712
"2012-02-01",2.71713959958686,1.69129222216056,1.63093406549475,1.60501343381585
"2012-03-01",2.31963498428711,2.05893364331078,2.3186545835477,2.06376857596382
"2012-04-01",1.58967663810092,1.83099237316555,2.28733623976056,1.880409774685
"2012-05-01",-1.33905422412234,1.22415577394801,1.50896636421136,1.70675248525132
"2012-06-01",-0.609096531699405,1.23599130051955,1.25445572520519,1.0091422729019
"2012-07-01",0.433732729005532,1.24779061183486,1.91327246750852,1.35120573552505
"2012-08-01",4.10989190883058,0.764397671781558,2.41955596682963,1.87039149307244
"2012-09-01",3.71487349623663,1.48084539242881,2.18528673734082,1.85273240424646
"2012-10-01",3.61192574084752,2.95159487870671,2.11225634754768,1.55792639977639
"2012-11-01",-0.816480092194816,1.29315534255392,1.70762062946888,1.09252565026057
"2012-12-01",-0.189092457507412,0.889690164707013,1.8676939279225,1.18019435308228
"2013-01-01",2.30811897389118,2.4524474081814,2.05999049289971,2.08046001522308
"2013-02-01",4.35430197462325,1.31410386532274,2.44720902219475,2.14903067181407
"2013-03-01",-1.56994706044181,1.10571895583409,1.94111955895446,1.3921662157657
"2013-04-01",-1.21221368000474,0.589502570752853,1.60369513441272,0.104973737158365
"2013-05-01",0.884148990435363,1.41428267237245,2.18291944015958,1.46026343857102
"2013-06-01",2.69775577961573,2.08674767929915,2.44241946392023,2.27430016183174
"2013-07-01",1.50283735158538,1.53927030798744,1.88247323974937,1.77421268622162
"2013-08-01",1.79342923093775,1.30533108602411,2.00789859830248,1.70281612192391
"2013-09-01",0.526628053780032,1.43258256779446,2.15285804735246,1.76164236762475
"2013-10-01",1.59950459367011,2.04983175149964,2.28909121506173,1.82370283211839
"2013-11-01",1.80027003253438,2.00761703021148,2.38176878798719,1.99520875315393
"2013-12-01",2.1148592772448,1.28518102462849,1.76781745884282,1.61253921506415
"2014-01-01",2.51786269401788,1.30937986577595,2.12184671913316,1.67646136472024
"2014-02-01",0.572844309697662,0.569519603298962,1.63379928296468,1.32655804196529
"2014-03-01",1.94133292898453,1.79358908050393,1.91486286563334,1.6095006149311
"2014-04-01",2.15285616406742,2.07298208632349,2.5654140141016,1.81245440801665
"2014-05-01",1.99770798745738,2.04377973657353,2.0937404980814,2.01492012602906
"2014-06-01",1.31724230010781,1.36447690807218,2.32475357955555,1.77666079989305
"2014-07-01",1.71612740952638,2.1018771198301,2.59108117539568,1.79620237489693
"2014-08-01",-0.147757445810981,0.464218235261571,1.75757233812261,1.1314828259368
"2014-09-01",0.41978702594283,1.61373295400291,2.3452244660275,1.76179731803723
"2014-10-01",-0.356657493672585,1.04230595704733,2.56377551419005,1.28422503169507
"2014-11-01",-1.13997878267335,1.06661763784119,2.61865411056814,1.70391514632002
"2014-12-01",-2.08886672844864,0.851707205369934,1.61135910550865,1.39951909925222
"2015-01-01",-5.60828040208064,-0.435496481670195,2.1007892240053,0.190519293712055
"2015-02-01",2.14381751827186,1.38060153481256,2.60499061712112,2.09860667767414
"2015-03-01",2.29173451164979,1.83410105618109,1.56201857443545,1.57228273288057
"2015-04-01",1.06903225952595,2.23676842629901,3.1203120087794,2.27854325571293
"2015-05-01",2.91799692889168,1.47498900255512,2.48522107907871,1.54814314312244
"2015-06-01",2.35533904847127,1.44804429401726,2.05399168758513,1.78089898245382
"2015-07-01",1.10071923682853,1.19557719851409,2.4729274794915,1.78123171490472
"2015-08-01",0.0860951195846615,0.969448420287367,1.76189589587596,1.17914894824087
"2015-09-01",-1.64706579618675,1.74475836840502,2.16428902855301,1.81631791850139
"2015-10-01",0,0.395794169422881,1.62101777414192,0.87365369688035
"2015-11-01",0.753536411592015,1.2911592584975,1.87857109688558,1.38719386797472
"2015-12-01",-1.00418592611059,0.791911765291942,1.50368588225034,0.974721292068059
"2016-01-01",0.493643336228922,2.12732706540877,2.80884032880067,1.68781558810653
"2016-02-01",-0.62591523486174,2.09848853742602,2.48273895640203,1.92607460646776
"2016-03-01",2.84415320088995,1.7325233860191,2.48863160200878,2.04802987402524
"2016-04-01",4.00310771909413,2.99510459713221,2.94774711930181,2.32924335213682
"2016-05-01",1.97701492405336,2.0616884272052,2.88041854806558,2.31549761406205
"2016-06-01",2.1232254940502,1.25250371810439,1.8387268713616,1.59130847939015
"2016-07-01",0.207672617507981,1.75816114369383,2.47498761174285,1.79352209718258
"2016-08-01",1.68458549266322,2.13987794922843,2.27889485504418,1.6252292953798
"2016-09-01",2.30260764017549,1.60433422510549,2.07266480720745,2.170009606532
"2016-10-01",2.48462680391284,1.55292408920984,1.91229327229907,1.93820029743059
"2016-11-01",0.401270156898459,0.534850184247504,1.49023116628006,1.3983259328008
"2016-12-01",2.08228115250386,1.40280838941644,2.03882626870198,1.65173330119881
"2017-01-01",4.70111161319466,3.25583052764711,2.87843652105233,2.31957238765352
"2017-02-01",1.64115976313091,2.14588980516841,1.65008611780522,1.43748008845015
"2017-03-01",-0.612816201806687,-0.505049436257199,1.97912647070795,1.29348263362983
"2017-04-01",2.31485434858094,2.48775486865636,1.55727290532284,1.61854158674253
"2017-05-01",-0.516197595306722,0.966925463648249,1.29854538461287,1.13665156357172
"2017-06-01",1.01591557563785,1.62312521350128,1.88121314799732,1.79854583863375
"2017-07-01",0.445950303486975,0.880082392370141,1.34770104556488,1.07898583506554
"2017-08-01",2.72680283177096,1.30359488632681,1.93509284842563,1.79484985901261
"2017-09-01",4.56771777768297,1.47211473064948,1.5836151204538,1.75573191492893
"2017-10-01",1.57702225547891,2.98500866442117,2.53597097318508,2.18216542332847
"2017-11-01",1.73247921730446,0.586728063528241,2.13655835107955,1.70085527125943
"2017-12-01",1.75420114906024,1.78092256947335,2.23994048351555,2.05441057211306
"2018-01-01",4.5930058065274,3.93071092724733,3.17676828004891,2.91897218519912
"2018-02-01",2.60371257728218,2.29289881916122,2.25043140148595,1.98903739173537
"2018-03-01",1.28541627036869,2.65231177974166,1.91281052931855,1.57865417172787
"2018-04-01",2.8982074732516,2.18689309137858,2.07446432771585,1.52913443933644
"2018-05-01",2.08318695137508,2.12269678615353,2.40309078369583,2.12329969218341
"2018-06-01",1.04082575075872,1.09010131142975,2.16669767936768,2.04081765147386
"2018-07-01",1.27764834979263,1.58992102318907,1.97496627937399,1.8001351452211
"2018-08-01",0.837370402637294,0.117703589224427,2.16390090034826,1.67466103384886
"2018-09-01",2.49361416104725,2.24597443090888,2.50620119381022,2.07593035711187
"2018-10-01",2.09368053165389,1.90678242334641,2.72009271199924,2.19949997510143
"2018-11-01",0.410145666869766,2.25018063867581,3.10053226389926,2.44421837782034
"2018-12-01",0.83333263952452,2.11468900047016,2.05464350390046,1.7946127543115
"2019-01-01",-0.617518738517886,1.58831918542783,2.59468035230461,1.62611252550502
"2019-02-01",2.22007694847191,1.09027494668366,2.8394593113527,2.69789138113199
"2019-03-01",2.75303113516032,1.11282977098428,2.43008320993008,2.02737432099345
"2019-04-01",3.44113056880753,2.43709925217568,4.09283643688769,2.96491208642833
"2019-05-01",0.874226506239184,1.23876039251252,2.06103677382645,1.09064818177564
"2019-06-01",0.569956452278686,2.21623724934621,1.78919433473113,1.50039216559346
"2019-07-01",1.61203667232572,1.37592479622459,2.8014314772292,2.14714207575588
"2019-08-01",0.557284896905541,1.38606963711239,2.40412240060208,1.89134419815213
"2019-09-01",0.731679301305466,0.882185117030021,2.13181213961853,1.22438825974465
"2019-10-01",2.14943047331488,1.80541763618747,2.33526147117049,2.15769919030915
"2019-11-01",1.24262298773721,0.740765968349444,1.93896796334501,1.65099953293473
"2019-12-01",3.31392526798984,2.68396203115169,3.00759341799119,1.67116510031251
"2020-01-01",2.12575809471578,2.14890548171911,3.24361817980012,2.48989322473858
"2020-02-01",0.957376692357559,2.36773976169256,2.65017529525746,2.45182683759306
"2020-03-01",-3.41100305180794,-0.901601679468844,1.93867990568322,1.4964115062905
"2020-04-01",-4.8709164490034,-3.81937369086834,2.36775298575167,1.6262413710258
"2020-05-01",1.20851490969771,1.26139332269497,2.77876052081192,2.11676855135914
"2020-06-01",3.85314525892602,1.88969932728846,1.77899998750093,1.78574047391942
"2020-07-01",3.6028018049852,4.35364628364261,2.5903355877315,2.57529287157667
"2020-08-01",3.40254620777714,3.55591303605336,2.01624884221152,2.17173453187876
"2020-09-01",2.16090311769888,1.9208713099875,0.99701922020774,1.19774303613414
"2020-10-01",1.07900247782551,1.10986560372062,2.22611023147041,1.60507756176171
"2020-11-01",1.22795847012254,1.12032986529145,0.810306368985492,0.905682405485142
"2020-12-01",5.14513365075748,3.35723900788141,1.7079883112745,1.51742950316327
"2021-01-01",4.23525017716722,3.12618780213612,1.77168865745936,1.82040202040348
"2021-02-01",4.33792533011195,3.05995297211776,2.96435005315372,2.63820508816652
"2021-03-01",6.71446958899125,4.95721713898778,2.79068571424905,2.16828275391567
"2021-04-01",6.15481128017339,7.28433736478891,2.9058978909593,2.59893009657572
"2021-05-01",5.91153161036444,5.67981154879391,3.38184056725501,2.51521956126135
"2021-06-01",6.85786560782868,6.08628302550822,2.97698697276605,2.36906736260021
"2021-07-01",5.59362963927224,5.07944452145126,3.69577760762276,3.27413736330744
"2021-08-01",4.91106400667247,4.14000608629383,3.36538436887361,2.88258450136201
"2021-09-01",3.88884218111369,2.30682403447533,4.64924161256559,4.00843226913461
"2021-10-01",8.52341341846812,6.43725582003503,5.60139324048121,4.60737785943905
"2021-11-01",8.26496960604493,6.18395648538375,4.66142373201541,3.74344444712273
"2021-12-01",7.26302284369209,6.80692060200516,4.80360817314118,4.57551247290044
"2022-01-01",6.50257708345894,6.00385596988655,6.34260147687622,6.46686154086156
"2022-02-01",7.62377027642986,5.95134233481343,5.61473257189442,4.79751982002152
"2022-03-01",11.7566290520379,4.85739544415527,2.75441205100189,3.22040271217334
"2022-04-01",2.79327395842583,4.0187391010835,6.04031134579144,3.17205468300723
"2022-05-01",7.72068700463007,4.24739610660523,7.17451856666405,5.22303949020424
"2022-06-01",12.1845424005619,7.67481911158805,8.85105770142263,7.6568731165662
"2022-07-01",1.43060840870195,4.11871414858709,5.07753717442683,4.46895295557028
"2022-08-01",2.85538961423921,6.35267672106516,6.53733273217707,5.48221183941111
"2022-09-01",4.00235384945855,5.10311098101242,4.57692590468031,3.7460655804104
"2022-10-01",6.25929411939834,4.86468652900449,5.95419929893295,5.10426689039509
"2022-11-01",3.29551777811983,3.50470890157533,3.38882167572105,3.23747961363596
"2022-12-01",1.54353593100844,4.23022794584349,4.89501306320059,4.03016940120249
"2023-01-01",5.89117091970204,5.16799402753358,7.0770367924498,4.79164184777388
"2023-02-01",3.34954617930721,4.27168505380857,4.20231264330018,4.41920552075756
"2023-03-01",3.0502572883838,4.89318726408183,4.86391342451964,4.04753333861143
"2023-04-01",3.28004338431267,3.88158352513981,4.5107625103729,4.18767807134293
"2023-05-01",2.45961035808291,4.01574556365054,3.57980032376035,3.77103081773464
"2023-06-01",2.84337833305446,2.95199561602035,2.7866460457052,2.53599707229915
"2023-07-01",1.61637033626691,1.67165889827325,3.3281657375934,2.87663210796645
"2023-08-01",3.77615629482173,1.48599108102614,3.19149132278107,2.47797075055569
"2023-09-01",4.65044734846776,3.99228431987089,3.68000606310437,2.90002341848667
"2023-10-01",1.53286799405505,2.71195310513948,3.55969706884447,3.11200837824535
"2023-11-01",0.782674740812661,2.053637554011,3.51195922395087,2.31755026057769
"2023-12-01",1.23020443959583,1.69567596555138,1.76556457324772,2.06975756938985
"2024-01-01",4.48517559943329,5.15895651563754,6.28011618538609,5.30400587548083
"2024-02-01",4.07055543909387,3.71523676992751,2.49103390722614,2.95714560598161
"2024-03-01",4.80018609263111,4.49232746036845,3.5578084268453,3.19667540357593
"2024-04-01",1.92757314247005,2.34585771846261,3.34468551969074,2.71361122904921
"2024-05-01",0.781443208784061,1.52214886870556,3.50056624220361,2.61456207905684
"2024-06-01",1.32106580264162,2.5889191927446,2.23279607919786,2.33556342588335
"2024-07-01",1.93099011200277,2.02396541001506,1.85767172161488,1.98448063423564
"2024-08-01",1.85880462986652,2.59898113694583,2.79834899771854,2.15688327151213
"2024-09-01",2.49806628345233,3.23370611134481,3.75009180875905,3.15767644181026
"2024-10-01",3.29657332595064,3.49551726864556,3.75666945988018,3.37088198497508
"2024-11-01",1.78824174741659,1.68962667348158,3.23131104745893,2.65860951866785
"2024-12-01",3.10429014396374,2.04161882887,3.85127739797451,3.08283234185267
"2025-01-01",4.29732663463462,4.04415838497303,3.16737962887552,2.58761045230684
"2025-02-01",3.37095231191236,3.85098275216706,3.65940498607857,2.9496942648181
"2025-03-01",0.948681533415763,1.37172752331187,3.52864850957355,2.93306146738559
"2025-04-01",2.83920414336187,3.70527678649382,3.81695411877665,3.11791317205985
"2025-05-01",2.35536979772919,2.84710843398124,2.8870128331556,2.24438031318297
"2025-06-01",3.09996019335297,3.04605622352236,3.75409959156256,3.56326269010105
"2025-07-01",1.67932373844497,2.21024572916007,2.77070740144447,1.92059907996223
"2025-08-01",3.09734870974165,2.72084765792866,3.75728181826374,2.93154152521866
"2025-09-01",3.56561076819077,2.82156202759671,1.82664941463444,2.05952106801359
"2025-10-01",1.79196696054016,2.14784750889128,1.94481353205138,1.76007823678535
"2025-11-01",2.42100947066566,1.88452268498736,1.95029633771528,1.81032476330496
"2025-12-01",3.91079511148114,3.85404802462304,3.29132780385517,2.48737010495745
"2026-01-01",3.70475659503697,4.84756416697236,2.65619758025848,2.32185767217112
"2026-02-01",4.25318037000471,4.10747647875753,2.71071924214088,1.9769822210997
"2026-03-01",7.80221733966489,3.11107410940588,3.22525909724491,2.72791529403329
"2026-04-01",5.35681047231564,3.4478744924509,2.90851065216975,2.98249578264069
"2026-05-01",5.35227333543826,3.78289141039092,3.55674548896716,2.90339047888399
"2026-06-01",-1.2274107582118,1.6112102237781,2.53413183892059,1.6733437430259
"2026-07-01",0.605766734879598,1.52476033565814,3.02923280238563,1.91298056290761
"2026-08-01",3.78755785955665,3.0100143085948,2.30588885201932,2.0806482560388
