"date","p10","p24","p50","p69","p90"
"1959-02-01",-3.596934,0,0.106473,4.524268,11.055668
"1959-03-01",-5.08767,-0.109285,0,3.113748,7.76326
"1959-04-01",-4.567595,-0.104371,3.112484,5.118046,15.703922
"1959-05-01",-5.045343,-0.102197,0.163866,4.19025,8.120315
"1959-06-01",-3.687724,0,2.3846,5.207759,10.756664
"1959-07-01",-4.702741,-0.10549,0.675189,4.756211,10.990011
"1959-08-01",-5.775271,-0.018223,0,4.289922,13.430731
"1959-09-01",-3.367387,0,2.190451,4.805598,10.044462
"1959-10-01",-3.256954,-0.121834,0.119818,4.78762,9.709366
"1959-11-01",-4.466047,-0.07828,0.061385,3.966436,7.797979
"1959-12-01",-2.2632,0,0.061021,4.21485,5.974906
"1960-01-01",-10.307958,-2.996029,0,3.000179,6.149195
"1960-02-01",-4.982511,-0.094626,0,4.190036,12.802184
"1960-03-01",-6.810838,-0.24196,0,2.188726,7.382276
"1960-04-01",-2.309026,0,2.779676,5.062244,11.262066
"1960-05-01",-3.704566,-0.464545,0,3.829175,6.466833
"1960-06-01",-4.085709,-0.579786,0,2.598735,7.76326
"1960-07-01",-4.120614,-0.104153,2.35181,4.891637,9.244472
"1960-08-01",-3.862036,0,0.094507,3.514382,10.609595
"1960-09-01",-11.013187,-1.931822,0.054631,4.107498,10.118411
"1960-10-01",-6.956904,-0.209023,0,2.953509,9.031817
"1960-11-01",-4.467161,-0.121673,0.273879,4.988161,10.453779
"1960-12-01",-4.555714,-0.104668,0.103408,2.977863,7.33099
"1961-01-01",-4.492362,-0.209077,0,0.109414,9.126154
"1961-02-01",-4.864809,-0.074976,0,1.801139,9.075931
"1961-03-01",-5.640052,-0.864859,0,0.104616,4.902387
"1961-04-01",-7.967089,-1.053348,0.091064,3.640979,5.086171
"1961-05-01",-4.316572,-0.102876,0,1.895563,6.85794
"1961-06-01",-3.870894,-0.587571,0,2.357135,5.154994
"1961-07-01",-3.674504,-0.074951,0.270789,4.669394,9.162377
"1961-08-01",-3.891815,-0.133638,0,2.347912,9.238386
"1961-09-01",-3.75842,-0.168197,0.102551,3.981291,9.629485
"1961-10-01",-6.700466,-0.889762,0,0.263302,7.265026
"1961-11-01",-5.92598,-0.432744,0.060446,2.935214,7.460361
"1961-12-01",-5.550782,-0.489017,0,0.545439,6.056421
"1962-01-01",-5.664132,0,2.430447,5.043834,7.453865
"1962-02-01",-2.316188,0,0.146784,4.648985,8.704257
"1962-03-01",-4.383213,-0.137355,2.149832,4.578916,7.384471
"1962-04-01",-4.782514,-2.461464,0,2.366431,11.163977
"1962-05-01",-4.63199,-1.960442,0,3.437932,5.022727
"1962-06-01",-4.000676,-0.212239,0,3.563636,6.666515
"1962-07-01",-7.00589,-0.181006,0,2.361774,5.240649
"1962-08-01",-6.296985,-0.876227,0.101304,4.410808,11.262066
"1962-09-01",-1.016625,-0.084007,0.066381,4.755661,29.327672
"1962-10-01",-9.178951,-3.852969,0,0.85622,4.749258
"1962-11-01",-4.727673,-0.305175,0,2.533127,6.551541
"1962-12-01",-6.796892,-0.86021,0,0.123121,7.335569
"1963-01-01",-6.659449,-0.579494,2.53076,4.75775,7.853255
"1963-02-01",-3.232274,0,0.100895,2.356381,6.00885
"1963-03-01",-7.032306,-0.342499,0,0.055118,4.661553
"1963-04-01",-6.326833,-0.505972,0,1.323846,7.094031
"1963-05-01",-3.769821,0,2.479214,4.797832,8.941346
"1963-06-01",-3.628107,-0.200686,0,3.61902,8.475062
"1963-07-01",-4.591871,-0.028351,0.032777,3.440918,7.53459
"1963-08-01",-2.824207,-0.066019,0,2.782082,11.536521
"1963-09-01",-6.837499,0,0,3.106491,7.98157
"1963-10-01",-2.132756,0,2.33017,4.843345,7.171763
"1963-11-01",-3.355083,0,0.042075,3.251312,7.100269
"1963-12-01",-4.586988,-0.016596,0.065411,2.913991,8.530208
"1964-01-01",-4.803762,0,0.391453,3.924285,9.20723
"1964-02-01",-2.935196,-0.112851,0.130769,4.117784,5.653703
"1964-03-01",-4.591871,-2.66963,0,0.93167,6.181483
"1964-04-01",-2.18023,0,0,0.64366,5.613789
"1964-05-01",-6.002157,-0.550963,0,1.20735,4.594764
"1964-06-01",-3.510666,-0.07388,0,0.396584,6.071739
"1964-07-01",-2.722036,0,0,0.510855,7.090186
"1964-08-01",-4.578179,-1.172615,0,3.709361,4.900471
"1964-09-01",-2.341549,-0.099186,0,0.452701,6.85848
"1964-10-01",-4.260457,-0.137496,0,2.881753,6.819518
"1964-11-01",-2.921799,-0.065214,0.106574,3.220872,5.811905
"1964-12-01",-4.297066,-0.318683,0,2.863892,5.284183
"1965-01-01",-2.497524,-0.098802,1.147918,4.443945,8.279346
"1965-02-01",-6.43204,-2.347144,0,1.635356,5.702347
"1965-03-01",-2.799584,-0.136569,0,3.162298,7.500434
"1965-04-01",-3.929938,0,0.35046,4.29557,7.354035
"1965-05-01",-4.645061,-0.342448,0.102063,3.716877,6.751217
"1965-06-01",-4.791802,-0.098083,0.111127,4.280251,10.021399
"1965-07-01",-2.496823,-0.104552,0,3.395142,6.914319
"1965-08-01",-4.653955,-0.027993,0.197077,3.901572,8.815146
"1965-09-01",-7.763795,-0.196689,0.095246,4.058082,7.555934
"1965-10-01",-6.417303,-0.230304,0.093498,3.914684,7.195016
"1965-11-01",-1.66686,0,2.195277,4.317289,7.488843
"1965-12-01",-2.1993,0,2.800552,4.841739,10.786483
"1966-01-01",-5.115787,-0.084725,2.387236,4.508306,8.870827
"1966-02-01",-2.444315,0,2.72617,4.432792,15.650327
"1966-03-01",-1.138184,0,0.095538,4.236339,8.565244
"1966-04-01",-0.101134,0,4.68842,5.878989,11.277488
"1966-05-01",-2.861307,-0.057694,1.680256,4.841739,9.681099
"1966-06-01",-3.092926,0,2.488998,5.257522,10.960568
"1966-07-01",-2.373444,0,2.633922,5.022671,9.966375
"1966-08-01",-4.742632,-0.097241,2.31843,4.41235,9.10265
"1966-09-01",-1.142802,0.017419,4.141933,4.798347,10.598624
"1966-10-01",-1.592021,0,4.127688,4.765394,8.249161
"1966-11-01",-2.223742,0,2.040791,4.101586,8.347782
"1966-12-01",-3.558156,0,2.512396,4.681501,8.212943
"1967-01-01",-7.138355,-1.186578,2.8588,4.746549,8.82342
"1967-02-01",-4.502307,0,3.116563,4.635031,6.910597
"1967-03-01",-5.768108,-0.48261,0.033658,3.165819,5.955376
"1967-04-01",-3.828199,0,2.1716,4.513854,8.206381
"1967-05-01",-2.419766,0,2.31409,3.438065,6.817367
"1967-06-01",-2.232403,0,3.538717,4.709656,8.366355
"1967-07-01",-0.33872,0,3.302281,5.451752,8.780283
"1967-08-01",0,0,3.029166,4.79472,10.213427
"1967-09-01",-0.284571,2.439024,4.056759,4.693265,13.067487
"1967-10-01",-0.776695,0,3.824087,5.362855,10.662447
"1967-11-01",-2.361707,0,3.153866,6.288464,13.552311
"1967-12-01",-1.131062,0,3.144126,5.417926,10.277158
"1968-01-01",-0.422981,0.236337,4.641357,5.769073,14.551477
"1968-02-01",-0.072053,0,4.629641,5.647172,8.451646
"1968-03-01",-2.583047,0,3.106686,5.393768,9.830513
"1968-04-01",-2.496485,0.402725,4.311589,4.852464,7.63678
"1968-05-01",0,2.486369,4.602,5.277501,7.943398
"1968-06-01",-0.565759,0,4.490249,6.578855,10.560963
"1968-07-01",0,0.168291,3.203107,4.584421,9.263649
"1968-08-01",0,1.310865,4.375758,7.516066,11.92298
"1968-09-01",-0.086916,1.577195,4.477377,6.457362,8.153402
"1968-10-01",0,3.035334,4.549996,6.406268,9.670932
"1968-11-01",-0.081045,0,4.632218,6.55657,9.348913
"1968-12-01",-10.512688,0.252339,4.347,4.817952,8.09881
"1969-01-01",-2.302134,0.032866,4.427181,6.43937,11.839146
"1969-02-01",-1.889348,0,3.095362,4.501372,8.790872
"1969-03-01",-0.894394,2.587415,4.499155,6.833834,12.943859
"1969-04-01",0,0,4.568711,7.359682,13.880377
"1969-05-01",-0.131173,0.103894,4.215733,7.126562,10.791397
"1969-06-01",0,1.786554,4.35673,5.999983,9.616493
"1969-07-01",-0.127553,2.361774,5.612289,8.671208,12.520374
"1969-08-01",-2.857407,0,3.925582,5.886124,10.835044
"1969-09-01",-2.298443,2.523424,4.402305,6.790938,12.086834
"1969-10-01",-0.294262,1.773621,4.400805,6.907661,10.606401
"1969-11-01",-0.205192,2.824154,4.384727,6.313572,8.853914
"1969-12-01",-2.195435,1.995257,4.44659,6.892644,11.848594
"1970-01-01",-4.225822,0.053075,4.353225,6.799337,15.018502
"1970-02-01",-0.639316,1.788111,4.252478,6.00292,10.405254
"1970-03-01",-6.311105,0.068056,4.71827,6.738248,11.761275
"1970-04-01",0,0.747055,4.937017,7.164176,14.592859
"1970-05-01",-1.837682,0,4.207172,6.537764,9.921612
"1970-06-01",-5.478886,0,4.276268,5.440474,11.603004
"1970-07-01",0,2.348791,4.261086,6.430566,9.939394
"1970-08-01",-0.096363,1.755111,3.689467,5.971139,9.544307
"1970-09-01",-0.022247,2.937526,4.649719,6.61245,11.957362
"1970-10-01",0,2.963352,4.823752,8.072993,18.048373
"1970-11-01",-0.068211,2.762683,4.18606,6.413641,12.993444
"1970-12-01",-1.925121,1.656146,6.443155,8.501984,10.636861
"1971-01-01",-1.660402,0.084743,4.076868,6.430839,11.318162
"1971-02-01",-2.684807,0,3.322739,6.12944,10.496061
"1971-03-01",-4.191314,-0.668242,3.354704,4.8775,11.855968
"1971-04-01",-0.769885,0,4.035208,6.829289,12.689877
"1971-05-01",0,2.165873,4.884353,7.05669,8.357727
"1971-06-01",0.239664,2.274042,4.428558,6.311585,11.1401
"1971-07-01",-3.420269,0,3.951165,5.771995,10.712358
"1971-08-01",-7.02134,0,4.130818,6.071785,11.913539
"1971-09-01",-3.110998,0,3.335348,4.285565,7.57434
"1971-10-01",-2.217796,-0.068892,0.670269,3.015649,5.109384
"1971-11-01",-3.691072,0,2.652485,3.995185,6.993904
"1971-12-01",-0.284102,0.699298,3.552421,4.285565,10.254038
"1972-01-01",-2.583946,0.489595,3.455485,5.346867,13.822994
"1972-02-01",-1.216958,0.037101,3.28706,4.061773,13.665792
"1972-03-01",-2.600069,0,3.057292,3.889559,5.465048
"1972-04-01",-2.628628,0,2.272457,3.951201,7.1028
"1972-05-01",-2.161915,0,2.223848,3.954372,7.011285
"1972-06-01",-4.304916,-0.067573,2.68812,3.941385,7.394538
"1972-07-01",-1.978071,0.744112,3.342428,4.908666,13.827512
"1972-08-01",-3.649252,0,3.829375,5.931187,9.183399
"1972-09-01",-0.105881,2.225661,3.903177,5.29809,13.780848
"1972-10-01",-3.54741,0,2.897984,3.945572,6.324617
"1972-11-01",-2.19749,0,3.814416,5.672805,8.520518
"1972-12-01",0,2.051568,3.562155,5.253075,7.893815
"1973-01-01",-3.478158,0,2.793417,7.541803,10.288379
"1973-02-01",-0.997008,2.243268,3.987256,6.78117,12.773227
"1973-03-01",0,2.234372,3.812352,8.834869,14.50618
"1973-04-01",0.012258,3.804895,6.82803,9.286826,22.262624
"1973-05-01",0,2.217854,4.532713,7.640463,18.180862
"1973-06-01",-0.031699,0,4.9758,7.81061,15.044756
"1973-07-01",-4.362308,0,2.831761,5.019899,9.563855
"1973-08-01",-2.025857,1.661848,5.568801,7.567983,21.007331
"1973-09-01",-2.450983,0,3.734315,7.234342,27.110067
"1973-10-01",-2.275273,2.135412,3.82801,8.972777,29.465198
"1973-11-01",-2.161915,2.2293,5.178629,9.304877,34.006032
"1973-12-01",-1.910975,2.700395,7.410661,8.86166,30.515433
"1974-01-01",-0.171592,0,6.958703,11.869578,31.182062
"1974-02-01",0.491556,3.605452,7.899326,12.87684,44.399101
"1974-03-01",0,0.045621,9.293884,14.767352,46.786896
"1974-04-01",1.924774,3.666305,7.756231,14.023126,21.869648
"1974-05-01",0,0.297951,11.674897,17.530958,30.716183
"1974-06-01",-0.181637,5.52031,8.414314,14.591322,24.068905
"1974-07-01",0.033062,3.633221,8.607396,14.301569,26.712074
"1974-08-01",-0.08261,3.551477,12.756776,17.757062,45.059204
"1974-09-01",-1.538507,5.784758,9.973655,15.27755,29.514269
"1974-10-01",-4.10907,3.63252,9.017636,12.382874,24.509204
"1974-11-01",-4.732829,3.627562,7.182041,10.373692,19.139392
"1974-12-01",-1.452594,2.852257,7.28344,12.155189,19.850739
"1975-01-01",-6.537927,1.664095,8.824935,13.020976,23.800715
"1975-02-01",-3.060049,2.069305,7.084039,9.634582,16.631856
"1975-03-01",-4.673394,2.16624,4.085563,5.942199,13.958206
"1975-04-01",-1.918538,0.059089,6.914858,7.030055,13.212189
"1975-05-01",-5.580156,-0.03167,4.550849,6.912235,14.866554
"1975-06-01",-2.430371,0,5.882158,7.617108,26.057786
"1975-07-01",-1.793818,1.453287,6.901932,8.743648,37.488077
"1975-08-01",-3.960562,2.206809,4.543166,8.696371,11.637235
"1975-09-01",-4.88922,3.385529,6.775497,9.530492,15.999537
"1975-10-01",0.046303,3.874648,8.212549,10.339833,13.953274
"1975-11-01",-0.024467,2.691863,6.747863,8.977783,17.447621
"1975-12-01",-2.494948,1.800071,6.621921,9.282658,17.509701
"1976-01-01",-2.552713,2.441295,6.015939,7.775637,12.874688
"1976-02-01",-9.680739,0,6.166099,7.597952,11.991023
"1976-03-01",-9.419283,-0.726216,4.368429,6.534851,12.491157
"1976-04-01",-6.728621,1.092507,3.699565,6.458966,8.914818
"1976-05-01",-1.176355,1.829373,6.48175,8.196273,11.025698
"1976-06-01",-0.0863,1.826588,5.905197,7.102773,13.54681
"1976-07-01",-1.452498,2.530817,5.916002,6.547835,9.661959
"1976-08-01",-2.386828,2.31136,7.456541,9.656285,14.68335
"1976-09-01",-1.096865,2.386437,6.304868,8.081862,16.159223
"1976-10-01",-3.672527,2.516792,6.048359,9.608123,16.338695
"1976-11-01",-5.127567,1.97631,6.245043,8.065762,14.368751
"1976-12-01",-0.75333,2.177576,5.552911,7.010603,12.842963
"1977-01-01",-1.97419,2.50628,7.848347,9.382897,14.192599
"1977-02-01",-2.183234,1.759128,8.229672,12.543023,18.719682
"1977-03-01",-4.065349,1.589978,7.173768,10.280942,16.412283
"1977-04-01",-2.125303,0,5.693639,9.199523,14.646098
"1977-05-01",-1.696925,2.041036,6.125292,7.746794,12.315546
"1977-06-01",-2.72717,2.586187,6.824331,9.030088,16.574118
"1977-07-01",-3.814493,2.947412,5.876943,7.529753,15.056982
"1977-08-01",-3.944147,2.562782,6.437893,8.918447,14.500393
"1977-09-01",-5.665759,1.475729,5.232037,8.945171,12.982892
"1977-10-01",-3.547219,1.631938,5.554711,7.330452,16.838991
"1977-11-01",0,3.655544,7.823291,9.101803,12.691385
"1977-12-01",-0.172668,2.125696,5.716035,8.792926,17.268221
"1978-01-01",-3.393264,0.043218,5.698517,7.488949,19.856558
"1978-02-01",-6.86045,1.984602,5.641488,9.754045,17.087198
"1978-03-01",2.231241,3.540367,6.413923,8.967968,17.32888
"1978-04-01",-1.705999,3.944619,7.1341,9.314186,22.978238
"1978-05-01",1.341305,3.563575,8.52294,10.520227,14.814522
"1978-06-01",-0.821852,3.663722,6.010552,9.059757,14.581924
"1978-07-01",-2.224136,4.0199,6.451314,9.782539,16.089733
"1978-08-01",-1.660322,4.53091,6.535846,11.163302,15.944559
"1978-09-01",-0.516022,2.69902,8.130851,10.319512,16.081151
"1978-10-01",-0.031959,6.234765,8.770466,11.423878,17.966516
"1978-11-01",-1.206187,4.780745,8.170226,10.40257,18.63556
"1978-12-01",-3.750682,3.577199,6.370685,8.739351,14.498595
"1979-01-01",2.373923,5.728786,8.078717,11.995492,18.330196
"1979-02-01",-1.758409,4.612784,8.921218,12.706827,16.040407
"1979-03-01",0.094018,4.284602,7.492413,8.893357,14.744307
"1979-04-01",1.520113,4.603908,6.226905,10.249307,18.253459
"1979-05-01",0.928068,4.791301,10.210303,13.494651,18.595957
"1979-06-01",-2.211569,4.369385,7.832863,9.802359,17.916049
"1979-07-01",0.296241,5.275228,7.81732,9.768075,17.77346
"1979-08-01",-4.367224,4.286075,9.667466,13.223037,21.543499
"1979-09-01",-1.208951,3.986706,9.171457,13.025718,27.516936
"1979-10-01",0,4.323669,10.817763,18.384205,26.232857
"1979-11-01",1.845031,4.901962,8.30029,11.928902,21.194301
"1979-12-01",2.861115,4.882023,8.085637,11.241539,25.295038
"1980-01-01",1.379092,6.553905,10.811519,14.881829,32.521963
"1980-02-01",0.433841,7.35311,10.371164,16.540629,40.642889
"1980-03-01",2.70119,6.562566,9.867777,11.175057,38.86276
"1980-04-01",-4.241065,2.334126,7.585387,12.321445,20.047998
"1980-05-01",-0.685307,4.969913,9.615544,12.355173,18.346237
"1980-06-01",-4.626626,2.508671,9.630006,12.924476,19.629756
"1980-07-01",-1.959704,4.276818,7.103565,10.169714,20.318453
"1980-08-01",-0.492711,6.350512,8.795361,11.102024,19.304887
"1980-09-01",-0.137496,4.994794,10.273091,14.40943,20.094343
"1980-10-01",-0.709872,5.183835,9.329366,12.560808,22.123153
"1980-11-01",2.45328,4.440454,9.206956,11.668282,18.064886
"1980-12-01",-1.024607,4.467987,9.073127,11.502499,16.183192
"1981-01-01",0.043853,6.274213,9.493265,12.313808,27.373323
"1981-02-01",-0.11058,7.057941,9.744892,13.742081,21.627805
"1981-03-01",-4.755872,3.400129,8.461672,9.854362,20.570098
"1981-04-01",-13.426958,3.812388,8.103728,8.806786,19.996124
"1981-05-01",-12.416323,2.047245,6.755244,11.927336,16.854034
"1981-06-01",-5.302114,1.335973,6.445328,8.294188,14.782594
"1981-07-01",-2.624421,3.42017,8.445609,9.448289,23.111477
"1981-08-01",-1.857559,1.133585,7.924254,15.739077,25.132211
"1981-09-01",-0.028155,3.403525,8.217917,10.645426,16.833029
"1981-10-01",-3.820112,2.391897,6.541675,10.594709,18.502254
"1981-11-01",-3.217235,2.515222,6.474238,8.274128,23.683752
"1981-12-01",-3.28879,0.802379,5.967493,8.258854,10.144169
"1982-01-01",-5.388745,1.902239,6.111734,10.315822,23.93614
"1982-02-01",-7.313557,1.875083,4.545477,8.226532,12.319893
"1982-03-01",-4.482291,2.105837,5.660546,7.773263,13.422794
"1982-04-01",-5.572027,0.980879,3.653831,7.18673,15.756855
"1982-05-01",-0.356858,2.998582,6.21605,8.515543,12.35742
"1982-06-01",-1.22435,2.647881,6.373529,8.6031,23.596099
"1982-07-01",-1.24259,3.182211,8.238039,11.193687,18.965709
"1982-08-01",-3.032456,0.735656,4.963512,6.830858,14.714145
"1982-09-01",-4.94753,-0.610138,4.874805,5.492366,11.680733
"1982-10-01",-2.285565,0.499588,6.180943,11.073638,12.529615
"1982-11-01",-4.560512,-1.328828,3.281485,6.704911,18.139075
"1982-12-01",-10.435243,-1.407378,4.02714,4.859849,10.659092
"1983-01-01",-6.428892,2.319467,5.870327,8.089275,19.979954
"1983-02-01",-4.78275,1.910662,4.112855,6.764772,15.601645
"1983-03-01",-4.29355,0.353534,2.352919,4.845316,9.993964
"1983-04-01",-2.484999,1.919011,6.00437,9.85433,17.964123
"1983-05-01",-3.663347,1.953726,2.865923,4.949774,14.798478
"1983-06-01",-3.075136,1.364333,3.733077,5.455436,9.378294
"1983-07-01",-3.161027,1.055437,4.156462,6.340745,15.124603
"1983-08-01",-6.904297,-1.125597,4.57567,5.97011,16.556486
"1983-09-01",-7.691151,0.54935,4.745707,6.646911,14.28829
"1983-10-01",-5.869954,-2.677012,2.932401,5.95939,12.009808
"1983-11-01",-6.058377,1.810016,5.189823,7.117214,10.686102
"1983-12-01",-7.449227,-0.610661,2.990095,5.063643,7.82481
"1984-01-01",-1.203773,3.471911,5.18177,8.109068,19.272806
"1984-02-01",-3.977696,1.786716,5.122246,6.189664,12.046891
"1984-03-01",-5.527002,-0.034762,4.682679,6.317421,9.382292
"1984-04-01",-2.487959,1.807071,5.495445,7.632959,10.134022
"1984-05-01",-4.636884,-0.700295,2.69753,5.049659,8.211684
"1984-06-01",-11.555801,0.749987,4.412911,6.402213,8.362232
"1984-07-01",-4.695932,2.477716,5.176714,8.283751,10.105008
"1984-08-01",-6.291844,2.987358,4.291878,6.335026,9.718837
"1984-09-01",-4.907998,0.776124,5.042495,6.089641,9.081289
"1984-10-01",-3.308636,1.265537,3.777941,6.013939,9.956145
"1984-11-01",-4.853915,-1.471555,3.296244,4.289694,10.083413
"1984-12-01",-5.010542,0.058613,5.528731,6.343297,9.114487
"1985-01-01",-3.08751,1.575309,3.768564,5.017007,12.66363
"1985-02-01",-2.295906,1.931105,5.719079,9.143427,13.278312
"1985-03-01",-1.569764,1.860981,4.489043,6.576822,13.557623
"1985-04-01",-7.381375,-0.386002,2.572208,5.329307,8.995529
"1985-05-01",-5.109438,-1.022624,4.319159,6.207053,15.56749
"1985-06-01",-5.328634,1.402198,4.737036,6.191841,12.261054
"1985-07-01",-4.218494,-0.178712,2.320083,5.547223,8.161254
"1985-08-01",-12.18918,0.783228,4.175666,6.992949,9.36863
"1985-09-01",-6.852167,0.489641,3.563988,5.453168,8.464382
"1985-10-01",-3.82796,0.988987,3.557686,5.397604,10.003224
"1985-11-01",-5.667833,0.981989,3.280128,8.630701,11.886494
"1985-12-01",-3.926343,-0.062854,4.698502,5.80956,10.381564
"1986-01-01",-4.144388,0.753164,5.127424,6.742275,14.308271
"1986-02-01",-12.588683,-0.389318,3.237134,5.111532,9.563156
"1986-03-01",-8.034802,-3.464417,3.230246,7.273305,11.166545
"1986-04-01",-13.339554,-1.602606,4.533672,6.090676,9.910469
"1986-05-01",-6.091519,-1.551189,2.51597,4.75545,11.110218
"1986-06-01",-2.221562,0.892942,4.523796,7.404498,14.986761
"1986-07-01",-8.961248,-0.052291,2.471249,6.224591,8.927741
"1986-08-01",-6.867599,0.464296,3.170069,5.486514,12.600251
"1986-09-01",-5.282476,1.159183,4.143119,6.571745,11.419511
"1986-10-01",-6.419712,0,5.197212,5.827059,9.921522
"1986-11-01",-9.468462,0,3.3849,5.895158,11.220684
"1986-12-01",-4.090514,0.288456,3.403757,6.267227,8.961344
"1987-01-01",-2.598193,3.651909,4.925965,8.187827,23.726298
"1987-02-01",-7.681231,0,3.923753,5.936791,13.538632
"1987-03-01",-3.985296,-0.309717,4.629462,6.155197,10.337117
"1987-04-01",-5.161366,1.740388,6.201571,8.305263,10.157519
"1987-05-01",-3.69591,1.690399,3.829316,5.567286,9.58431
"1987-06-01",-5.541105,0.697797,3.498194,6.888463,19.078054
"1987-07-01",-4.141305,-0.393451,3.509915,5.963322,9.743105
"1987-08-01",-1.740278,1.879096,5.592042,7.332739,10.715857
"1987-09-01",-3.374925,0.662609,3.49865,5.248642,10.525012
"1987-10-01",-1.983986,1.820524,4.147741,5.820502,10.197722
"1987-11-01",-4.819313,0.802522,3.437109,5.999015,10.450789
"1987-12-01",-8.059651,-3.109644,2.928358,5.829193,8.800237
"1988-01-01",-8.57137,0.354557,5.613258,7.132683,13.788628
"1988-02-01",-6.417866,-0.923078,3.906896,4.896761,10.415713
"1988-03-01",-3.285663,0.852466,4.355507,6.495334,14.654958
"1988-04-01",0.190232,2.669722,4.560147,7.585505,13.217055
"1988-05-01",-4.401242,0.784385,3.379926,5.135917,15.260616
"1988-06-01",-2.638349,2.637908,4.98984,5.96608,11.322851
"1988-07-01",-2.150526,2.520383,5.154416,8.872944,15.78343
"1988-08-01",-8.993879,1.846993,4.393397,5.435307,14.969437
"1988-09-01",-3.266688,3.695882,5.168597,7.783392,12.993218
"1988-10-01",-2.660846,1.962545,3.7645,6.951137,11.999148
"1988-11-01",-2.258116,-0.879806,3.80258,6.264916,7.67616
"1988-12-01",-2.164384,1.573799,3.731722,6.189376,15.42722
"1989-01-01",-3.033779,2.587727,5.486694,9.905993,14.093933
"1989-02-01",-7.161025,0.69365,4.022108,7.367779,15.277691
"1989-03-01",-4.331696,1.51935,4.036405,5.89526,13.822017
"1989-04-01",-1.111495,2.666272,4.451937,8.358036,13.786381
"1989-05-01",-1.965495,1.687053,4.976389,5.89187,11.507042
"1989-06-01",-7.142701,0.510538,3.293698,5.664853,12.882268
"1989-07-01",-8.441571,0.897629,4.70701,6.468994,10.945171
"1989-08-01",-14.683381,-1.026968,3.958232,5.606799,11.058956
"1989-09-01",-4.816729,0.417792,4.106116,5.986504,15.685207
"1989-10-01",-2.700619,1.819893,6.058704,6.696495,12.482074
"1989-11-01",-6.52768,0.770462,3.964124,6.419797,12.04332
"1989-12-01",-5.779803,0.828621,4.6937,5.993187,10.981712
"1990-01-01",-3.162937,2.14132,4.586979,7.30963,18.28283
"1990-02-01",-2.984927,0.126076,4.191107,8.554228,14.32927
"1990-03-01",-3.892162,0.764693,6.305216,9.787433,13.384846
"1990-04-01",-6.119318,1.252119,4.273437,5.719167,10.276871
"1990-05-01",-8.087716,-0.583996,3.768144,6.127649,12.012979
"1990-06-01",-2.252294,2.224777,5.814605,9.308432,11.56661
"1990-07-01",-5.746147,0.894561,4.64497,6.198686,13.026771
"1990-08-01",-0.423036,2.354189,5.443095,8.572333,15.846485
"1990-09-01",-1.714449,1.099998,3.413306,7.103313,11.104333
"1990-10-01",-3.083718,1.418532,3.987521,7.415685,11.858168
"1990-11-01",-5.266555,-1.110787,3.030479,5.646966,11.429034
"1990-12-01",-11.514769,0.875113,3.83869,5.899988,10.837324
"1991-01-01",-6.016733,1.563641,4.035847,9.156447,24.276102
"1991-02-01",-5.067597,0.194493,2.224986,7.006442,13.76272
"1991-03-01",-8.510786,-0.606124,2.154593,4.171769,8.722006
"1991-04-01",-5.058633,0.872405,3.198265,4.490125,9.062475
"1991-05-01",-2.26076,2.042552,4.321833,6.71024,11.294787
"1991-06-01",-6.643522,0.224659,2.348853,5.137655,10.091106
"1991-07-01",-5.403592,0.485062,2.785123,5.49477,11.389575
"1991-08-01",-2.347583,1.004233,2.242505,5.826916,9.674378
"1991-09-01",-1.143923,1.830431,3.133754,5.836215,9.831812
"1991-10-01",-3.724611,0.642171,3.345407,4.855119,8.840793
"1991-11-01",-4.101822,1.929402,3.74825,6.208147,10.750366
"1991-12-01",-5.97017,0.510621,4.512734,5.864563,10.486311
"1992-01-01",-8.412326,0.550208,2.919007,5.062969,10.423194
"1992-02-01",-4.297682,-0.758083,3.080757,6.230345,9.991043
"1992-03-01",-2.493937,0.48865,3.279355,5.746039,10.909529
"1992-04-01",-4.648142,-0.563247,2.464771,4.751783,11.655257
"1992-05-01",-3.974447,0.823075,2.308714,5.623158,10.830469
"1992-06-01",-3.211101,1.079358,1.880846,4.687696,10.329267
"1992-07-01",-3.626643,0.61683,2.448012,5.13139,9.728449
"1992-08-01",-4.70468,0.207764,2.449052,4.467084,9.079569
"1992-09-01",-3.617388,-0.856551,2.581548,5.061977,10.138868
"1992-10-01",-1.48063,0.652549,4.050434,5.516323,11.219651
"1992-11-01",-4.745133,0.958292,3.94612,5.472319,7.912849
"1992-12-01",-4.130114,0.755495,3.03435,4.508395,8.16135
"1993-01-01",-5.094805,-0.419496,3.208626,4.220626,14.123759
"1993-02-01",-5.623254,0.267139,3.004117,4.281818,9.539814
"1993-03-01",-7.662048,0.616361,2.792949,3.139945,12.793622
"1993-04-01",-5.179701,1.487176,3.577556,4.591548,11.625695
"1993-05-01",-8.089475,1.104178,3.261373,5.757301,13.430875
"1993-06-01",-5.618516,-0.917265,2.266237,3.494731,7.731464
"1993-07-01",-3.614017,0.806472,2.45073,4.309335,7.626587
"1993-08-01",-3.953695,-0.406188,2.406212,3.495531,9.644248
"1993-09-01",-7.926312,1.045863,1.647985,3.785048,9.028401
"1993-10-01",-4.377994,1.482703,2.725628,4.49561,10.131314
"1993-11-01",-5.564063,1.240333,2.64825,3.454656,8.747655
"1993-12-01",-8.978432,-0.636814,3.135659,3.521859,5.063644
"1994-01-01",-11.536392,-0.953412,2.941153,3.418933,8.839264
"1994-02-01",-8.016875,0,3.387428,4.0805,12.044994
"1994-03-01",-1.944833,1.088468,3.432329,3.714406,11.01658
"1994-04-01",-5.73289,-1.677689,2.262471,2.752848,10.498491
"1994-05-01",-5.740314,0.337844,3.732888,4.469143,7.20222
"1994-06-01",-1.481051,1.356527,2.278286,4.5679,7.414292
"1994-07-01",-4.541757,0.857725,2.374482,4.462497,8.741004
"1994-08-01",-4.788245,-0.28714,2.250092,2.816973,5.916721
"1994-09-01",-6.541982,-0.473092,2.055614,2.698148,5.342402
"1994-10-01",-4.916771,-0.97787,2.624215,3.347162,11.009182
"1994-11-01",-5.238762,0.121136,3.091585,3.428244,8.530524
"1994-12-01",-5.856793,-0.645453,1.921196,3.374878,4.022385
"1995-01-01",-5.851534,1.068577,4.152014,6.030219,13.970466
"1995-02-01",-5.113524,0.215316,2.260675,3.306766,8.7249
"1995-03-01",-5.79572,-0.354243,3.275369,3.505582,7.047675
"1995-04-01",-1.915344,0.722637,2.819026,3.756492,8.046431
"1995-05-01",-4.601275,0.072896,2.208645,4.357717,7.482214
"1995-06-01",-5.495952,-0.915195,1.961867,3.465759,7.125976
"1995-07-01",-5.281129,-0.537177,2.160801,3.257283,8.62412
"1995-08-01",-2.328134,1.113199,2.457882,3.336401,8.14357
"1995-09-01",-5.751514,-0.352757,2.530969,3.386802,6.770001
"1995-10-01",-2.99649,1.257781,3.340942,4.593347,9.140422
"1995-11-01",-7.850031,-0.091279,2.552522,3.763649,5.834484
"1995-12-01",-3.998726,0.159264,2.318864,3.839129,11.62163
"1996-01-01",-5.865558,1.481105,2.55093,3.780999,11.197621
"1996-02-01",-3.449154,0.873757,2.031713,3.044836,9.197846
"1996-03-01",-2.934596,0.628918,2.685131,3.617406,10.358519
"1996-04-01",-7.090483,-0.346662,2.142756,4.10549,11.87061
"1996-05-01",-5.744005,0.690308,3.232193,3.778916,10.628395
"1996-06-01",-10.575302,-0.410296,2.288436,3.519485,6.214246
"1996-07-01",-4.128259,-1.748462,3.070216,3.851419,9.236378
"1996-08-01",-11.058578,0.815416,2.624202,3.155216,7.826477
"1996-09-01",-4.457289,1.345325,2.704676,4.416751,10.240895
"1996-10-01",-4.420324,0.435575,2.964142,4.756004,10.012038
"1996-11-01",-4.154083,0.601988,2.999387,3.993658,8.840276
"1996-12-01",-5.016162,0.851663,2.348932,2.782048,6.983523
"1997-01-01",-3.096454,-0.933852,2.855496,3.212988,8.404096
"1997-02-01",-5.180129,0.175366,2.252059,3.188692,7.538658
"1997-03-01",-5.215037,0.302493,2.636896,3.194354,9.03774
"1997-04-01",-7.65178,-0.467922,2.16711,3.728217,13.866857
"1997-05-01",-6.89819,-1.028157,1.67948,3.060074,5.719847
"1997-06-01",-9.219424,-1.133853,2.55963,2.954964,6.741671
"1997-07-01",-8.614351,-3.553433,2.426094,3.772891,5.805851
"1997-08-01",-10.225295,-0.844081,1.931923,3.387496,5.474792
"1997-09-01",-2.5653,0.461445,2.554565,3.860235,8.133511
"1997-10-01",-6.146437,-2.376138,1.642674,2.587882,8.427164
"1997-11-01",-8.089363,-1.418757,2.014261,3.60473,6.945809
"1997-12-01",-9.290984,-2.533643,1.829757,2.779934,6.298614
"1998-01-01",-5.987621,-1.280324,1.944908,3.467578,7.421231
"1998-02-01",-9.62071,-0.903454,2.340896,2.664131,5.509606
"1998-03-01",-7.036397,-0.893251,2.940281,4.247167,6.255394
"1998-04-01",-8.776203,0,2.02109,3.397779,7.576937
"1998-05-01",-8.330842,-2.217145,2.900812,3.654837,8.020964
"1998-06-01",-7.648445,-1.693593,1.255461,3.912315,5.918862
"1998-07-01",-2.17607,0.222996,2.318139,3.331015,8.662737
"1998-08-01",-5.039109,-1.559629,3.239229,3.958357,10.376429
"1998-09-01",-10.450435,-3.585568,2.729965,3.602346,7.15723
"1998-10-01",-4.478198,-0.191998,2.296783,3.941619,6.79276
"1998-11-01",-12.212518,-0.04739,2.309574,3.067858,6.334627
"1998-12-01",-7.352017,-2.887551,2.230141,2.742359,5.117672
"1999-01-01",-5.696748,0,2.546955,3.614309,7.134895
"1999-02-01",-8.864769,-3.357499,1.714682,1.972348,5.762368
"1999-03-01",-5.243959,-1.007036,2.041574,2.537499,5.527766
"1999-04-01",-3.478763,0.802392,2.532145,4.607006,12.334649
"1999-05-01",-7.323525,-0.854965,2.526813,2.770969,5.857842
"1999-06-01",-10.464458,-0.855575,1.880883,3.057815,5.921459
"1999-07-01",-5.291935,0,2.517547,3.625127,8.511457
"1999-08-01",-5.411064,-0.619059,2.332955,2.692241,8.080674
"1999-09-01",-2.304832,0.585037,2.506988,3.555876,11.582663
"1999-10-01",-5.11078,0,1.894972,3.3727,6.628944
"1999-11-01",-5.989445,-0.856185,3.022879,3.778857,6.274966
"1999-12-01",-5.830954,0,2.246274,3.51506,11.786627
"2000-01-01",-4.093124,1.073103,3.828935,5.999799,12.67776
"2000-02-01",-5.545298,-0.660628,2.598465,3.106846,12.375332
"2000-03-01",-4.477127,1.157309,2.985331,4.905088,10.456503
"2000-04-01",-8.81186,-1.4898,2.463229,3.161833,6.410186
"2000-05-01",-6.933566,0,2.437241,3.341258,7.554153
"2000-06-01",-10.174769,-0.858294,2.833028,3.707966,9.479427
"2000-07-01",-5.326106,0.252052,2.982039,5.002229,14.774683
"2000-08-01",-6.501291,-0.776579,2.213839,3.062467,7.706814
"2000-09-01",-5.195333,1.348817,3.223121,3.922108,9.127893
"2000-10-01",-6.837302,-0.094444,2.473334,4.043811,9.785244
"2000-11-01",-7.464876,0.875551,3.036153,4.030855,7.849621
"2000-12-01",-10.672439,-0.937544,2.597797,3.629129,7.081289
"2001-01-01",-4.273766,0,3.636952,6.062756,19.920327
"2001-02-01",-4.051359,0.353447,3.625963,4.425975,7.672791
"2001-03-01",-5.963432,-1.133706,3.0412,4.833853,6.138536
"2001-04-01",-8.169945,-0.24975,3.200021,4.209016,7.702673
"2001-05-01",-6.913412,-1.639445,3.078162,4.816351,7.428411
"2001-06-01",-4.846598,0.127505,3.352325,4.778468,7.048475
"2001-07-01",-5.293385,-1.582819,3.541381,4.098854,10.165209
"2001-08-01",-7.709394,-2.282806,3.715781,4.67952,5.358883
"2001-09-01",-7.103698,-1.728278,2.554305,4.136613,6.938221
"2001-10-01",-9.469289,-0.583294,2.971981,4.941655,7.383557
"2001-11-01",-4.414885,-0.117991,2.668692,4.391794,6.247412
"2001-12-01",-8.59366,-2.194414,1.97548,4.396343,5.197363
"2002-01-01",-7.473856,-2.424009,2.79771,4.052587,6.104592
"2002-02-01",-7.111044,-1.116401,3.258128,3.858554,8.03799
"2002-03-01",-5.916606,-0.810239,3.449783,4.045197,6.51822
"2002-04-01",-4.545134,0,2.415549,4.013762,10.83597
"2002-05-01",-5.581269,-0.611377,2.429738,2.85025,6.954292
"2002-06-01",-6.506032,0,2.566707,3.424544,6.675413
"2002-07-01",-3.669902,0.704091,2.812482,3.397199,10.468945
"2002-08-01",-4.486161,0,2.252685,3.599523,9.593103
"2002-09-01",-4.981649,0.499873,3.013418,3.978326,8.288369
"2002-10-01",-5.406651,0.550683,2.812854,4.007882,8.008365
"2002-11-01",-5.387683,-0.086657,2.806277,3.876335,8.270909
"2002-12-01",-5.826264,-2.334538,2.782443,4.296292,7.963585
"2003-01-01",-8.901082,-2.226754,3.346499,4.874417,9.892755
"2003-02-01",-3.243564,-1.067233,1.835148,4.269767,10.309478
"2003-03-01",-10.701515,0,2.685393,4.168811,10.720017
"2003-04-01",-7.041881,-2.123118,0.710884,3.604552,8.587543
"2003-05-01",-7.655302,-1.656576,1.667693,4.997801,12.324362
"2003-06-01",-5.64117,-0.256608,1.782042,3.317643,8.33082
"2003-07-01",-3.036211,1.429035,2.936803,5.235127,10.624699
"2003-08-01",-2.486949,1.018507,2.204016,3.194578,11.66433
"2003-09-01",-4.850124,0,2.488111,3.225042,8.906104
"2003-10-01",-7.248085,-1.687654,3.162174,4.169628,10.873143
"2003-11-01",-6.704763,-1.014482,2.586734,2.952087,6.125618
"2003-12-01",-2.196966,-0.070882,1.117505,3.429019,8.817662
"2004-01-01",-4.546797,0.421631,2.246317,6.135767,13.478396
"2004-02-01",-3.163358,0.588406,2.512685,4.440709,7.27212
"2004-03-01",-5.392549,-0.81042,2.728506,4.587605,7.599141
"2004-04-01",-5.589049,0.817041,3.819955,4.336993,8.538039
"2004-05-01",-3.300796,0.660315,2.933941,4.321377,8.263613
"2004-06-01",-2.082761,1.386167,2.708828,4.106625,7.979675
"2004-07-01",-7.201074,-0.525616,2.525062,4.220785,6.758743
"2004-08-01",-7.957513,-2.177224,2.448843,3.327267,6.408105
"2004-09-01",-5.003014,0,1.638854,3.174298,10.716938
"2004-10-01",-3.593768,0.084019,2.028062,4.223325,9.798457
"2004-11-01",-3.536469,1.375057,2.132138,4.540508,12.151485
"2004-12-01",-8.914876,0,2.136298,2.850827,6.811859
"2005-01-01",-7.281531,0.111296,3.408619,5.859718,11.911679
"2005-02-01",-5.58139,-0.076057,3.213979,4.529357,9.269986
"2005-03-01",-4.52555,0.359051,2.121165,3.239017,12.658367
"2005-04-01",-3.517951,0.574876,2.0906,3.82055,16.662088
"2005-05-01",-6.635764,0.284215,2.653748,2.914218,9.076341
"2005-06-01",-5.292776,-0.491651,1.574645,3.881912,7.613329
"2005-07-01",-3.471129,0.592894,2.938651,4.061186,7.696052
"2005-08-01",-5.959611,-0.343063,2.102582,3.849532,9.391473
"2005-09-01",-3.520542,1.508875,3.356528,6.301794,12.283444
"2005-10-01",-5.418256,0.974862,3.329743,5.571196,10.680758
"2005-11-01",-5.863861,0.702021,3.159094,4.632023,9.938505
"2005-12-01",-7.957477,-0.368851,1.809543,2.616736,5.993767
"2006-01-01",-2.215656,0,3.663088,4.644409,11.291095
"2006-02-01",-11.851181,-0.368665,2.387417,3.668153,8.942722
"2006-03-01",-5.42643,0.805061,3.414351,4.175374,8.051984
"2006-04-01",-2.876651,0.480112,3.843603,4.696085,9.323048
"2006-05-01",-3.456326,1.231458,4.399378,5.735076,10.344938
"2006-06-01",-3.237461,2.221404,3.920631,4.934797,8.202353
"2006-07-01",-6.972579,0.164834,3.392435,4.601067,8.124727
"2006-08-01",-2.659071,0.778122,3.369309,4.242128,11.790408
"2006-09-01",-5.322349,-0.474755,2.88867,4.080921,7.230787
"2006-10-01",-6.613355,-1.780428,3.4009,4.586405,8.499864
"2006-11-01",-6.650321,-3.451827,2.152913,3.530437,6.116599
"2006-12-01",-5.865898,0.744621,3.520082,3.990701,7.357866
"2007-01-01",-6.913325,0.443987,3.783076,5.755901,18.973516
"2007-02-01",-3.799659,1.607737,3.37616,4.756345,11.154993
"2007-03-01",-4.194597,-0.199014,2.887175,3.544483,10.044771
"2007-04-01",-3.966738,0.479868,1.932819,3.613983,8.542996
"2007-05-01",-3.788632,0.049329,2.520587,3.243548,8.915485
"2007-06-01",-2.519004,0.499769,2.232046,3.864266,8.518558
"2007-07-01",-4.000594,0.446868,2.273529,3.825005,8.378006
"2007-08-01",-6.540233,0.581397,2.324143,3.291145,6.782113
"2007-09-01",-2.844499,1.484509,3.312708,5.360812,14.721446
"2007-10-01",-1.865505,1.107236,3.355853,4.879224,14.85399
"2007-11-01",-3.445945,0.90186,3.951291,4.902056,10.453917
"2007-12-01",-4.349567,0.214693,3.209105,4.161878,13.391026
"2008-01-01",-3.522113,-0.565543,2.732101,4.788181,9.999467
"2008-02-01",-4.867744,0.416969,2.160548,3.426998,11.853737
"2008-03-01",-5.347845,0.659071,2.90962,4.027823,14.425983
"2008-04-01",-10.218836,-0.048819,2.73793,3.505637,10.808648
"2008-05-01",-5.624665,0.638826,2.446553,4.736546,12.775935
"2008-06-01",-4.752776,1.197727,3.048531,6.479611,13.325888
"2008-07-01",-3.671657,1.873871,3.215035,6.680325,20.217106
"2008-08-01",-8.946198,0.033103,1.782537,3.609993,10.185179
"2008-09-01",-4.984424,-0.626399,2.784523,4.363459,6.938246
"2008-10-01",-19.397431,-2.023178,1.73178,4.443672,8.986425
"2008-11-01",-19.290558,0.055356,3.172567,3.968966,6.360181
"2008-12-01",-12.033462,-2.462443,0.808271,3.2872,5.667212
"2009-01-01",-10.012003,0.440537,2.858939,4.181448,10.266666
"2009-02-01",-5.891441,0.422484,2.095915,3.369022,9.81164
"2009-03-01",-11.737543,0.027955,2.028472,2.725789,6.075285
"2009-04-01",-5.654829,0.269672,1.757226,2.711578,6.636159
"2009-05-01",-6.668847,-0.713265,2.015917,3.723989,7.826059
"2009-06-01",-3.300461,0.199603,1.7909,3.365345,9.992353
"2009-07-01",-8.308931,-1.678247,0.307073,2.169165,7.135372
"2009-08-01",-4.34504,0.316257,1.262823,4.795119,11.138907
"2009-09-01",-3.736827,-1.343709,0.928154,2.632516,10.826526
"2009-10-01",-3.749768,-0.33315,3.025742,5.583255,19.952365
"2009-11-01",-6.296256,-1.401706,2.157757,2.590123,11.181219
"2009-12-01",-5.752035,-0.465737,0.604416,2.124523,5.160637
"2010-01-01",-5.115781,-0.810273,1.161557,2.785638,12.308628
"2010-02-01",-6.379695,-0.784878,0.247627,2.743382,5.819759
"2010-03-01",-4.146191,-0.895999,0.771116,2.848582,6.339031
"2010-04-01",-5.478572,-0.498577,1.167681,2.480984,7.935059
"2010-05-01",-7.322678,-0.629923,0.702628,1.732747,7.554486
"2010-06-01",-9.422388,-0.863354,0.673467,2.30792,6.410081
"2010-07-01",-7.022212,0.030598,0.639566,1.859847,7.880929
"2010-08-01",-4.36208,0.099943,1.972849,3.126151,7.993581
"2010-09-01",-5.44523,0.4737,1.535574,2.024446,6.985473
"2010-10-01",-4.100323,-0.345631,0.92142,2.097425,11.022149
"2010-11-01",-2.773949,0.542898,1.290567,3.091367,7.62464
"2010-12-01",-6.915067,0.148344,1.058885,2.483226,7.352807
"2011-01-01",-4.268505,1.135363,2.416172,4.379859,22.910314
"2011-02-01",-2.212471,1.315242,1.811026,4.783732,9.409743
"2011-03-01",-3.616488,0.570084,2.134985,4.149151,10.252979
"2011-04-01",-0.483246,1.040056,2.340073,4.304218,13.795039
"2011-05-01",-1.2764,1.382951,2.368,4.471861,13.880389
"2011-06-01",-4.767753,0,1.855279,2.844082,7.428724
"2011-07-01",-3.167755,0.614742,1.983854,2.732422,9.708125
"2011-08-01",-1.793825,1.355308,2.578672,3.879702,11.92972
"2011-09-01",-5.146887,-0.144413,2.019733,3.505253,11.676197
"2011-10-01",-11.507964,-0.242116,2.272093,3.238248,6.948548
"2011-11-01",-1.746699,0.808498,1.824563,3.53765,11.882063
"2011-12-01",-4.690055,0.680733,2.278783,3.490375,8.100248
"2012-01-01",-2.280427,0.772882,2.288738,3.631811,16.220681
"2012-02-01",-3.355361,0.791694,1.630934,2.706146,12.746144
"2012-03-01",-3.068337,0.61378,2.318655,2.902763,7.691182
"2012-04-01",-2.966518,0.291972,2.70308,3.4819,6.025585
"2012-05-01",-7.311401,0.060152,1.508966,3.350775,4.37836
"2012-06-01",-6.496034,-0.782347,1.254456,2.642445,6.758297
"2012-07-01",-7.907741,-1.455881,1.913272,2.925302,7.720694
"2012-08-01",-6.039334,-0.108427,2.419556,2.488369,10.577602
"2012-09-01",-2.860687,0.945647,2.185287,2.709177,6.468179
"2012-10-01",-2.102385,0.153863,2.112256,3.282497,16.646046
"2012-11-01",-6.317576,-1.297832,1.31407,2.057804,6.121754
"2012-12-01",-5.668887,-0.481849,1.867694,2.443844,7.61586
"2013-01-01",-4.499909,1.152664,2.05999,3.721524,9.349025
"2013-02-01",-3.986211,0.507225,2.447209,3.021534,6.711103
"2013-03-01",-7.135166,-1.211641,1.94112,2.05941,4.577438
"2013-04-01",-9.35074,-4.760478,1.632266,2.55409,6.192354
"2013-05-01",-5.732715,-0.697497,2.182919,2.294291,5.475458
"2013-06-01",-3.183236,1.222894,2.442419,2.778447,9.681467
"2013-07-01",-3.468493,0.324446,1.882473,2.680653,6.073571
"2013-08-01",-4.138046,0.074096,2.007899,3.398749,9.191553
"2013-09-01",-5.835661,-0.123982,2.152858,2.990226,4.445669
"2013-10-01",-6.485491,0.087848,2.289091,3.345306,6.958443
"2013-11-01",-4.635976,0.319324,2.381795,3.065282,6.915983
"2013-12-01",-5.409373,-0.050142,1.767817,3.347165,7.131152
"2014-01-01",-3.556003,-0.205095,2.121847,2.946447,16.087412
"2014-02-01",-9.913288,-1.26107,1.633695,2.659358,6.52303
"2014-03-01",-4.471626,-1.403108,1.914863,2.967446,12.127167
"2014-04-01",-2.470832,0,2.551798,3.076278,10.330234
"2014-05-01",-4.815871,0.814439,2.304732,2.546537,8.385819
"2014-06-01",-3.639537,0.343156,2.324754,2.958805,5.931514
"2014-07-01",-6.500803,-0.681861,2.426166,3.735643,8.835087
"2014-08-01",-7.777368,-1.247517,1.745342,2.884143,4.423936
"2014-09-01",-5.540803,-0.091139,2.345224,2.567954,5.265607
"2014-10-01",-10.404064,-5.137984,2.721029,2.827622,6.771718
"2014-11-01",-8.624957,-1.570199,2.848987,3.156988,8.285305
"2014-12-01",-7.402869,-0.731186,1.53156,2.716297,7.305978
"2015-01-01",-11.996203,-5.234619,2.100789,3.078023,6.456093
"2015-02-01",-4.90223,0.519406,2.290578,3.284112,7.074755
"2015-03-01",-4.879581,-0.197685,1.562019,3.168414,10.975979
"2015-04-01",-4.810702,0.247652,3.120312,3.399727,5.828143
"2015-05-01",-6.094416,-0.108863,2.485221,2.780428,6.955882
"2015-06-01",-5.886909,0.339411,1.98682,3.941693,7.29428
"2015-07-01",-3.854335,0.048242,2.472875,3.384036,5.340125
"2015-08-01",-7.447732,-0.823514,1.571501,2.534805,3.755068
"2015-09-01",-6.490997,-0.036196,2.164289,3.261748,6.9475
"2015-10-01",-9.14899,-3.15192,1.670982,2.782343,6.10329
"2015-11-01",-5.492335,-0.953744,1.878571,2.658849,5.507412
"2015-12-01",-7.44147,-2.207328,1.244434,2.894887,4.561677
"2016-01-01",-6.622231,-2.130016,3.241029,4.094078,6.830769
"2016-02-01",-7.292931,-0.159701,2.482739,3.156075,8.821059
"2016-03-01",-4.526711,-0.294208,2.488632,2.902472,9.153394
"2016-04-01",-3.302625,-0.06132,2.947747,3.833183,14.481049
"2016-05-01",-5.979208,-0.304393,3.017786,4.215886,10.946291
"2016-06-01",-4.766706,-0.64505,1.838727,3.749374,7.578117
"2016-07-01",-8.655517,-1.570898,2.474988,3.468361,10.095742
"2016-08-01",-7.070659,-0.720447,2.278895,3.368992,7.247484
"2016-09-01",-4.993192,0.148157,2.072665,4.120754,10.219808
"2016-10-01",-6.876851,0.185205,1.912352,3.537748,8.49365
"2016-11-01",-6.426636,-1.188929,1.490307,3.375042,7.608874
"2016-12-01",-4.038955,-0.059043,1.932338,3.339151,5.292693
"2017-01-01",-3.460196,-0.745495,2.878437,4.829867,12.15171
"2017-02-01",-7.347915,-0.290018,1.936751,3.121523,7.581636
"2017-03-01",-11.62968,-1.067521,1.979126,2.466349,5.407821
"2017-04-01",-7.779147,-0.167141,1.557273,2.77599,11.799219
"2017-05-01",-7.451654,-0.726486,1.298545,2.555279,8.111476
"2017-06-01",-6.207078,-0.538172,1.922102,3.379795,9.038195
"2017-07-01",-10.155047,-1.896483,1.101945,3.147367,10.798239
"2017-08-01",-5.452083,-0.10781,1.935093,4.056031,5.99253
"2017-09-01",-4.899658,-0.56994,1.583615,3.325549,7.593764
"2017-10-01",-3.767505,0.405308,2.535971,3.747166,11.332765
"2017-11-01",-7.383857,-0.658309,2.148704,3.122507,6.482912
"2017-12-01",-4.121526,-0.438667,2.23994,4.106504,8.328823
"2018-01-01",-3.215891,0.836507,3.176768,4.396181,13.681022
"2018-02-01",-4.502129,0.047931,2.250431,3.4087,10.807146
"2018-03-01",-3.64756,-1.267353,1.950115,3.903241,8.027044
"2018-04-01",-4.444635,-1.030122,1.586283,3.781343,11.866083
"2018-05-01",-5.568483,0.873283,2.371287,3.10626,10.77478
"2018-06-01",-4.738536,0.793647,2.166982,2.836144,5.733764
"2018-07-01",-6.546853,-0.451154,2.299223,3.510753,6.518213
"2018-08-01",-6.113488,-0.023028,2.164029,3.321061,6.355588
"2018-09-01",-4.525366,-0.154615,2.457463,2.657602,9.131539
"2018-10-01",-7.45835,0.493097,2.707961,3.471291,11.386663
"2018-11-01",-13.147591,0.438997,2.885345,3.818145,9.402319
"2018-12-01",-7.467769,-0.552005,2.054644,2.907058,10.168404
"2019-01-01",-11.045488,-1.863655,2.289496,3.438114,7.112637
"2019-02-01",-4.761266,0.390027,3.016792,3.775395,10.752124
"2019-03-01",-6.335783,-0.433188,2.430083,3.740003,8.42808
"2019-04-01",-7.434966,-0.693955,4.092836,4.774803,9.862404
"2019-05-01",-6.614696,-1.273609,2.061037,3.1673,8.826359
"2019-06-01",-7.653209,-1.637713,1.789194,3.635955,6.416169
"2019-07-01",-2.257173,0.307677,2.801459,3.2627,9.348133
"2019-08-01",-4.468473,-0.287208,2.404122,3.072339,4.747328
"2019-09-01",-8.059945,-1.41165,2.131812,3.398711,4.678821
"2019-10-01",-5.939059,0.196981,2.335261,4.204245,12.300502
"2019-11-01",-4.002245,0.140367,1.938968,3.175942,7.738241
"2019-12-01",-6.80623,-1.241846,3.007593,3.77207,10.73164
"2020-01-01",-5.203078,-0.225538,3.184941,4.075058,9.055942
"2020-02-01",-5.663727,0.169548,2.650175,3.234241,8.755332
"2020-03-01",-7.482912,-2.018612,1.938735,3.006247,9.218727
"2020-04-01",-13.478295,-0.268285,2.367753,4.028518,19.895938
"2020-05-01",-7.431304,-0.988426,2.778761,5.750594,8.532993
"2020-06-01",-5.692893,0,1.836935,3.9673,10.409797
"2020-07-01",-5.943322,0.210592,2.590336,4.485845,17.715279
"2020-08-01",-5.052396,0.374325,2.031252,4.344593,10.824833
"2020-09-01",-9.214729,-0.354214,0.997019,3.013705,14.423618
"2020-10-01",-5.122939,-0.786532,2.22611,2.600909,7.401032
"2020-11-01",-6.649162,-0.080471,0.490171,2.424238,10.544355
"2020-12-01",-3.39611,0.0697,1.707988,2.90353,11.674949
"2021-01-01",-9.365296,-0.316931,1.771689,4.267587,21.664654
"2021-02-01",-4.484527,-0.41558,2.96435,5.453317,11.880086
"2021-03-01",-3.880881,0.323464,2.790686,4.4092,16.300202
"2021-04-01",-4.437363,1.162078,2.905898,4.594928,22.551926
"2021-05-01",-3.961009,0.77985,3.118042,6.273392,18.46326
"2021-06-01",-4.387108,-0.624657,2.964581,7.080058,23.269318
"2021-07-01",-2.796773,1.186935,3.695778,6.164499,18.652869
"2021-08-01",-1.923907,0.405105,3.365384,5.961296,15.725272
"2021-09-01",-2.856152,1.270124,4.649242,6.420611,16.774086
"2021-10-01",-1.717344,0.84294,5.601393,10.504442,23.862171
"2021-11-01",-0.072545,1.497988,4.833722,6.950037,19.921731
"2021-12-01",-2.232058,1.964156,4.803608,7.146212,21.007463
"2022-01-01",-7.459396,1.64064,6.830197,12.27923,21.982269
"2022-02-01",-1.263239,1.659862,5.614783,7.533739,23.082972
"2022-03-01",-4.054908,-0.279422,2.759866,5.664906,25.550719
"2022-04-01",-9.987615,-2.715645,6.040311,7.083991,15.797788
"2022-05-01",-2.797689,1.604503,5.998009,9.100139,19.419716
"2022-06-01",0.392638,1.895662,8.851058,11.344189,26.127162
"2022-07-01",-7.163302,-0.702975,5.077537,8.000753,19.146224
"2022-08-01",-4.49731,1.137189,6.537333,9.0243,15.952326
"2022-09-01",-6.763823,0.10997,4.575939,9.443798,14.787101
"2022-10-01",-5.349655,0.093744,5.782415,8.148385,13.238299
"2022-11-01",-6.946787,0.135423,3.209931,8.294789,13.119129
"2022-12-01",-5.372037,0.632102,4.895013,9.196709,12.62969
"2023-01-01",-4.532977,-0.540131,6.280939,8.046054,15.869213
"2023-02-01",-3.750229,1.284069,4.002993,8.692621,11.99463
"2023-03-01",-6.347821,1.596818,4.863913,5.959892,9.409323
"2023-04-01",-5.960495,0.805688,4.510763,6.955682,9.173806
"2023-05-01",-8.508801,0.913201,3.949302,6.397534,10.512052
"2023-06-01",-6.952424,-0.532597,2.687693,5.958382,9.878744
"2023-07-01",-5.692778,-0.033363,3.403793,6.090679,8.269904
"2023-08-01",-6.465187,0.030583,3.191491,4.601376,11.057647
"2023-09-01",-7.703731,-0.559186,4.080527,6.393709,13.82109
"2023-10-01",-4.957839,0.02767,3.578907,5.461113,9.637453
"2023-11-01",-10.162393,-1.819937,3.511959,5.676889,7.110536
"2023-12-01",-6.222445,-0.660191,1.765565,5.362307,10.475409
"2024-01-01",-9.107571,1.920753,6.280116,7.024281,15.401966
"2024-02-01",-2.018935,0.773904,2.491034,5.651619,14.418783
"2024-03-01",-4.222864,1.003697,3.557808,5.093413,17.648871
"2024-04-01",-4.964399,-0.714617,3.344686,4.31689,9.232038
"2024-05-01",-8.96187,-1.749051,3.500566,4.743099,8.869098
"2024-06-01",-6.678603,-0.506012,2.650463,3.690361,7.188531
"2024-07-01",-3.16989,-0.381594,1.857672,4.39991,6.676836
"2024-08-01",-5.156441,-1.156277,2.798349,5.192843,8.881454
"2024-09-01",-5.585867,0.574555,3.750092,4.26321,11.032514
"2024-10-01",-4.638746,0.746991,3.666261,5.388832,13.366705
"2024-11-01",-4.889825,-0.280757,3.231311,4.017866,11.482475
"2024-12-01",-5.684431,0.396354,3.851277,4.085622,8.128848
"2025-01-01",-4.177086,0.019503,3.570911,4.265046,16.217735
"2025-02-01",-2.956525,1.065661,3.659378,4.526733,11.122426
"2025-03-01",-6.966185,0.24874,3.528649,4.538581,7.307147
"2025-04-01",-6.593902,0.702773,3.959086,4.570146,10.082968
"2025-05-01",-4.490208,0.392487,2.793044,3.373568,9.018145
"2025-06-01",-3.343956,1.607189,3.7541,5.403204,9.444477
"2025-07-01",-6.235988,0.105488,2.770707,3.499515,10.833549
"2025-08-01",-5.392224,-0.072731,3.757282,4.979192,13.045154
"2025-09-01",-2.99835,0.98765,1.826649,3.990422,10.966298
"2025-10-01",-4.856682,0.181685,1.944814,3.40834,11.252844
"2025-11-01",-4.287514,0.25763,1.950296,3.406514,9.671093
"2025-12-01",-4.179384,-1.59727,3.291328,4.834472,13.752575
"2026-01-01",-4.582234,1.155619,2.656198,4.033557,20.938213
"2026-02-01",-4.407408,-1.160981,2.710719,3.716439,16.82309
"2026-03-01",-5.387178,0.633197,2.907188,5.134612,16.122549
"2026-04-01",-3.016984,-0.772992,2.908511,6.547229,19.919153
"2026-05-01",-6.306507,0.498885,3.556745,4.432046,13.896788
"2026-06-01",-10.923709,-0.838933,2.718251,3.174957,9.107408
"2026-07-01",-8.90715,-1.107277,2.93433,3.405089,7.797351
"2026-08-01",-4.663736,0.050009,2.305889,4.558055,16.076493
