"month","Headline PCE","Core PCE","Median PCE","Trimmed-mean PCE"
"1960-01-01",1.6948034819309,2.07083413973292,,
"1960-02-01",1.69971671388101,2.1852639721524,0.73240736745448,1.15909506916971
"1960-03-01",1.69201395746923,2.07327280922027,0.73240736745448,1.12385211612378
"1960-04-01",1.859517708128,2.0038535645472,0.702995453276545,1.07168885375439
"1960-05-01",1.91107900440008,2.04631470908974,0.689256148800288,1.03124113418269
"1960-06-01",1.66328334752144,1.80364566677327,0.443378626004542,0.864746708501674
"1960-07-01",1.63366660132001,1.74196018376722,0.604347171673414,0.895616135642285
"1960-08-01",1.65742251223493,1.72644454354336,0.611439976747574,0.875050922027043
"1960-09-01",1.45135047185161,1.54403354937096,0.434503769966921,0.792717383857577
"1960-10-01",1.32450331125828,1.42721217887727,0.422933374500212,0.704028959520464
"1960-11-01",1.60264728782766,1.51323287324301,0.452231128086078,0.779377342869547
"1960-12-01",1.50356448476994,1.32760146668351,0.456325021251502,0.748782314555996
"1961-01-01",1.58225795992477,1.32726583238529,0.456325021251502,0.731432820322775
"1961-02-01",1.56766211051371,1.23643704264444,0.456325021251502,0.694937713214383
"1961-03-01",1.45021364754629,1.26159086608213,0.456325021251502,0.67321870251349
"1961-04-01",1.02567410656689,1.21521218990051,0.23466848495044,0.562198765337873
"1961-05-01",0.979507668513979,1.18179532310787,0.23466848495044,0.529658884178108
"1961-06-01",0.979066022544273,1.27536596092228,0.23466848495044,0.54395303287893
"1961-07-01",1.01588118047964,1.25431169645656,0.068055656797994,0.492523679077839
"1961-08-01",0.930740098851013,1.21492985971943,0.0610011586903436,0.451193620915835
"1961-09-01",0.987939440595342,1.33283273887741,0.0649938550016937,0.452915847779978
"1961-10-01",0.865051903114189,1.30706691682303,0.0649938550016937,0.426196906749454
"1961-11-01",0.530046618558022,1.05407596831535,0.0390080386471592,0.339752104587543
"1961-12-01",0.536329970629557,1.17294734215125,0.0303921564631437,0.283429055476292
"1962-01-01",0.708586019789337,1.26621756487026,0.225928448246759,0.463842421569893
"1962-02-01",0.886536131130811,1.33349950149553,0.24340920667496,0.528970752504332
"1962-03-01",1.07849393746011,1.53865321123778,0.421252336451916,0.663655241114691
"1962-04-01",1.25151650597024,1.41835147744946,0.41363543321038,0.592287582603523
"1962-05-01",1.25717932354819,1.42892644135189,0.41363543321038,0.628573931350918
"1962-06-01",1.2757542897238,1.46401985111664,0.41363543321038,0.649113272623536
"1962-07-01",0.999299853605762,1.39362031588728,0.402527320584567,0.582897675733873
"1962-08-01",1.0620707199186,1.29934414057666,0.410999392757438,0.64309602157997
"1962-09-01",1.44200228687585,1.29677658391998,0.405191162277108,0.675326728955916
"1962-10-01",1.34680134680134,1.25933699611085,0.405191162277108,0.634075100716314
"1962-11-01",1.41024012196671,1.31465251203553,0.401980456496775,0.620391038826718
"1962-12-01",1.346373682205,1.25801677355699,0.401980456496775,0.618121349780454
"1963-01-01",1.40086206896552,1.33045888512473,0.294970232993674,0.576757299182873
"1963-02-01",1.23909470223795,1.27905546673226,0.281052593829068,0.531808825418367
"1963-03-01",1.02279184291938,1.1042944785276,0.103457753736236,0.402464224646404
"1963-04-01",0.901809926215558,1.20836655830214,0.103457753736236,0.429423380147398
"1963-05-01",1.00207978823974,1.24954061006983,0.305938582232157,0.545979411229847
"1963-06-01",1.15890911381242,1.23502078747859,0.305938582232157,0.55065372515597
"1963-07-01",1.41794807159061,1.2400733048259,0.305938582232157,0.569538930813263
"1963-08-01",1.40960291989176,1.3193256779868,0.29747537445437,0.521641159385711
"1963-09-01",0.895485002191743,1.30455986344793,0.294710301938328,0.448356930405414
"1963-10-01",1.19099855826492,1.53630433457297,0.487413928811264,0.634945951569277
"1963-11-01",1.26534703081935,1.55345720377704,0.487413928811264,0.644875007164925
"1963-12-01",1.45381626770273,1.66869671132763,0.492889783747175,0.681886723054625
"1964-01-01",1.41901606551229,1.61692298340526,0.446446037645853,0.628826605268085
"1964-02-01",1.4549768952167,1.69398907103826,0.47516477766465,0.656204623090106
"1964-03-01",1.59990000624961,1.72936893203883,0.47516477766465,0.646094804763209
"1964-04-01",1.68124999999999,1.69696969696971,0.47516477766465,0.653755946594337
"1964-05-01",1.52876575564709,1.59709618874773,0.272342343669196,0.506728020630054
"1964-06-01",1.45071913330428,1.49776543060758,0.272342343669196,0.457733693813789
"1964-07-01",1.37948176225688,1.50847764436131,0.272342343669196,0.419438466734134
"1964-08-01",1.31554452373568,1.54931275620929,0.272342343669196,0.44660070960747
"1964-09-01",1.48957298907648,1.40811168612349,0.272342343669196,0.426435278323978
"1964-10-01",1.35662516260917,1.22485740018012,0.0800511572489837,0.302207190001691
"1964-11-01",1.35469503897068,1.27774445110975,0.08475383568598,0.328332019303912
"1964-12-01",1.35268684373069,1.27590751168085,0.0838685909176462,0.335883936971038
"1965-01-01",1.25123274161736,1.27415206077646,0.136620829602663,0.347381458324225
"1965-02-01",1.15098171970212,1.20007164606843,0.106438688345167,0.271693325301103
"1965-03-01",1.21793688872485,1.16313748881598,0.106438688345167,0.305265890606976
"1965-04-01",1.30309176962322,1.19189511323003,0.158857297423998,0.394303097828774
"1965-05-01",1.51803822752135,1.29212814100272,0.167372034931224,0.469076844602423
"1965-06-01",1.66932613231863,1.1960014280614,0.17664335777785,0.551871478736854
"1965-07-01",1.61201348452342,1.19479284313142,0.17664335777785,0.598970607800697
"1965-08-01",1.56183009738469,1.25259720985458,0.193080578773452,0.632912453763423
"1965-09-01",1.4554794520548,1.32921908378827,0.19590236266338,0.724233349026959
"1965-10-01",1.42403129201809,1.25155703185242,0.198234560940036,0.785265378361388
"1965-11-01",1.45254806225206,1.29716282651189,0.375001530556207,0.852768302823259
"1965-12-01",1.66981534523738,1.46093334121962,0.601709651722926,0.982102858768164
"1966-01-01",1.68016071102453,1.35262847017128,0.703856053599061,1.03314044379337
"1966-02-01",2.05671169526589,1.48082595870207,0.92780383986597,1.211914124622
"1966-03-01",2.17563050744456,1.55070754716979,0.930640563884033,1.28758688127584
"1966-04-01",2.36636126448635,1.79623085983509,1.22881949295504,1.46304925085929
"1966-05-01",2.26419663397506,1.88113573570043,1.33044017714392,1.48727177794685
"1966-06-01",2.22141736085961,2.23437408126066,1.52718962438083,1.55249324036444
"1966-07-01",2.34648329110869,2.43186090225562,1.7452030807926,1.66492347861003
"1966-08-01",2.71378603304788,2.42729831144464,1.92299516166403,1.70981943618824
"1966-09-01",2.98975286317058,2.62356523776059,2.26540660626635,1.88697288622546
"1966-10-01",3.22988852063875,2.99355594610426,2.60830012412612,2.09550202621209
"1966-11-01",3.20640077001744,3.05812185709273,2.59536533480844,2.09756323240735
"1966-12-01",3.05101001019001,3.06051066806574,2.58190960196665,2.07048823192786
"1967-01-01",2.93360474166318,3.12372515880879,2.62119845670201,2.07697047637656
"1967-02-01",2.62938230383976,3.05796174641009,2.66086194473654,2.09576929975615
"1967-03-01",2.43264140843396,3.08308657028393,2.66251958307131,2.05625465417139
"1967-04-01",2.25238575069648,2.99681805033267,2.51716856945698,1.91287325986396
"1967-05-01",2.32062514799904,2.94847383301597,2.60106787900809,1.91748244852785
"1967-06-01",2.39163812448326,2.87571173865531,2.6899198145123,1.98995724219495
"1967-07-01",2.54022514292451,2.9246473219406,2.74768894902908,2.0283488330568
"1967-08-01",2.46594645373415,3.05094447624499,2.79379903748429,2.08643789748792
"1967-09-01",2.45230012876039,3.09860762383016,2.78679043198025,2.14974948214484
"1967-10-01",2.46920786877589,3.1454411011888,2.76178268643152,2.13086374235227
"1967-11-01",2.6579622289578,3.21702127659576,2.85373637775252,2.2301196794954
"1967-12-01",2.60586319218241,3.15628712031224,2.89583376065721,2.28313606099992
"1968-01-01",3.07683359506776,3.52076857869454,3.03067829113539,2.46717650932131
"1968-02-01",3.37535583570556,3.77954532633835,3.14317417281251,2.5744324861567
"1968-03-01",3.65811171757053,4.03289399571927,3.40189771773656,2.71881666986324
"1968-04-01",3.80847487102196,4.12851766556197,3.55308607074039,2.88781082246654
"1968-05-01",3.99213145105299,4.29324066808654,3.74410407239338,3.12787675436208
"1968-06-01",3.99677028663707,4.43897802873596,3.82322301786406,3.18675069065506
"1968-07-01",3.9602253132544,4.42946289280142,3.81491315529314,3.19612336949178
"1968-08-01",4.06257162502865,4.51591401433094,3.9406364616148,3.3759832754114
"1968-09-01",4.1073978863182,4.5663364144573,3.97558413228967,3.39512553140997
"1968-10-01",4.27253047738407,4.60461012462778,4.03597158460003,3.48777455022797
"1968-11-01",4.28117192823076,4.66688654353562,4.16041908416465,3.59119927858729
"1968-12-01",4.33106575963718,4.72117124527061,4.2717221158374,3.69758645601377
"1969-01-01",4.25459880374675,4.65116279069768,4.26665789953882,3.66293385328673
"1969-02-01",4.09688659098573,4.56052617274556,4.14382677491425,3.57112100403192
"1969-03-01",4.24602285458211,4.63454250135356,4.26031377015559,3.74080882111567
"1969-04-01",4.37793165065892,4.64990829647209,4.2817059747865,3.80756784479421
"1969-05-01",4.41192834093691,4.67540842648324,4.24956120500599,3.79149601894926
"1969-06-01",4.5807453416149,4.62502007387184,4.23845368604445,3.85405610971226
"1969-07-01",4.72162326532868,4.76444539294671,4.43333576371225,4.06962922774672
"1969-08-01",4.5812455261274,4.65029761904763,4.39572595362914,3.92533548520011
"1969-09-01",4.65320456540825,4.64746982849884,4.38947284900022,3.9470612700645
"1969-10-01",4.55091783216783,4.67077863883176,4.37705122753298,3.93415142946973
"1969-11-01",4.64989654796908,4.67412425817972,4.35645496100867,3.9825848534472
"1969-12-01",4.91197565746577,4.74918839669076,4.35412882084112,4.04879036125316
"1970-01-01",4.876596665945,4.70005216484091,4.34796810626907,4.05298010839932
"1970-02-01",5.02618366355343,4.7411104179663,4.44506748188744,4.19357880942299
"1970-03-01",4.79312197743149,4.64141570940702,4.46330014321463,4.19638819063599
"1970-04-01",4.86304301305371,4.65463917525775,4.47179990793658,4.21243685531136
"1970-05-01",4.77433793360686,4.60519560529828,4.47108475651747,4.13346855586108
"1970-06-01",4.53918761268426,4.62010744435917,4.46436992857391,4.06313559261553
"1970-07-01",4.46122168840084,4.53249134243228,4.35809001716314,3.98376834994816
"1970-08-01",4.44900752908968,4.60108679091973,4.3620011096098,4.07372259308565
"1970-09-01",4.48301174496644,4.61810824481539,4.35708234603871,4.08647718806503
"1970-10-01",4.64545122014945,4.6839587005792,4.39192744189909,4.14120800911302
"1970-11-01",4.60457856399585,4.82163463950629,4.37535626230936,4.13481694030531
"1970-12-01",4.58877149368138,4.95876030992253,4.51971449592992,4.24032328031205
"1971-01-01",4.43825153532538,5.02715360470329,4.49661994941501,4.2326425580071
"1971-02-01",4.32815873342243,5.02283105022832,4.41476737969795,4.10722891429491
"1971-03-01",4.41493180186647,4.96958908173863,4.2858676927197,3.94926689909445
"1971-04-01",4.29569919902046,4.94508200758508,4.23294432425552,3.86980707107585
"1971-05-01",4.39912526064181,5.03067484662576,4.22805429772153,3.98794807866654
"1971-06-01",4.59064624124987,5.07140062597808,4.2113417238884,4.0818524535013
"1971-07-01",4.52340038410997,5.07161648640748,4.17660517327585,4.0087878213853
"1971-08-01",4.55187014820042,4.85507598193913,4.18283303133555,4.01058465746811
"1971-09-01",4.24047774376473,4.59314412802785,4.09859481558257,3.86402621801532
"1971-10-01",3.88494956556475,4.24344479191725,3.7487790845318,3.54419938613071
"1971-11-01",3.69062422283015,3.94409343289299,3.61141773725617,3.32840623163277
"1971-12-01",3.63969495889869,3.74815449826165,3.3771486097862,3.11461003455238
"1972-01-01",3.84444334634582,3.78083491461101,3.32523851126256,3.086276741497
"1972-02-01",3.95151754040204,3.66729678638942,3.32135143998742,3.12558532165352
"1972-03-01",3.75681382900359,3.53778029018277,3.31131747119573,3.14609926591753
"1972-04-01",3.50731301668052,3.39325104425776,3.16180497011838,2.95759164235085
"1972-05-01",3.30767731878412,3.18224299065422,3.00991422105212,2.74261011803214
"1972-06-01",3.00693535088996,2.98347684431,2.89475292640464,2.53382345586912
"1972-07-01",3.06561578260238,2.8840357954282,2.85826119554755,2.51748705369104
"1972-08-01",3.06639024155055,2.95874427003751,2.84032047756191,2.4384295848094
"1972-09-01",3.37473522048912,3.12947811214348,2.88701963334588,2.49331725048889
"1972-10-01",3.33109017496636,3.02764572852725,3.07485278390953,2.57721306059215
"1972-11-01",3.42495323068066,3.06686314238349,3.18077184950862,2.6814778413397
"1972-12-01",3.349419465813,3.05269922879179,3.20379472965784,2.71138971820928
"1973-01-01",3.23578396383535,2.67861224116652,3.14892898358816,2.64429551055108
"1973-02-01",3.36998767655703,2.72611232676878,3.21176150094045,2.72730401746175
"1973-03-01",3.9568345323741,2.9391692069703,3.29909239756976,2.86151982236469
"1973-04-01",4.56994328922495,3.29550612800726,3.67742769256716,3.26025876513412
"1973-05-01",4.85217145282217,3.45545944477152,3.9116655186203,3.47006328462893
"1973-06-01",5.29215123122557,3.69248847509718,4.13031802199906,3.617666265832
"1973-07-01",5.29673938540933,3.83974041191582,4.08569879283234,3.55114436928157
"1973-08-01",6.20292838097021,4.1014570966001,4.22990489435597,3.73405401110272
"1973-09-01",6.14725469193871,4.28059166293142,4.21605689635043,3.74222741699728
"1973-10-01",6.62883193003676,4.6230345383685,4.31745500007532,3.96902604235048
"1973-11-01",7.18426789109967,4.85211330533464,4.43100796915772,4.12348833960039
"1973-12-01",7.72075820619511,5.11826807430174,4.74375992069866,4.33741012707267
"1974-01-01",8.42590458631021,5.56915817121488,5.09104929209263,4.58989707440112
"1974-02-01",9.11550277408408,5.90662998136149,5.41496750527768,4.84735872763722
"1974-03-01",9.60207612456749,6.30276243093921,5.8074407017674,5.16201863542467
"1974-04-01",9.56297735797893,6.48180699595711,5.88374839654962,5.24454901353699
"1974-05-01",10.1007375427235,7.09157765715285,6.41781213108299,5.67766686548077
"1974-06-01",10.4055806466038,7.7234886457743,6.67565195867286,6.14729375034204
"1974-07-01",10.8180360007129,8.21578924525845,7.15893078389336,6.59704504324437
"1974-08-01",10.6990265603665,8.75237601520649,7.74318377724961,7.04920882350994
"1974-09-01",11.4070109244066,9.17687513432193,8.26888295028543,7.54068841073616
"1974-10-01",11.5740336794346,9.60822093770071,8.68563189411875,7.87414256620846
"1974-11-01",11.4971873647772,9.87727970001706,8.85666152436653,8.06442213423886
"1974-12-01",11.4635193133047,10.0432240020341,8.84522591975352,8.18734294879322
"1975-01-01",11.0912723717213,10.1416884540778,9.00223655049914,8.34957851783804
"1975-02-01",10.4088750682859,10.2199874292898,8.93336268617237,8.26497877418071
"1975-03-01",9.51273210650936,9.93721674774437,8.50951756204639,7.90342740502099
"1975-04-01",9.11190859217095,9.65292394040691,8.41145988335834,7.71660141896238
"1975-05-01",8.47969937096642,9.07047089601047,7.81756676045251,7.23017147159322
"1975-06-01",8.2381530984204,8.48877200080922,7.605287753634,6.844725087611
"1975-07-01",8.36683821164361,8.1976417742841,7.46345341338102,6.69771913685899
"1975-08-01",7.71128441827151,7.53555255422262,6.81846974020257,6.23663327895254
"1975-09-01",7.13188674044027,7.15748031496064,6.55608702425807,5.9895697717602
"1975-10-01",6.98729227761485,6.85573655220906,6.49028832218119,5.90195683474197
"1975-11-01",6.87313230100517,6.78275032963622,6.45427348055627,5.79392252417736
"1975-12-01",6.61892110430866,6.67744916820703,6.40008765920155,5.63606635429736
"1976-01-01",6.36384509413745,6.60438761055171,6.11370596358076,5.44318307784963
"1976-02-01",5.92601050468142,6.27661192214113,6.02869930039724,5.31254760941495
"1976-03-01",5.72772446231462,6.07390038198254,6.06670544224142,5.30835914680821
"1976-04-01",5.61016180251019,5.9729017689123,5.80504809683347,5.19132401688234
"1976-05-01",5.68943444536485,6.02256118127646,5.96652445012615,5.33368688148765
"1976-06-01",5.49318964226913,5.9374184164398,5.9685904222919,5.35200804226226
"1976-07-01",5.12744406930583,5.86774408777522,5.88680058514643,5.28862839406683
"1976-08-01",5.24935352789064,6.11355324886409,6.10510340367447,5.41302643618471
"1976-09-01",5.31907072489339,6.15768976412667,6.06793337195721,5.35131802732995
"1976-10-01",5.25911848549083,6.14900928566207,5.88951707698808,5.22965808826059
"1976-11-01",5.06209601278234,5.93063373887779,5.84786234587737,5.20273191166238
"1976-12-01",5.07042253521126,5.86239260703199,5.75901586966139,5.14143561575835
"1977-01-01",5.28152545421838,5.96537853756642,5.96480926896321,5.27382511919743
"1977-02-01",5.96816499586792,6.19209443748883,6.14385159806266,5.48589042873642
"1977-03-01",6.33946830265848,6.29300816486611,6.38403586433076,5.70977047397738
"1977-04-01",6.71534936998854,6.39982952729339,6.57913351593675,5.81993909622527
"1977-05-01",6.74765755816025,6.44043831742664,6.56212676806449,5.84314639394077
"1977-06-01",6.8778376844495,6.64319662031332,6.63889146383461,5.94355327041547
"1977-07-01",6.88900652902771,6.71545113966598,6.63499657056128,5.98594016280876
"1977-08-01",6.79863816643853,6.6246605862285,6.55038996138007,5.9612395759844
"1977-09-01",6.60360894907681,6.45116633211047,6.45847497218663,5.8967344790062
"1977-10-01",6.54143953334954,6.443725030996,6.41709012816396,5.76365339542264
"1977-11-01",6.66735794276234,6.51055951727921,6.53904591616368,5.85715510201863
"1977-12-01",6.5889874200866,6.48230239378027,6.55456132102332,5.92420029698026
"1978-01-01",6.59877661210402,6.47008981528556,6.37591989073123,5.74928774171317
"1978-02-01",6.26271531262714,6.2285252307485,6.16157242202942,5.61409186924868
"1978-03-01",6.41700404858301,6.35314638400644,6.09670258124262,5.58023165180479
"1978-04-01",6.6047229303636,6.51557128075035,6.20482796070911,5.73000007807631
"1978-05-01",6.82508427060042,6.59869819341126,6.38998867311946,5.8960491192158
"1978-06-01",6.92310245262353,6.55618645186846,6.30312288263504,5.91415356403531
"1978-07-01",6.95347839006835,6.52580465238362,6.36699540937635,5.98791580679592
"1978-08-01",6.99684501117392,6.57220281432629,6.37514926326739,6.05119354020895
"1978-09-01",7.19968568902858,6.73645880746472,6.61631135946046,6.21508284037193
"1978-10-01",7.55417956656348,7.00165011162519,6.88327855977511,6.5591055311649
"1978-11-01",7.54674184245487,7.02352979045291,6.92081605409982,6.66571578121922
"1978-12-01",7.52636161362097,6.88826976654817,7.00952903358745,6.7091941721318
"1979-01-01",7.70340450086555,6.79633284522823,7.20829604466271,7.02583022664458
"1979-02-01",7.77625323079869,6.73537339464088,7.48179030943577,7.21319774840059
"1979-03-01",7.91959926447277,6.76843499653061,7.57214739605896,7.24543814096394
"1979-04-01",8.22504011830969,7.06339506753157,7.50031828761843,7.23904539828808
"1979-05-01",8.56973256685827,7.36160004984581,7.63440548887486,7.35470663800788
"1979-06-01",8.75624670205171,7.36414895594524,7.80674547425297,7.40002331620451
"1979-07-01",8.98959651776618,7.27177528643586,7.90581321505015,7.50865684099515
"1979-08-01",9.26989587492706,7.40763433613136,8.16843291940901,7.68666450585811
"1979-09-01",9.61150815466376,7.52056046299117,8.25479991320306,7.7998421744222
"1979-10-01",9.63245765536467,7.51716004959029,8.42315176197526,7.90654500549746
"1979-11-01",9.77101536607412,7.62428945231435,8.43400978141644,7.87718778760058
"1979-12-01",10.1784375468586,7.97830906585175,8.54260381897229,8.03061493455584
"1980-01-01",10.4979611274816,8.24465706876509,8.76870620791588,8.16281852140188
"1980-02-01",11.10255802937,8.96639828871921,8.88863588311148,8.36368814072321
"1980-03-01",11.5951821386604,9.34952144629566,9.087151372834,8.59756105707776
"1980-04-01",11.01904346562,8.90384896824237,9.20273047474078,8.56070983229122
"1980-05-01",10.7363816868579,8.83581916313618,9.1577285185058,8.53604328808992
"1980-06-01",10.5228608938867,8.94820372240657,9.31622736726532,8.69075458819664
"1980-07-01",10.5395836283813,9.16477647937064,9.25573715283661,8.5918805730252
"1980-08-01",10.6141953619114,9.22989161437535,9.18125340888631,8.56132084323864
"1980-09-01",10.6606481094486,9.51301736593104,9.27264258579019,8.66990334583626
"1980-10-01",10.6434138521917,9.61273448266164,9.14957946584154,8.56749491111573
"1980-11-01",10.7759448851316,9.77531857813547,9.2254367824963,8.64040291311132
"1980-12-01",10.5664280464901,9.64734607807776,9.30824919793414,8.66195074857898
"1981-01-01",10.4703156987394,9.76456009913258,9.21365132580814,8.60745943161561
"1981-02-01",10.392794329265,9.47460261199118,9.16187450665324,8.58825068721234
"1981-03-01",9.81388369705425,9.07150768565794,9.04476334746311,8.40341429994891
"1981-04-01",9.72109467068218,9.20794474158089,9.088448006434,8.50503204073221
"1981-05-01",9.36281898030249,9.08097155197696,8.84839848431178,8.31696851987176
"1981-06-01",9.1103938024532,8.90189638732917,8.57981762845752,8.07139710678424
"1981-07-01",8.92225695690052,8.79513952815549,8.68408677975296,8.09941474565858
"1981-08-01",8.69863535869482,8.73720493001882,8.58818177213112,8.02788846291689
"1981-09-01",8.35452599773385,8.42796906123082,8.44416871014282,7.84075346483177
"1981-10-01",7.98091574451079,8.18473380372033,8.21100437523508,7.64246803731572
"1981-11-01",7.68354022646744,7.9654803726898,7.98121684156183,7.45270768858741
"1981-12-01",7.31887447379433,7.71800192317424,7.72159909826156,7.18104929390508
"1982-01-01",6.92984808953696,7.44587441358722,7.42623248338969,6.86986080397283
"1982-02-01",6.17727996910153,7.07810320781033,6.97741575256476,6.44030948937011
"1982-03-01",5.71257341483877,6.95232198142415,6.79878739144093,6.27752634823018
"1982-04-01",5.30586915530944,6.69406639923216,6.42533979118984,5.9458610244242
"1982-05-01",5.45800166330046,6.54070833231493,6.38574477545035,5.88807739565582
"1982-06-01",5.80077154284904,6.54473818615171,6.37341394225945,5.854506470644
"1982-07-01",5.78949844735108,6.59252991659616,6.31562080025541,5.88157145055752
"1982-08-01",5.45658577640622,6.3709716151962,6.09205007382301,5.59991611787392
"1982-09-01",5.11235563404828,6.06942621973041,5.78952495912641,5.25545019135101
"1982-10-01",5.22577958730452,6.10933238467923,5.75962976722908,5.18882488351806
"1982-11-01",4.979291302347,5.8829077362005,5.51683087165133,4.91051185983953
"1982-12-01",4.81488278203421,5.82832174403307,5.33939373174199,4.72983744263269
"1983-01-01",4.68154972293799,5.90254266968642,5.32084562085251,4.75322322030705
"1983-02-01",4.54473115834944,5.8868679350607,5.29940489938523,4.6830951116122
"1983-03-01",4.41063086761304,5.56018711500161,4.96768279043269,4.44390686397886
"1983-04-01",4.83454215775159,5.46213641501163,5.16903840863161,4.56754374136521
"1983-05-01",4.51083772700644,5.0425566083186,4.88330631585219,4.33171321708055
"1983-06-01",4.14504294917681,5.00593498904309,4.66384305544296,4.15727643656114
"1983-07-01",4.11616891636462,5.03265898575707,4.42072820180968,3.87970811069349
"1983-08-01",4.23871597055956,5.09086804379726,4.30525927151288,3.79105787856995
"1983-09-01",4.31543342250129,5.12607121167816,4.29455348963603,3.86177962596967
"1983-10-01",3.90880911029525,4.64897968306475,4.02484792236364,3.63022382111418
"1983-11-01",3.74364369630018,4.50719280274352,4.16027113736226,3.73935776195573
"1983-12-01",3.64388418357298,4.25314657373084,4.08822261269,3.71472604121916
"1984-01-01",3.61172831438157,3.8891461075468,3.99489576898993,3.6481886773525
"1984-02-01",4.13187195546276,4.15815485996704,4.07854528362039,3.70389682791075
"1984-03-01",4.33942184479725,4.42050764539412,4.27347461915624,3.85682629232214
"1984-04-01",4.26134521004042,4.59526257080993,4.22668264308346,3.84015934432949
"1984-05-01",4.09839599862021,4.68691986808483,4.21245354935644,3.76429644894674
"1984-06-01",3.89629916016925,4.44555553140149,4.27049108633231,3.78743484167285
"1984-07-01",3.6821870995301,4.19338817991406,4.34852779052728,3.87877231771088
"1984-08-01",3.55806039982984,4,4.40817741657564,3.95334208898239
"1984-09-01",3.3358058705097,3.73999743249604,4.43279812399033,3.93922792683918
"1984-10-01",3.40421030360731,3.78889814399521,4.50401916592429,4.00463171673975
"1984-11-01",3.40361700329586,3.76731301939057,4.33987095436272,3.83700636641267
"1984-12-01",3.63824485831328,4.10092622165441,4.5652039988088,3.94961025152587
"1985-01-01",3.70448238163317,4.33776872307463,4.48287182408864,3.803491861469
"1985-02-01",3.48968340155376,4.22202539120167,4.53217719368291,3.8871712684359
"1985-03-01",3.55529651755793,4.19135257783942,4.49857974264933,3.88047980097377
"1985-04-01",3.31162906436628,3.82669064447325,4.25415858546012,3.69534804300573
"1985-05-01",3.42549445997722,3.94300377610415,4.3799156050145,3.76692159498861
"1985-06-01",3.52277190878834,4.04195978853599,4.40558431253644,3.81668075983197
"1985-07-01",3.40721819380356,3.89820322052514,4.12963818017718,3.61216523666712
"1985-08-01",3.43170476249153,4.06510782450633,4.11905876907368,3.58578827524505
"1985-09-01",3.4660267847987,4.12077713154313,3.99044781132658,3.54799578991769
"1985-10-01",3.39444285305071,4.0539150118325,3.95226139272857,3.49520468848497
"1985-11-01",3.54902641848682,4.08846359193396,3.95687305826076,3.62492114296782
"1985-12-01",3.60424604225666,3.95982900738376,3.87338941453892,3.63174918300231
"1986-01-01",3.56404330373434,3.93776060205431,3.95916427448413,3.74728266782733
"1986-02-01",3.08546059933408,3.66855524079319,3.75355677494049,3.51371970733831
"1986-03-01",2.45834087117329,3.6214788377392,3.63300316628228,3.33295903481905
"1986-04-01",2.10152345396519,3.68565213888665,3.78107525155016,3.38983488373767
"1986-05-01",2.04649672600572,3.50641270096139,3.64075611939096,3.31666732287419
"1986-06-01",2.14877683474788,3.47483396015045,3.62315574368355,3.3108912670645
"1986-07-01",1.92437945734889,3.36099253999282,3.68792440122576,3.34143041327561
"1986-08-01",1.7155110793424,3.0666931321953,3.6314820790569,3.2720566351623
"1986-09-01",1.87714325358284,3.19309088027888,3.6853242616893,3.3053448326007
"1986-10-01",1.88985415471079,3.3778305151785,3.85593926913657,3.38356438139078
"1986-11-01",1.77584846093133,3.34392077176509,3.86479910849871,3.33238002363421
"1986-12-01",1.57522123893805,3.19711964113563,3.79246401336752,3.2668215764265
"1987-01-01",1.58562367864692,2.89035439619578,3.8027301567273,3.29255464246136
"1987-02-01",1.94189961631821,2.83411082700604,3.86879774795712,3.32550931843918
"1987-03-01",2.43663187632426,2.82550740430831,4.01256901327347,3.50834110802802
"1987-04-01",3.02940945191474,3.07486111650674,4.16556583656469,3.65811695043425
"1987-05-01",3.10237240242539,3.18789994182664,4.27027754817542,3.75212429658807
"1987-06-01",3.10844362769056,3.1609473175447,4.20450956743394,3.68454526357089
"1987-07-01",3.32069423813619,3.24012427873945,4.23980000660751,3.66635393757784
"1987-08-01",3.59959397204654,3.37794896485317,4.45892848445568,3.79485631548762
"1987-09-01",3.60923029029496,3.44748157248158,4.40851475741257,3.76737323549312
"1987-10-01",3.75233064014917,3.53719893635336,4.32443951640025,3.77884175997163
"1987-11-01",3.76308646762311,3.533521686011,4.32882884705041,3.77142112195656
"1987-12-01",3.81212367621149,3.61663997559674,4.25444110791744,3.67934382605395
"1988-01-01",3.72682776428874,3.85712655483281,4.31117881571148,3.65501012426779
"1988-02-01",3.51793532529381,3.85878333491507,4.30102130198926,3.63429476960602
"1988-03-01",3.59865170260851,3.99500387956322,4.28381347209319,3.61054772646723
"1988-04-01",3.71501078059113,4.05917271271083,4.14853716400836,3.56841923912983
"1988-05-01",3.7531879258498,4.12109595219303,4.11682401000009,3.55052753543883
"1988-06-01",3.80159648091618,4.2747376311844,4.21406448172934,3.65935911203268
"1988-07-01",4.06522520477461,4.43007215222999,4.37043650822595,3.85300760866076
"1988-08-01",3.96254145312027,4.33689152182417,4.22725796584837,3.81101125856198
"1988-09-01",4.118232521455,4.48118459140503,4.36276728023417,3.96733693783822
"1988-10-01",4.12766754024709,4.43257824914083,4.31246671076297,3.92409300356551
"1988-11-01",4.17219409203864,4.50078362680926,4.34313068712089,3.96925513724857
"1988-12-01",4.30436404326744,4.62750004599901,4.39270957465421,4.10624958958405
"1989-01-01",4.43449505833395,4.66249130132219,4.38036899663481,4.1652850610558
"1989-02-01",4.62640053424352,4.71325706348915,4.38779984452429,4.25968571846496
"1989-03-01",4.65679477936147,4.57854127238317,4.36168351767272,4.26150651310988
"1989-04-01",4.84399146368386,4.42239084373133,4.37390013868111,4.26028652597503
"1989-05-01",4.92167149723006,4.37850813074161,4.50826276119176,4.34410201215811
"1989-06-01",4.70536660212619,4.21631530705775,4.37362707215543,4.23236577604873
"1989-07-01",4.44812041009235,4.05956898403379,4.31716132075606,4.14516116149586
"1989-08-01",4.15224286361577,3.94593532951237,4.3011096377068,4.06580485737784
"1989-09-01",3.87778659548372,3.75086578933346,4.21289062836077,3.91197266943069
"1989-10-01",3.94426966292136,3.73312574087508,4.40298174582239,4.05698491708919
"1989-11-01",3.92976288696776,3.72468064083562,4.41651195042072,4.04042252973666
"1989-12-01",3.90680875411245,3.67543612830614,4.48298146967125,4.06395881590618
"1990-01-01",4.1590322867562,3.55018197088466,4.41033693201422,3.9560892813393
"1990-02-01",4.27112513740648,3.7890290940189,4.45168556566422,3.92400775544151
"1990-03-01",4.27647848512682,3.97786594278553,4.63963657950799,4.07312983621022
"1990-04-01",3.80424292407306,3.93853731291514,4.6034508604669,4.02930697024531
"1990-05-01",3.65928282951902,3.94584406826552,4.4373034639321,3.93498973739361
"1990-06-01",3.89030389728202,4.07332678014036,4.63080937096576,4.07637477684615
"1990-07-01",3.89843192537287,4.0680473372781,4.62564176988121,4.09413607560385
"1990-08-01",4.5766192183204,4.35611591115996,4.71530125370796,4.27134152959618
"1990-09-01",4.98489425981874,4.35817114295007,4.72502836238513,4.26228769112906
"1990-10-01",5.17476953942475,4.33388480496666,4.55305549307834,4.14592286504807
"1990-11-01",5.07895418068858,4.1828975793968,4.47448710628022,4.01896097993029
"1990-12-01",4.87326415776161,4.03195711910982,4.43386833315107,3.97474171597292
"1991-01-01",4.48141000461122,4.14998056808773,4.37022593927838,3.97590945137365
"1991-02-01",4.07576813861352,3.93320777561041,4.17970957270339,3.87993053246203
"1991-03-01",3.70640150424337,3.65163838404123,3.84645326832636,3.57895914722413
"1991-04-01",3.67665703128963,3.55069078288728,3.75679804696061,3.4945453471281
"1991-05-01",3.87249114521842,3.64634450636281,3.86255144490311,3.57663121201988
"1991-06-01",3.59013970983342,3.46816020149465,3.57913694532996,3.35099764400755
"1991-07-01",3.49754602254644,3.52225583048213,3.42446427859813,3.21823518544444
"1991-08-01",3.05344781682642,3.37596497292314,3.19631738903188,3.02295122191896
"1991-09-01",2.77681303233275,3.42819650619206,3.10607178505482,3.0057716236346
"1991-10-01",2.38279258686751,3.30543385862814,3.0641235291814,2.9363688227273
"1991-11-01",2.4783208513993,3.37328152042582,3.12376707359459,3.075786120322
"1991-12-01",2.63844449913857,3.48437168805336,3.1314392498909,3.10740673644725
"1992-01-01",2.38815241021952,3.25129386569756,3.05616663149213,2.98604371587665
"1992-02-01",2.59606587374199,3.24720500914135,3.12778634813515,3.0029385167305
"1992-03-01",2.8225608859705,3.2888788426763,3.21214126865732,3.09096645071703
"1992-04-01",2.91365029674557,3.4208830164357,3.15080843423736,3.02419281333808
"1992-05-01",2.62559672652876,3.15534370134976,2.9984276952945,2.90364051873249
"1992-06-01",2.634138434106,3.01239550302679,2.97099733987558,2.90017219689398
"1992-07-01",2.81127097933223,3.08787840081748,2.97429661012669,2.90708810723188
"1992-08-01",2.70946698745378,2.89949684733457,2.9680079110797,2.84165004665693
"1992-09-01",2.52478115345005,2.65641106970107,2.92195161087261,2.70533927305203
"1992-10-01",2.69514937359461,2.82463525018197,2.96903164322344,2.73757556017997
"1992-11-01",2.67160280141672,2.85727824109174,2.99088431503443,2.70611792593192
"1992-12-01",2.5945997793871,2.79510934644229,2.9204578548587,2.59601897099846
"1993-01-01",2.70442862160349,2.81422353514245,2.94456204146487,2.59583893660849
"1993-02-01",2.59885026354763,2.73137556022189,2.93818158640617,2.58812273141267
"1993-03-01",2.5608031898839,2.69957638378691,2.89365321871324,2.52111473707526
"1993-04-01",2.55707473185571,2.66114080052351,2.98631315737294,2.60511001603354
"1993-05-01",2.73721184121007,2.86434428142457,3.05495526647361,2.65642466675344
"1993-06-01",2.59022348574587,2.88232824961525,3.08738508001987,2.62468137913081
"1993-07-01",2.41640954599835,2.70730725149457,3.04326147544283,2.59706731203757
"1993-08-01",2.45405524375482,2.80541586073502,3.03378926007041,2.58315971782888
"1993-09-01",2.39354605810431,2.79314073845203,2.95301603368061,2.61206872446802
"1993-10-01",2.35384278519815,2.56698317918098,2.84398195695437,2.55818946649726
"1993-11-01",2.34609140859141,2.60745381674115,2.73086758992174,2.49117297425867
"1993-12-01",2.19085016205434,2.46313724288034,2.72714737330364,2.45696642898683
"1994-01-01",1.97724305166946,2.24660716469005,2.71209911122414,2.41828488290374
"1994-02-01",2.05963153238449,2.27283127659899,2.73662931052716,2.41945398224304
"1994-03-01",2.13131766856149,2.3972602739726,2.77894548192434,2.46672538244364
"1994-04-01",1.98044274172369,2.253722056123,2.66956204441471,2.36726041966797
"1994-05-01",1.81417769085057,2.13570499440359,2.70854822709463,2.33107902212342
"1994-06-01",2.02755753983528,2.26513743445607,2.71880681366232,2.3812542989236
"1994-07-01",2.18570835702976,2.26799770787467,2.72522462638356,2.39248035576409
"1994-08-01",2.24643240754949,2.19151690297721,2.72546359016055,2.37482727906821
"1994-09-01",2.25328796100432,2.19273197270733,2.76203096655478,2.35098415240362
"1994-10-01",2.10564919089895,2.26566837216977,2.75005590131729,2.30169963022626
"1994-11-01",2.10624246953497,2.18949699935647,2.78696412781989,2.31501505525515
"1994-12-01",2.14845536885122,2.17804305225209,2.69552002863211,2.27719636467858
"1995-01-01",2.32150478629352,2.35120026307134,2.78847634404171,2.38054587469476
"1995-02-01",2.26595291684408,2.29689620713829,2.7019193556816,2.30909276727664
"1995-03-01",2.17328662207865,2.19992567818654,2.70167269985715,2.26665801070172
"1995-04-01",2.32068469287283,2.2841961529328,2.74813571862615,2.31833178806968
"1995-05-01",2.32941567969021,2.23025205106182,2.62244954849467,2.2633693424426
"1995-06-01",2.18040801545145,2.09232224126721,2.58671589961361,2.20316651871726
"1995-07-01",1.98703388938195,2.0392816066531,2.56885514340437,2.16363377996067
"1995-08-01",1.97196626346909,2.16955842931628,2.57878278274832,2.2139460485562
"1995-09-01",1.9293038316244,2.14862420400901,2.6185140156233,2.23998457462127
"1995-10-01",2.02032295236529,2.1567850697654,2.68071891767907,2.32649661598487
"1995-11-01",1.82380354902312,2.03567558068012,2.63849427826206,2.29783952147058
"1995-12-01",1.95399382006538,2.14479174291777,2.67180694749529,2.34778539913447
"1996-01-01",1.97387042471733,2.00657174151151,2.53934353736889,2.27384756475049
"1996-02-01",1.95401956993726,1.97267703792263,2.52019171674542,2.281952999954
"1996-03-01",2.07362327445448,1.9591302450731,2.47123648352827,2.28977273351716
"1996-04-01",2.11112262572728,1.86026264238555,2.41058403593788,2.24051649459605
"1996-05-01",2.13004981448908,1.86435276393557,2.45810788815832,2.26718858425223
"1996-06-01",2.02903259152059,1.8540496728999,2.48541430015585,2.30438666903683
"1996-07-01",2.11645674168901,1.88436583286369,2.56113124436779,2.3353210076744
"1996-08-01",1.99417201389298,1.72848760938198,2.57499488808604,2.33093314036379
"1996-09-01",2.21192734759907,1.90330847418585,2.58946541561695,2.37676919855294
"1996-10-01",2.25609129981956,1.89725250262112,2.55824158998774,2.34556305168101
"1996-11-01",2.44099223987444,1.96492134573429,2.58220398814868,2.38524154493296
"1996-12-01",2.36310395314789,1.86039845205677,2.59442006612374,2.36317589846808
"1997-01-01",2.26874306083094,1.85399934143653,2.61977682685026,2.33417722426197
"1997-02-01",2.32059509918319,1.93022590792109,2.63760062766885,2.33310790497534
"1997-03-01",2.12020300434801,1.93717725599838,2.63358205909481,2.29219769255071
"1997-04-01",1.9152421962217,1.99866091143495,2.66510155612714,2.3055441774025
"1997-05-01",1.6933943148266,1.89564698019027,2.57937325760986,2.23104897699977
"1997-06-01",1.82512917746163,1.96808435053215,2.60249346035177,2.22104335760487
"1997-07-01",1.67107182575792,1.84667754059997,2.55517285901394,2.13137146407552
"1997-08-01",1.65505100789289,1.71754102542301,2.49734273351814,2.06490398001722
"1997-09-01",1.61297284853021,1.62051426956769,2.48485039920789,2.0518045159506
"1997-10-01",1.43883860046765,1.53351750577888,2.4295882618393,1.89618138619014
"1997-11-01",1.26444517634929,1.43156768626569,2.37125852832265,1.8106852600668
"1997-12-01",1.12566867866235,1.45213035402711,2.31819917104978,1.74370165612865
"1998-01-01",1.0442111277766,1.49836950410434,2.26816232630953,1.66956898617066
"1998-02-01",0.781172043164036,1.37747229625473,2.27618731070445,1.61765774455658
"1998-03-01",0.690637237451042,1.24405261684859,2.30324846184591,1.6509689665654
"1998-04-01",0.71698864767975,1.23184357541901,2.29597139056257,1.62513635860737
"1998-05-01",0.900913722922758,1.2560710098811,2.39056595890308,1.68876099042798
"1998-06-01",0.686547646122349,0.979681707962876,2.30695791946129,1.62090308976599
"1998-07-01",0.875074580219914,1.19486958096009,2.29903630730328,1.67155833329622
"1998-08-01",0.933995741660754,1.43358689291984,2.40773335617797,1.71524514151897
"1998-09-01",0.632965165675436,1.2067790954718,2.46546539572821,1.67353835791957
"1998-10-01",0.72264962099784,1.25076350713531,2.46520791780278,1.75987468053855
"1998-11-01",0.721194637705769,1.23789169835409,2.49016748093092,1.77557323760185
"1998-12-01",0.844401069291822,1.35367545076284,2.53722632309874,1.804847227756
"1999-01-01",0.935874236598044,1.34330425148874,2.56171472781326,1.84288426748687
"1999-02-01",0.932120680631976,1.22177330086339,2.50927040821889,1.79797055015019
"1999-03-01",0.992787441663157,1.14445258400255,2.43481830943089,1.72005974009097
"1999-04-01",1.35455803836266,1.21823349245329,2.44745024774617,1.76924625154675
"1999-05-01",1.28217786867904,1.2170581100452,2.41636923468374,1.73002474155477
"1999-06-01",1.39902590527281,1.39799340334801,2.44288198186322,1.74768700271091
"1999-07-01",1.41811012533444,1.29498382990434,2.45217411254888,1.78408008032844
"1999-08-01",1.46256398717444,1.14686774623318,2.39185831257476,1.74580861807789
"1999-09-01",1.88554462690138,1.43141699292535,2.33021068574855,1.7805448243478
"1999-10-01",1.83367732333657,1.40669344776998,2.29665500406628,1.77550860022193
"1999-11-01",1.9206469547637,1.48594928032899,2.34251406022026,1.81625835198778
"1999-12-01",2.0547560941401,1.43959713175326,2.31849400167086,1.83721423607577
"2000-01-01",2.18913695061487,1.53867176824267,2.42542796925327,1.96785838118188
"2000-02-01",2.56873791305809,1.72237030961657,2.49929744611075,2.09238029066925
"2000-03-01",2.93087996415167,1.90087049209451,2.57562939663067,2.20211788764841
"2000-04-01",2.35099014730269,1.70653581408029,2.56988220697638,2.14302400635626
"2000-05-01",2.3689488050805,1.71852658813918,2.56642526228501,2.17815746350631
"2000-06-01",2.68426475092587,1.74211285624848,2.65655089996082,2.23045466171694
"2000-07-01",2.66881430773289,1.79197348042279,2.71278246827273,2.27516313233693
"2000-08-01",2.47546709541497,1.87257271665626,2.68368293538928,2.30017584000946
"2000-09-01",2.54809617854628,1.8500209921855,2.74327296375403,2.36398732613723
"2000-10-01",2.51485612651492,1.81847680597058,2.79735422977443,2.41395703361045
"2000-11-01",2.5663277956856,1.90047815868384,2.79845787926312,2.42920031194773
"2000-12-01",2.48477935214324,1.87108784804662,2.84106612330872,2.47156055761562
"2001-01-01",2.70144323679775,2.00522165101069,2.82425639672255,2.4718152533814
"2001-02-01",2.5371971963766,2.03587986293086,2.90967834151332,2.50392816264844
"2001-03-01",2.10870008842938,1.93246432786183,2.91432131157414,2.48158477178748
"2001-04-01",2.37323675181089,2.02768806036158,2.9757886481214,2.59066115089897
"2001-05-01",2.55764913951433,1.94251442494342,3.02260410620165,2.58536920721919
"2001-06-01",2.39173468557636,2.09219573534525,3.05522995003824,2.67041764134943
"2001-07-01",2.10173250923058,2.12212212212213,3.08414102905517,2.61826377498164
"2001-08-01",2.09646441420726,2.04209488010023,3.22096336576752,2.66581280710785
"2001-09-01",1.31309594354363,1.2167067803146,3.19612506013089,2.57339865094617
"2001-10-01",1.5318816994607,1.78732671163753,3.2435438423652,2.54717602296313
"2001-11-01",1.32156815343085,1.81466311422172,3.23400763104764,2.53094827359202
"2001-12-01",1.06207506939695,1.73872740515131,3.2025701773867,2.45506875172483
"2002-01-01",0.665937116318793,1.41828064805529,3.1434165815581,2.32297593047572
"2002-02-01",0.679565078349853,1.43289872250756,3.11285665647973,2.29333609967093
"2002-03-01",0.943308240623542,1.44851267613046,3.15903051108979,2.27884116821389
"2002-04-01",1.18770532139865,1.56968343622752,3.09345498367415,2.22008830760647
"2002-05-01",0.988260263978224,1.65861217628829,3.04194601758479,2.18465920078934
"2002-06-01",0.936200640906804,1.59333315862575,2.97644590089727,2.08793495176169
"2002-07-01",1.19216351184879,1.5382604718029,2.9320061882095,2.11079110042403
"2002-08-01",1.40294631974989,1.68771961908742,2.80297766345035,2.07839359619408
"2002-09-01",1.93281667486407,2.43569195196931,2.8102967869049,2.1361399802664
"2002-10-01",1.76045143856303,1.80551569389726,2.7857985705924,2.14332444679648
"2002-11-01",1.92998502140747,1.69769561255044,2.77616224744581,2.12403785260555
"2002-12-01",2.13367302257077,1.76888634352059,2.82159141194438,2.166361880492
"2003-01-01",2.34651535840702,1.78090567314071,2.85794329383982,2.178335759772
"2003-02-01",2.60462161518302,1.7268690436002,2.73503550938445,2.13347017770253
"2003-03-01",2.58965458073201,1.76890156918688,2.6594635232809,2.12447174463533
"2003-04-01",1.98869610935857,1.59844810863241,2.51787247362467,1.9944295842838
"2003-05-01",1.80480756600554,1.63155107155315,2.45409634295188,1.98329552280327
"2003-06-01",1.78812725483766,1.52707199422188,2.36900449016635,1.91536380159452
"2003-07-01",1.86273611456547,1.57416465015705,2.3679796540337,1.94363767690338
"2003-08-01",2.0067151797029,1.48885606011948,2.37552988735008,1.95424018646588
"2003-09-01",2.14133879318215,1.4646283281178,2.33192335967236,1.88737995180148
"2003-10-01",1.96821181708127,1.56590379046107,2.36085216635478,1.88087187736037
"2003-11-01",1.99617670390262,1.6053460327214,2.34261839140193,1.8661277302719
"2003-12-01",2.12287744735029,1.63710079680766,2.23929557120597,1.83397081471319
"2004-01-01",2.21240657504438,1.82898773006137,2.1559330368712,1.8986234288183
"2004-02-01",2.00061914712484,1.85327002603768,2.22400745167306,1.96613481898598
"2004-03-01",1.89642972016726,1.86048882432397,2.22758332959914,1.96524016830968
"2004-04-01",2.25922441457347,2.01244892503913,2.48502497757752,2.17187085758839
"2004-05-01",2.70953757225432,2.00574522713983,2.56944585273917,2.25316551399515
"2004-06-01",2.89091096561325,2.11006377194543,2.66655037357051,2.36913525529627
"2004-07-01",2.68453788423975,1.97554330608882,2.62750864028756,2.30572397061812
"2004-08-01",2.39116791967111,1.89990380233911,2.63633060444957,2.270914652641
"2004-09-01",2.27391698479376,1.94908612887732,2.57851003918523,2.26486060986275
"2004-10-01",2.70001148941059,1.98208427958617,2.4840585201328,2.27275576850197
"2004-11-01",2.9656262749898,2.06254409837718,2.43750887991201,2.30840954826039
"2004-12-01",2.79371541250557,2.06626650055997,2.48715765647975,2.33552255913752
"2005-01-01",2.53203056685547,2.17143000589926,2.57448930563298,2.4023219195791
"2005-02-01",2.59873288061006,2.17543859649123,2.62515806870733,2.42268270787493
"2005-03-01",2.74750943825048,2.25561087897515,2.57445968017862,2.41732130334218
"2005-04-01",2.84450381871801,2.10750917122109,2.42382454284795,2.3264880466259
"2005-05-01",2.56896638359883,2.17689278771869,2.42187232668953,2.28772577592264
"2005-06-01",2.34119577607697,2.08636584182436,2.32714070551578,2.2248845351124
"2005-07-01",2.67943182529253,2.11496880980193,2.36147651085497,2.27458157654075
"2005-08-01",3.04080254171566,2.1588721197441,2.33260134075199,2.28238005426362
"2005-09-01",3.83002097273544,2.19326522515373,2.45643446222355,2.40923139610656
"2005-10-01",3.55136237072395,2.26522002696985,2.5544897283228,2.46274778496238
"2005-11-01",2.93840857871666,2.30603049194495,2.64867426500441,2.49498575018634
"2005-12-01",2.88362767787527,2.28088128321149,2.62126790348471,2.46919847583791
"2006-01-01",3.2469378422139,2.14247982211522,2.64228847438746,2.42835621304962
"2006-02-01",3.02223536952126,2.13770604395604,2.57353712582598,2.36255723442429
"2006-03-01",2.91367127496158,2.16792884495394,2.69974645094249,2.42654780711289
"2006-04-01",3.1028271019448,2.36218547983038,2.8527394805882,2.50361756427449
"2006-05-01",3.32153486264375,2.40856595812144,2.99009369911614,2.64245070709921
"2006-06-01",3.51162790697674,2.59578824217608,3.19111081220935,2.80311841489673
"2006-07-01",3.42734563537528,2.5457554517134,3.22541727080619,2.83021101239698
"2006-08-01",3.33588258858664,2.67135196916455,3.33153657386749,2.91079439349855
"2006-09-01",2.08002693214062,2.60600545950864,3.29567187774853,2.82545235634519
"2006-10-01",1.67697016985775,2.4969151484358,3.32150564540992,2.76868150188463
"2006-11-01",1.92467310630209,2.28421802034438,3.259762915675,2.63508755800592
"2006-12-01",2.28675223442518,2.31560168275895,3.40323676950571,2.74449761574214
"2007-01-01",2.1332631024493,2.50045101930363,3.4132054470557,2.77452130560794
"2007-02-01",2.38921324655437,2.55646681636428,3.49606007790113,2.88733662683125
"2007-03-01",2.56489862202376,2.3769893065418,3.42735139227637,2.82185669728174
"2007-04-01",2.3307779164438,2.21097368798051,3.26740417232603,2.73721146361747
"2007-05-01",2.35298301347779,2.07564246076166,3.06667147345132,2.581705048181
"2007-06-01",2.3176341212501,1.98726629130732,2.92121277029695,2.4764081881526
"2007-07-01",2.12472601286855,2.04110694451036,2.83144365802712,2.39322759503773
"2007-08-01",1.87371512481644,1.98484130743724,2.76309777625032,2.33428704791347
"2007-09-01",2.53468705095286,2.1023258013787,2.80103284196296,2.41255704122887
"2007-10-01",3.08847488843238,2.18350919434411,2.78775717937387,2.49212196732431
"2007-11-01",3.59962705503301,2.33584220088241,2.91480530534229,2.68509984781578
"2007-12-01",3.47163420829806,2.4033930254477,2.88900656422237,2.65617028162848
"2008-01-01",3.38740681700971,2.19304421289777,2.80177418793937,2.59014992196889
"2008-02-01",3.27292272817565,2.07240539527913,2.70849904850123,2.47256359390031
"2008-03-01",3.19114257107598,2.16974290593492,2.71623880358358,2.50261125002342
"2008-04-01",3.13951867682587,2.08372266866006,2.76933561081492,2.53177262607494
"2008-05-01",3.28214393255044,2.14893195048824,2.72971648769278,2.55670888492645
"2008-06-01",3.81143893954627,2.21409520259963,2.76715190134258,2.61605618578651
"2008-07-01",4.1356550235977,2.24449923245105,2.84565866393622,2.72724408968963
"2008-08-01",3.98062730627307,2.21793859445398,2.78147541797804,2.69008819573948
"2008-09-01",3.66783835320605,2.04398327755324,2.73758338626342,2.59925666051977
"2008-10-01",2.67184314803361,1.63440214378119,2.60207479743189,2.48243064361882
"2008-11-01",0.925029334366201,1.3902658335831,2.53780242896697,2.39120596525817
"2008-12-01",0.129569012547748,1.13782788771284,2.33688297359718,2.24939074604231
"2009-01-01",-0.111103553046277,0.905928145775214,2.36537216871535,2.28680529846592
"2009-02-01",-0.131248444253351,0.887838674895036,2.35702663922197,2.28286643908737
"2009-03-01",-0.525751678230957,0.762458642915198,2.2872913239699,2.22178830237663
"2009-04-01",-0.567573959166212,0.927917620137286,2.21975598927517,2.14730168987611
"2009-05-01",-0.88921282798835,0.822302675909947,2.26856127912523,2.0851698953819
"2009-06-01",-1.01862468968127,0.720145852324516,2.19447264981754,1.9516542923433
"2009-07-01",-1.46600919718545,0.625582929547974,1.9513818707803,1.68788296307114
"2009-08-01",-1.1001197711041,0.650944039261137,1.89432646461642,1.67549277674457
"2009-09-01",-1.02274867862644,0.725180443960238,1.72557824040338,1.54999911835578
"2009-10-01",0.013385238313024,1.23989953517973,1.88467344547949,1.56613535836043
"2009-11-01",1.46061201223573,1.37347644169548,1.80078506799795,1.44477319044001
"2009-12-01",2.08971826829212,1.50951552173271,1.78361400363307,1.43863588835658
"2010-01-01",2.30172061560812,1.69090371179534,1.59906765879763,1.25357370638464
"2010-02-01",2.11633018376272,1.69865381116974,1.46658272334859,1.13759049627129
"2010-03-01",2.37271603398019,1.77696983468727,1.34984128514928,1.0499004984041
"2010-04-01",2.28212243048871,1.60297468569679,1.28487300730076,0.993709773581974
"2010-05-01",2.20846957131706,1.63685587738873,1.17557008505689,0.929000064089469
"2010-06-01",1.56221882310599,1.5555706398769,1.11294935709021,0.868320751243679
"2010-07-01",1.63739007219812,1.47058823529411,1.13112033688316,0.913047663546607
"2010-08-01",1.48239515586452,1.41762322373842,1.20350158069142,0.90773186966373
"2010-09-01",1.41955129640412,1.29682834769873,1.26331946027189,0.958895124792192
"2010-10-01",1.35841986103522,1.07878134752253,1.04204414750086,0.852870485020962
"2010-11-01",1.30719681377729,1.12157918349036,0.970285597796416,0.896967798456139
"2010-12-01",1.47766819733375,1.05674839750773,1.01271045032671,0.925953859777517
"2011-01-01",1.55986509274875,1.12344463342584,1.14206474095697,1.04318893216817
"2011-02-01",1.8450307320212,1.21190438924044,1.25369761900862,1.20085533305325
"2011-03-01",2.1105460830259,1.21457037921835,1.3867502801113,1.33354224736251
"2011-04-01",2.48809655630606,1.39470013947001,1.50008197212013,1.46047208158309
"2011-05-01",2.7662471357885,1.52356114306094,1.64659396858384,1.59193132492557
"2011-06-01",2.78845195512785,1.58632905187877,1.71490430505084,1.64783072765717
"2011-07-01",2.87569983845626,1.73445175951608,1.84648393292195,1.72833651757494
"2011-08-01",2.97672979602661,1.83963051583105,1.89676978953606,1.81735519510939
"2011-09-01",3.0190303779583,1.85082196961268,1.94204392101078,1.87074000148568
"2011-10-01",2.69363233239071,1.74472196617173,2.05079465542264,1.96226358095815
"2011-11-01",2.69925984494082,1.82786157941439,2.09552030825744,2.01708155625033
"2011-12-01",2.52662488495419,1.97496091107685,2.19311148219994,2.09824703046004
"2012-01-01",2.56931244674576,2.06147921922721,2.18132069124737,2.12438601797929
"2012-02-01",2.51315402464134,2.02584778526456,2.15804009826899,2.05383706252382
"2012-03-01",2.29802747216978,2.04484542336241,2.16208707270893,2.03422775758975
"2012-04-01",1.99984874185637,1.96533700137551,2.15769897378717,1.99275463766604
"2012-05-01",1.57694047695989,1.82674468388755,2.07826928154127,1.94145094399363
"2012-06-01",1.54601967269632,1.81925847945521,2.0279548567764,1.90432215910339
"2012-07-01",1.41002613549586,1.77386505485841,2.01279219677242,1.87355549598287
"2012-08-01",1.51186746212284,1.63592254229139,1.99959632408462,1.81955130254767
"2012-09-01",1.67797100517535,1.69160205307415,2.01337949012841,1.81657100926154
"2012-10-01",1.97687749788384,1.88944921081933,2.00008390665711,1.79357850240456
"2012-11-01",1.69910179640718,1.78306901359357,1.990316800012,1.71249634057025
"2012-12-01",1.62438284138755,1.68986515876468,1.95609291775816,1.63823658646389
"2013-01-01",1.47080750633692,1.59158670786577,1.93825862696291,1.60358669360074
"2013-02-01",1.60460766811186,1.560131653025,2.006237353042,1.64880995483359
"2013-03-01",1.2769929150227,1.48074491196595,1.97481899516316,1.59290181851077
"2013-04-01",1.04122531988815,1.37706262613182,1.91784823395484,1.4441746531735
"2013-05-01",1.22903013721873,1.39291682389089,1.9740663467565,1.42366413693547
"2013-06-01",1.50550639760647,1.46365105008079,2.07323474900583,1.52892371798103
"2013-07-01",1.5951128457492,1.48796075140403,2.07066376203895,1.56416873792284
"2013-08-01",1.4047883304265,1.53325090048921,2.03641269770494,1.5502355932961
"2013-09-01",1.1412854478202,1.52922604409413,2.033713851416,1.54266419723355
"2013-10-01",0.976106919957109,1.45481814773152,2.04842708093775,1.56478238757587
"2013-11-01",1.1954704602088,1.51425972497192,2.10462382100578,1.64004984468555
"2013-12-01",1.38810019559594,1.547361892337,2.09627767249221,1.67617164189588
"2014-01-01",1.40540540540541,1.452461500699,2.10143275889665,1.6425774427443
"2014-02-01",1.09398205283744,1.39011779755875,2.03363030348997,1.57412489084054
"2014-03-01",1.38970341823057,1.44742307569414,2.03144000148763,1.59225079247802
"2014-04-01",1.67311381576878,1.57126584838774,2.11157358662992,1.73553811335461
"2014-05-01",1.76616628780339,1.62365625697789,2.1041442247274,1.78176918651085
"2014-06-01",1.65145861423808,1.56354488424673,2.09436596431072,1.74040662498978
"2014-07-01",1.66924169032905,1.61032132218091,2.15335163987813,1.74223830897524
"2014-08-01",1.50624387599809,1.53974859950652,2.13243784005679,1.69448566889014
"2014-09-01",1.49724931232806,1.55484805855537,2.14845135392672,1.69449857289399
"2014-10-01",1.33294486124262,1.47091433217532,2.17128215321174,1.64948973412895
"2014-11-01",1.08575940818321,1.39257853679107,2.19096115217896,1.62526582172622
"2014-12-01",0.732258800589136,1.35634628952936,2.17785950957321,1.6074948403902
"2015-01-01",0.0414018672242111,1.20971135235213,2.17610358987248,1.48291362933344
"2015-02-01",0.170701427684672,1.27748162634451,2.25711385216925,1.54712635549465
"2015-03-01",0.199349274389293,1.28083989501313,2.2275644988222,1.54402624873209
"2015-04-01",0.110324064049827,1.29437288419818,2.27353978689102,1.58268353830411
"2015-05-01",0.185286215734903,1.24720112164396,2.30616332643474,1.54386880003112
"2015-06-01",0.27042867572209,1.25415438640497,2.28357652843236,1.54422116735917
"2015-07-01",0.219732829522234,1.17895000417325,2.27375471412621,1.5429766166039
"2015-08-01",0.239271300793797,1.22125462793972,2.27411683121823,1.5469640945257
"2015-09-01",0.065699649944051,1.23212481643109,2.2590371312381,1.55149677325115
"2015-10-01",0.0954982337961097,1.17798867798866,2.18037546255807,1.51712830885278
"2015-11-01",0.253877542629843,1.1967020513407,2.11876135172395,1.49074566486205
"2015-12-01",0.345963756177925,1.19170069299421,2.10973939448644,1.45524578366978
"2016-01-01",0.871148633269181,1.40624025609577,2.16856209315668,1.58073826678828
"2016-02-01",0.640330493157748,1.46588596819071,2.15841224373516,1.56642242990406
"2016-03-01",0.685510473363027,1.45744791126776,2.23576052136552,1.60598088695931
"2016-04-01",0.925906853152614,1.51994867974505,2.22149252029287,1.61017715892109
"2016-05-01",0.848685359663826,1.5687328193787,2.25428298130925,1.67394188446257
"2016-06-01",0.829607449033998,1.5524039553271,2.23629163986652,1.6581457880827
"2016-07-01",0.755084268223971,1.59933180721401,2.23646291952879,1.65916869141218
"2016-08-01",0.888210465926331,1.69695845697331,2.27964662154074,1.69644315263839
"2016-09-01",1.21977492126346,1.68525453722377,2.27199950455323,1.72583598898164
"2016-10-01",1.42700329308452,1.78240835973178,2.29639592127651,1.81486782488969
"2016-11-01",1.39740408866289,1.71885916245429,2.26384462996922,1.81579936320999
"2016-12-01",1.65715810211788,1.77009322764796,2.30866543154162,1.87251289525352
"2017-01-01",2.00521047017312,1.86333493906752,2.31443510828995,1.92510532872237
"2017-02-01",2.19713684642622,1.86727510845544,2.244902011095,1.88429977547035
"2017-03-01",1.90636102095767,1.67865462421839,2.20244740085254,1.82130796312876
"2017-04-01",1.76747318686028,1.63682134594414,2.08669509486596,1.76218836548014
"2017-05-01",1.55777204975904,1.54552114281061,1.9549583646264,1.66396265623527
"2017-06-01",1.4655479277905,1.5764438029801,1.95850225099534,1.68122864978109
"2017-07-01",1.48563177482661,1.50311075926886,1.86456058014668,1.62155742619601
"2017-08-01",1.57190873181083,1.4335937104242,1.83598241975498,1.63568116111688
"2017-09-01",1.75744430705613,1.42258736871925,1.79523321708419,1.60127457955601
"2017-10-01",1.6820407007323,1.54101110538494,1.84700161618125,1.62151561759294
"2017-11-01",1.79371290482402,1.54537649613655,1.90089442810124,1.64674740251949
"2017-12-01",1.76640994842083,1.57687651331719,1.917616190855,1.68024142701317
"2018-01-01",1.75764949573156,1.63203702772048,1.94221231121863,1.72974652447937
"2018-02-01",1.83760769586085,1.64421811753597,1.99224955698734,1.7757275847966
"2018-03-01",1.99829205807003,1.90918317105275,1.98672086937295,1.79957426347805
"2018-04-01",2.04662822762598,1.88421928742617,2.02990170894799,1.79210738313809
"2018-05-01",2.26620653678697,1.98090237768405,2.12215158402702,1.8744931968113
"2018-06-01",2.2683078403464,1.93621981848564,2.14596765163744,1.89467557153267
"2018-07-01",2.33860705590012,1.99580041995799,2.19850261467456,1.95505910996554
"2018-08-01",2.18041128895199,1.89576299966041,2.21759958518746,1.94502217865666
"2018-09-01",2.00996015936254,1.96029529130088,2.29464140966722,1.97171654116854
"2018-10-01",2.05309804935789,1.87090739008418,2.30993619152624,1.9731579999658
"2018-11-01",1.94189222746461,2.01024518824291,2.39005771280096,2.03506367009263
"2018-12-01",1.86469088781107,2.0380799141861,2.3745807649896,2.01339265947689
"2019-01-01",1.431832330359,1.84442662389734,2.3263256730532,1.90598250875211
"2019-02-01",1.40017354263626,1.74410561473548,2.37531854411697,1.96481837951268
"2019-03-01",1.52180765139278,1.61606799514884,2.41851981907044,2.0022780975949
"2019-04-01",1.56633846274787,1.63677880356685,2.58577398413846,2.12171166598201
"2019-05-01",1.46555360453595,1.56317547651796,2.55717482183038,2.03525729664222
"2019-06-01",1.42606513834302,1.65698130987906,2.52554236987474,1.99011460860719
"2019-07-01",1.45392952602876,1.63911926749407,2.5945304293205,2.01904065409166
"2019-08-01",1.4304164057608,1.74580457967377,2.61461163494199,2.03714107140047
"2019-09-01",1.28395399246226,1.63201408933027,2.58332714626153,1.96593351990717
"2019-10-01",1.2885618207515,1.62358595627454,2.55124544956551,1.9624574304357
"2019-11-01",1.35827730683036,1.49771831974725,2.45446334893871,1.89643207103027
"2019-12-01",1.56376276764589,1.5447510585487,2.5338477807354,1.88612874861174
"2020-01-01",1.79448211363105,1.59132886167006,2.58773781441168,1.95801502727648
"2020-02-01",1.689097203314,1.69769723104416,2.57198946612229,1.93763498712063
"2020-03-01",1.16620904442655,1.5272953094374,2.53089201356336,1.8933212059683
"2020-04-01",0.462461300309602,0.99549702222439,2.38820509125648,1.78226296474009
"2020-05-01",0.490162904239377,0.997378374979441,2.44801460195445,1.8679600525193
"2020-06-01",0.759537706312097,0.9704519119351,2.44715953527781,1.8917944948196
"2020-07-01",0.922584007257154,1.21433669630973,2.42961231315235,1.92731634699543
"2020-08-01",1.15751905083439,1.39310384693199,2.39722520787797,1.95066102804431
"2020-09-01",1.27635371578958,1.47969154640764,2.30192708807371,1.94842439153238
"2020-10-01",1.1874861668447,1.42173261045102,2.2928296660895,1.90235258831635
"2020-11-01",1.18626470814427,1.4535218844868,2.1979656707074,1.83987902375118
"2020-12-01",1.33452213178407,1.5087900922145,2.08989008267846,1.82703756274489
"2021-01-01",1.50732127476314,1.58936721942071,1.96780014855686,1.77144080699903
"2021-02-01",1.78631195432857,1.646436382042,1.99377092511341,1.78685633342495
"2021-03-01",2.63544034295251,2.13414634146341,2.06453909167408,1.84283618342669
"2021-04-01",3.57768832219418,3.06827879148168,2.10914429591065,1.92371215605303
"2021-05-01",3.97048353889671,3.43575793567172,2.15893976035426,1.95679451057822
"2021-06-01",4.21789584731946,3.78424903170278,2.25860812681677,2.00535934372565
"2021-07-01",4.38333110214386,3.84421128867798,2.34998003965461,2.06309274689411
"2021-08-01",4.50939258129113,3.89289548948624,2.46209782138702,2.12207939389086
"2021-09-01",4.65556792979049,3.92562375486196,2.76586232923739,2.35548635086831
"2021-10-01",5.27717282764786,4.37127394390893,3.04443014511415,2.60417551431764
"2021-11-01",5.86843755344013,4.79712134842101,3.36686159131552,2.8415913453345
"2021-12-01",6.0445226539513,5.08423358767092,3.62544964315907,3.09625837839749
"2022-01-01",6.23485598453779,5.32552181448269,4.00553515648112,3.48034651169633
"2022-02-01",6.50970960438177,5.5686569267628,4.22604417995525,3.66003965604342
"2022-03-01",6.92026649473456,5.56028634258177,4.22297866869634,3.74857936089958
"2022-04-01",6.6339386163101,5.28871647456113,4.48390004284946,3.79675170065392
"2022-05-01",6.78455431252254,5.1690449953236,4.79807737262434,4.02250403976634
"2022-06-01",7.2183163396768,5.29938629955216,5.28367144430864,4.46000810344163
"2022-07-01",6.85952987303273,5.21881968597149,5.39987332620593,4.56018926356216
"2022-08-01",6.68345514101407,5.4033290653009,5.66568681087052,4.77784796322669
"2022-09-01",6.69316404118312,5.64044984846825,5.65960004102937,4.75579682508418
"2022-10-01",6.50587172538393,5.5094942743759,5.68897180266339,4.7971729909658
"2022-11-01",6.08964867411497,5.28503401975222,5.58127895303491,4.75448549041706
"2022-12-01",5.60630932838484,5.07099209202013,5.58894948221871,4.70885328856478
"2023-01-01",5.55565416496566,5.00169912897284,5.649527164869,4.57055657278498
"2023-02-01",5.19978830378407,4.86196400918462,5.53105881775966,4.53904648898462
"2023-03-01",4.49115140922001,4.86494632425292,5.70992403885136,4.6085995108254
"2023-04-01",4.53229631696428,4.8534167417696,5.58201090243091,4.69402847744949
"2023-05-01",4.09701822341229,4.83398050558683,5.28226589013565,4.57286786147524
"2023-06-01",3.34557813787422,4.44286926920621,4.78052257541575,4.14903131321942
"2023-07-01",3.36133733390485,4.23607598248705,4.63403250786618,4.01581101454092
"2023-08-01",3.43813075159933,3.83000138831042,4.35617092580418,3.76565545627943
"2023-09-01",3.49169273785879,3.7381077881566,4.28129057403386,3.69487367935641
"2023-10-01",3.10003223015725,3.55894858244539,4.08283518659476,3.52963791325993
"2023-11-01",2.88865768349109,3.43717816683833,4.09315989574957,3.45244440956907
"2023-12-01",2.86216334944076,3.22519949026283,3.83075837851199,3.28856368776216
"2024-01-01",2.74765003615329,3.22446024783885,3.7661409796353,3.33055424977071
"2024-02-01",2.80719406363978,3.17844260555908,3.6230510779659,3.20920544338166
"2024-03-01",2.95155732494732,3.1455260154698,3.51487801144934,3.13860690723389
"2024-04-01",2.83852993677327,3.01758643645034,3.41813516224507,3.01620913413327
"2024-05-01",2.6971006168369,2.80948421397436,3.41154031518114,2.92004555963239
"2024-06-01",2.56955402375219,2.77922077922079,3.364990481449,2.9032651559922
"2024-07-01",2.59598079140091,2.80885244529976,3.2415987136718,2.82860272618752
"2024-08-01",2.43666490276493,2.90234159549398,3.20876356948194,2.80171525120259
"2024-09-01",2.25941698310586,2.83957918585958,3.21457570183743,2.82314124555678
"2024-10-01",2.40627853599547,2.90472984765753,3.23092112114329,2.84462889563644
"2024-11-01",2.49103883718635,2.87409251192698,3.20756823648431,2.87315335858156
"2024-12-01",2.6478318002628,2.90320977016256,3.38220601354544,2.95785611828432
"2025-01-01",2.6324403057133,2.81185798797039,3.12643229005076,2.73387255868927
"2025-02-01",2.57476776524512,2.82306490088016,3.22389198818438,2.73325293962126
"2025-03-01",2.25520541379283,2.56359821662733,3.22146951780204,2.7113581155443
"2025-04-01",2.33110820916707,2.67643883126656,3.26069621821705,2.74498857557743
"2025-05-01",2.46334168227027,2.78744505988269,3.20954613922892,2.71404969680464
"2025-06-01",2.61206114781707,2.82553580017446,3.33666796149639,2.8161760182996
"2025-07-01",2.59092489147219,2.84116804479457,3.41354372889822,2.81080760057009
"2025-08-01",2.69430386388034,2.85134202298289,3.49359135634202,2.87555097000729
"2025-09-01",2.78301354856378,2.81706112002074,3.3323258424719,2.78383996460767
"2025-10-01",2.65741231664016,2.70482005556634,3.18073824259475,2.64940576521377
"2025-11-01",2.71044230183048,2.72120913952043,3.07342760489955,2.57845258426779
"2025-12-01",2.77715547590094,2.87202692474919,3.02699979505403,2.52894230913601
"2026-01-01",2.72836720537699,2.93799003282269,2.98436233883086,2.50678258629387
"2026-02-01",2.80114494712571,2.95915265355755,2.90548862688311,2.42572034008408
"2026-03-01",3.36540371338454,3.10522278335357,2.88032453923863,2.40869352785253
"2026-04-01",3.57394798792039,3.0838724068704,2.80500133819883,2.39747960813941
"2026-05-01",3.82333396620469,3.16170977125689,2.86060221623801,2.45231754251527
"2026-06-01",3.45301033693679,3.04123425273322,2.75926644948548,2.29519520434045
"2026-07-01",3.3615431894473,2.98346826207039,2.78078303796105,2.29455797268019
"2026-08-01",3.41903182450543,3.00759597618561,2.66019684064012,2.22382059186994
