horizon,month,category,rate,weight
1m,2026-08-01,Film and photographic supplies,-68.01268377094016,7.104209396896155e-5
1m,2026-08-01,Other video equipment,-53.184142207728925,5.444399326591342e-4
1m,2026-08-01,Accessories and parts,-27.3946415708748,0.0037155848755735235
1m,2026-08-01,Telephone and related communication equipment,-25.566211993553544,0.0018027278682110803
1m,2026-08-01,"Calculators, typewriters, and other information processing equipment",-25.561140135279615,1.9265652601752287e-5
1m,2026-08-01,"Games, toys, and hobbies",-24.232934712135933,0.007211096719503954
1m,2026-08-01,"Moving, storage, and freight services",-20.086827687168928,0.0011221316407222545
1m,2026-08-01,Computer software and accessories,-16.894104516524234,0.01161403932564288
1m,2026-08-01,"Flowers, seeds, and potted plants",-16.8307956776793,0.003944364500219332
1m,2026-08-01,Jewelry,-16.135917827412626,0.004362929327658364
1m,2026-08-01,Nonelectric cookware and tableware,-15.940138011995252,0.0015067500177836793
1m,2026-08-01,Audio equipment,-14.167091735861181,0.001519207855643947
1m,2026-08-01,Fresh milk,-13.483484490352883,0.0015087414193747258
1m,2026-08-01,Natural gas (28),-12.875951895624105,0.0035430739237910062
1m,2026-08-01,Nonprescription drugs,-11.363948539956748,0.00621442337901763
1m,2026-08-01,Beef and veal,-11.179556627457766,0.0031552600418509255
1m,2026-08-01,Dishes and flatware,-10.92916172828825,0.0015506534761165188
1m,2026-08-01,Furniture,-10.739448868651824,0.008041048066321268
1m,2026-08-01,Vegetables (fresh),-10.196972771513613,0.0032996598130342514
1m,2026-08-01,Children's and infants' clothing (12),-8.597585372856809,0.0013903688038697287
1m,2026-08-01,Educational books (96),-8.217824459657185,4.559846526847428e-4
1m,2026-08-01,Sugar and sweets,-7.783591251429344,0.0037511522342229126
1m,2026-08-01,Dental services (45),-7.454278895682032,0.009695949100145826
1m,2026-08-01,Household cleaning products,-7.369991214167026,0.002019744329970242
1m,2026-08-01,Motion picture theaters,-7.289990035131144,8.684363403559107e-4
1m,2026-08-01,"Live entertainment, excluding sports",-7.286861285472501,0.0029028614681020073
1m,2026-08-01,Museums and libraries,-7.283112457924156,9.426276275386203e-4
1m,2026-08-01,Social advocacy and civic and social organizations,-6.765934045021282,0.0013432698406582331
1m,2026-08-01,Domestic services,-5.963431336625035,0.0018002733499709533
1m,2026-08-01,Parking fees and tolls,-5.890725241238426,0.0014506202799151125
1m,2026-08-01,Fruit (fresh),-5.522929561257028,0.002989001164830996
1m,2026-08-01,Other household services,-5.12165687263908,0.002063369918313633
1m,2026-08-01,"Audio-video, photographic, and information processing equipment services (parts of 77 and 93)",-4.66373615488247,0.008305858166265546
1m,2026-08-01,Other depository institutions and regulated investment companies,-4.5489497559781045,0.012382905586446466
1m,2026-08-01,Life insurance (110),-4.53143582511395,0.006029732459364293
1m,2026-08-01,"Tools, hardware, and supplies",-4.281808806946541,0.0025571912012282596
1m,2026-08-01,Package tours,-4.147497807814937,0.0012555555473223706
1m,2026-08-01,"Amusement parks, campgrounds, and related recreational services",-4.14683640621234,0.004400904892882971
1m,2026-08-01,Pension funds,-3.876814327943112,0.003989610996834505
1m,2026-08-01,Cereals,-3.794325869373316,0.0038594752184428613
1m,2026-08-01,Other personal business services,-3.486452059067535,0.0012336501298208591
1m,2026-08-01,Shoes and other footwear,-3.064946461776308,0.006056176420026794
1m,2026-08-01,Spirits,-2.969918276592609,0.002663939588841334
1m,2026-08-01,Pets and related products,-2.8255711849326848,0.0057080516349129196
1m,2026-08-01,Household linens,-2.787423180701454,0.0035034311386297084
1m,2026-08-01,Other road transportation service,-2.747451472575002,0.0020172898117301148
1m,2026-08-01,Railway transportation,-2.7474223524947883,7.224619725657108e-5
1m,2026-08-01,Water transportation (65),-2.7472767613517135,3.702154492750187e-4
1m,2026-08-01,Intercity buses,-2.7344580653468786,5.849163277887773e-5
1m,2026-08-01,Electricity (27),-2.5239209335897073,0.0132204520463087
1m,2026-08-01,Spectator sports,-2.3508205326852494,0.0022693642038246766
1m,2026-08-01,"Food products, not elsewhere classified",-1.7972827531475333,0.012145002563813768
1m,2026-08-01,Labor organization dues,-1.7570034436789506,8.976590009128955e-4
1m,2026-08-01,Motor vehicle leasing,-1.6858230696764398,0.0027200693267099008
1m,2026-08-01,Membership clubs and participant sports centers,-1.5548327985383303,0.004023974252196284
1m,2026-08-01,"Audio discs, tapes, vinyl, and permanent digital downloads",-1.0262969962394175,1.3624891815950776e-4
1m,2026-08-01,Prescription drugs,-0.3956417693331993,0.028350472971771373
1m,2026-08-01,Wine,-0.12353707593215635,0.0035132028999253087
1m,2026-08-01,"Sporting equipment, supplies, guns, and ammunition (part of 80)",-0.05654909018356635,0.006481641685537126
1m,2026-08-01,Motorcycles,0,0.0010529883250145233
1m,2026-08-01,Food produced and consumed on farms (6),0,4.552436660462139e-5
1m,2026-08-01,Social assistance,0.05000937572332553,0.011913490550938386
1m,2026-08-01,Tires,0.1027881189888058,0.0027325734762350764
1m,2026-08-01,Net motor vehicle and other transportation insurance (116),0.336539010945458,0.005257161265368063
1m,2026-08-01,Fish and seafood,0.5272435576036516,0.0011065246096482388
1m,2026-08-01,"Coffee, tea, and other beverage materials",0.5688454884965388,0.0013016356539058888
1m,2026-08-01,Net household insurance (111),0.5736579115727114,8.322669300627171e-4
1m,2026-08-01,Paramedical services (46),0.5929705532049967,0.033232417128054345
1m,2026-08-01,Physician services (44),0.7986009049639975,0.04097757996727803
1m,2026-08-01,Sewing items,0.8036229044316778,5.8074827794705206e-5
1m,2026-08-01,Clothing materials,0.8036374498827659,1.4347353788516485e-4
1m,2026-08-01,Foundations and grantmaking and giving services to households,1.0989433578632912,5.293886415640153e-4
1m,2026-08-01,Alcohol in purchased meals,1.1925416101280506,0.00844173659110579
1m,2026-08-01,Bakery products,1.2016066194171948,0.00612758900731502
1m,2026-08-01,Nursing homes (52),1.36953122158332,0.013378930563624077
1m,2026-08-01,Employment agency services,1.8394619919518407,7.859089534897507e-5
1m,2026-08-01,Corrective eyeglasses and contact lenses,1.9297241691925704,0.002402741798759885
1m,2026-08-01,"Hair, dental, shaving, and miscellaneous personal care products except electrical products",2.0288377766842336,0.0061109631196130275
1m,2026-08-01,Electric appliances for personal care,2.0288377766842336,6.242349312957189e-4
1m,2026-08-01,Group housing (23),2.0975791189846493,1.653326437217684e-4
1m,2026-08-01,Tenant-occupied stationary homes and landlord durables,2.1056466550502195,0.036571812349579715
1m,2026-08-01,Tenant-occupied mobile homes,2.1056758622303606,7.185254810485257e-4
1m,2026-08-01,Cosmetic / perfumes / bath / nail preparations and implements,2.122284386990181,0.0037830609713445647
1m,2026-08-01,Owner-occupied mobile homes,2.2974309365071166,0.00456359777170498
1m,2026-08-01,Rental value of farm dwellings (22),2.2982800455090713,0.001419082036112725
1m,2026-08-01,Owner-occupied stationary homes,2.305888852019322,0.11818491432712486
1m,2026-08-01,Standard clothing issued to military personnel,2.4371815769383076,2.4452559071454823e-5
1m,2026-08-01,Laundry and drycleaning services,2.4699514131834466,7.189885976976063e-4
1m,2026-08-01,Net health insurance (112),2.6348631442994375,0.014080922780300426
1m,2026-08-01,Other purchased meals,2.646491261283046,0.05200128450033789
1m,2026-08-01,Women's and girls' clothing (10),2.6632597606147,0.012745433299346746
1m,2026-08-01,"Mineral waters, soft drinks, and vegetable juices",2.7361820791877767,0.005653264935326687
1m,2026-08-01,Funeral and burial services,2.7806450617038347,0.0014996180213878384
1m,2026-08-01,Beer,2.7846088122538637,0.005073118709023439
1m,2026-08-01,Religious organizations' services to households,2.7915886132565237,4.3111528862911544e-4
1m,2026-08-01,Water supply and sewage maintenance,2.8412339637564843,0.004815394293810094
1m,2026-08-01,Commercial banks,2.9471378160544903,0.012996720393137871
1m,2026-08-01,Window coverings,3.0283058046425504,0.001647676414098901
1m,2026-08-01,New light trucks,3.179870546093988,0.018041820544891934
1m,2026-08-01,New foreign autos,3.5280403474798216,7.821113969672899e-4
1m,2026-08-01,New domestic autos,3.52912778291532,0.0013801802375899557
1m,2026-08-01,Used autos,3.6499081694289837,0.0022018881080536354
1m,2026-08-01,Musical instruments (part of 80),3.906727574157731,4.567719509881798e-4
1m,2026-08-01,Pork,4.288658526819611,0.0023452227109440763
1m,2026-08-01,Poultry,4.390114014651836,0.0037590252172572825
1m,2026-08-01,Used light trucks,4.474162091449307,0.008885494964254805
1m,2026-08-01,Miscellaneous household products,4.547564770853718,0.001072578159270632
1m,2026-08-01,Hairdressing salons and personal grooming establishments,4.558055026103869,0.004824378756802257
1m,2026-08-01,Casino gambling,4.850665209181537,0.007783045781118475
1m,2026-08-01,Lotteries,4.859969023003585,0.002508378706415166
1m,2026-08-01,Pari-mutuel net receipts,4.860225084018022,3.1302054311356655e-4
1m,2026-08-01,Food supplied to civilians,5.045908474735028,0.0016583744086926624
1m,2026-08-01,Food supplied to military,5.054431848726448,1.2768126015151696e-4
1m,2026-08-01,Higher education school lunches,5.054467383397143,0.0011133324243897233
1m,2026-08-01,Proprietary and public higher education,5.663400870934265,0.00565840553013148
1m,2026-08-01,Nonprofit private higher education services to households,5.663498397113287,0.004118820541927988
1m,2026-08-01,Proprietary hospitals,6.075015807519302,0.009423219705502271
1m,2026-08-01,Nonprofit hospitals' services to households,6.085135593015334,0.055330954272232565
1m,2026-08-01,Government hospitals,6.085328703910586,0.016784412530973243
1m,2026-08-01,Processed fruits and vegetables,6.093725608060896,0.0023118783122102744
1m,2026-08-01,Men's and boys' clothing (11),6.8841703563094825,0.007803376602013113
1m,2026-08-01,Household paper products,7.254608718678446,0.0030474464859449654
1m,2026-08-01,Miscellaneous personal care services,7.632696476753531,0.006161813327682075
1m,2026-08-01,Repair and hire of footwear,7.632887719570003,2.0655002548994037e-5
1m,2026-08-01,"Clothing repair, rental, and alterations",7.640377008403454,3.290443791717548e-4
1m,2026-08-01,Elementary and secondary school lunches,7.764396661993489,3.404833604040452e-4
1m,2026-08-01,"Repair of furniture, furnishings, and floor coverings",7.779961402143565,9.489260139661161e-5
1m,2026-08-01,Repair of household appliances,7.783008300919603,5.653728051975767e-4
1m,2026-08-01,Tobacco (127),7.912633884262488,0.0051182262706438875
1m,2026-08-01,Housing at schools,8.18430762162523,0.0022781171084923
1m,2026-08-01,Commercial and vocational schools (99),8.28773214048011,0.00422515212455689
1m,2026-08-01,Watches,8.719494417467777,9.090979821451859e-4
1m,2026-08-01,"Financial service charges, fees, and commissions (108)",8.761102516638463,0.027603789998458746
1m,2026-08-01,Veterinary and other services for pets,9.3014647313308,0.0037781519348643105
1m,2026-08-01,Taxicabs and ride sharing services,9.753823754965296,0.002045771485648571
1m,2026-08-01,Intracity mass transit,9.755514300586633,9.960712888425196e-4
1m,2026-08-01,Other fuels,11.751191300194197,2.7564702953276345e-4
1m,2026-08-01,Child care,12.558542346659895,0.003305865576131931
1m,2026-08-01,Day care and nursery schools,12.567735224954223,0.0010508579884287526
1m,2026-08-01,Maintenance and repair of recreational vehicles and sports equipment,12.739906778962151,4.1240537600625984e-4
1m,2026-08-01,Outdoor equipment and supplies,12.908592009938369,5.06973795748515e-4
1m,2026-08-01,Other medical products,13.16980145427995,4.564477693338234e-4
1m,2026-08-01,Therapeutic medical equipment,13.182063811026289,0.0025423251567927726
1m,2026-08-01,Garbage and trash collection,13.354701731615549,0.0020220599132156447
1m,2026-08-01,Motor vehicle maintenance and repair (60),13.703911266157064,0.013939116462351952
1m,2026-08-01,"Clocks, lamps, lighting fixtures, and other household decorative items",14.128784091375547,0.0032139832329543434
1m,2026-08-01,Processed dairy products,14.248146007098494,0.003512647159946412
1m,2026-08-01,Tax preparation and other related services,15.463857364823186,0.0025168537410933407
1m,2026-08-01,Other meats,16.076492781677775,0.0023382759612078675
1m,2026-08-01,Luggage and similar personal items (part of 119),16.179745813081524,0.0025675187025027565
1m,2026-08-01,Small electric household appliances,16.809997151052137,6.016811504854945e-4
1m,2026-08-01,Photographic equipment,17.336420385297945,2.7309988796282025e-4
1m,2026-08-01,Televisions,18.33481372490342,0.001786565097158168
1m,2026-08-01,Elementary and secondary schools,18.465744581015777,0.0022345378318138166
1m,2026-08-01,Major household appliances,18.81695416725826,0.0038185820183290454
1m,2026-08-01,Carpets and other floor coverings,18.990056393621924,0.001405003289980675
1m,2026-08-01,Fats and oils,19.435159024371494,0.0015276828903221216
1m,2026-08-01,Stationery and miscellaneous printed materials,19.59703140197735,0.0016019668008346473
1m,2026-08-01,Other recreational vehicles,24.427843090230805,0.0016822249161203126
1m,2026-08-01,Pleasure aircraft,24.432927599027643,1.257361702253785e-4
1m,2026-08-01,Pleasure boats,24.43336982990356,0.0017558604633241253
1m,2026-08-01,Bicycles and accessories,24.4340332061276,3.647043611509597e-4
1m,2026-08-01,Professional association dues,24.63186676381377,7.215820509324576e-4
1m,2026-08-01,Legal services,24.640417221540957,0.00788071708240957
1m,2026-08-01,Communication,28.467044933498187,0.015293408479258303
1m,2026-08-01,Motor vehicle rental,29.892062342651737,0.0015528301243671974
1m,2026-08-01,Recreational books (part of 90),31.566669688937555,0.0016979245705241444
1m,2026-08-01,Lubricants and fluids,36.05123812347178,6.33867757596595e-4
1m,2026-08-01,Hotels and motels,37.4512862939882,0.007582099467082409
1m,2026-08-01,Eggs,40.727333482581685,8.269874002631984e-4
1m,2026-08-01,Air transportation (64),45.15332233439382,0.01039136506040523
1m,2026-08-01,"Video discs, tapes, and permanent digital downloads",49.49473110832025,6.920815203860244e-4
1m,2026-08-01,Newspapers and periodicals,52.08025327757646,0.004849109185863161
1m,2026-08-01,Personal computers/tablets and peripheral equipment,55.774822719784666,0.00532973164427899
1m,2026-08-01,Gasoline and other motor fuel,62.495424023970884,0.02124427217328417
1m,2026-08-01,Fuel oil,218.94294626373463,0.0011818273767887418
3m,2026-08-01,Film and photographic supplies,-31.610000386870407,7.104209396896155e-5
3m,2026-08-01,Gasoline and other motor fuel,-30.505696674204984,0.02124427217328417
3m,2026-08-01,Jewelry,-21.32239246809029,0.004362929327658364
3m,2026-08-01,Vegetables (fresh),-17.894875530274046,0.0032996598130342514
3m,2026-08-01,Nonelectric cookware and tableware,-15.624005592269064,0.0015067500177836793
3m,2026-08-01,Food produced and consumed on farms (6),-15.077822636654492,4.552436660462139e-5
3m,2026-08-01,Other road transportation service,-14.864418435819427,0.0020172898117301148
3m,2026-08-01,Railway transportation,-14.86427393888371,7.224619725657108e-5
3m,2026-08-01,Water transportation (65),-14.86355149625006,3.702154492750187e-4
3m,2026-08-01,Intercity buses,-14.862106821175903,5.849163277887773e-5
3m,2026-08-01,Telephone and related communication equipment,-14.517434138926467,0.0018027278682110803
3m,2026-08-01,"Calculators, typewriters, and other information processing equipment",-14.511551059623319,1.9265652601752287e-5
3m,2026-08-01,Children's and infants' clothing (12),-13.455766074274,0.0013903688038697287
3m,2026-08-01,Hotels and motels,-13.185985021005397,0.007582099467082409
3m,2026-08-01,"Moving, storage, and freight services",-12.284719191377313,0.0011221316407222545
3m,2026-08-01,Photographic equipment,-11.018865345946715,2.7309988796282025e-4
3m,2026-08-01,Clothing materials,-9.186546472290914,1.4347353788516485e-4
3m,2026-08-01,Sewing items,-9.186390651871035,5.8074827794705206e-5
3m,2026-08-01,"Live entertainment, excluding sports",-8.12215493330013,0.0029028614681020073
3m,2026-08-01,Museums and libraries,-8.11802621481047,9.426276275386203e-4
3m,2026-08-01,Motion picture theaters,-8.113857491510146,8.684363403559107e-4
3m,2026-08-01,Other medical products,-7.856865354069087,4.564477693338234e-4
3m,2026-08-01,Therapeutic medical equipment,-7.8535374604455255,0.0025423251567927726
3m,2026-08-01,"Coffee, tea, and other beverage materials",-6.617396208618875,0.0013016356539058888
3m,2026-08-01,Fuel oil,-6.281708076005133,0.0011818273767887418
3m,2026-08-01,Dishes and flatware,-5.841160050967686,0.0015506534761165188
3m,2026-08-01,Pork,-5.661870688504822,0.0023452227109440763
3m,2026-08-01,Major household appliances,-5.148908461130686,0.0038185820183290454
3m,2026-08-01,"Clocks, lamps, lighting fixtures, and other household decorative items",-4.838515583788261,0.0032139832329543434
3m,2026-08-01,Nonprescription drugs,-4.710923521554422,0.00621442337901763
3m,2026-08-01,Electricity (27),-4.405487018957022,0.0132204520463087
3m,2026-08-01,Poultry,-3.979165493270609,0.0037590252172572825
3m,2026-08-01,Audio equipment,-3.9725971298664065,0.001519207855643947
3m,2026-08-01,Prescription drugs,-3.4613383742782333,0.028350472971771373
3m,2026-08-01,"Flowers, seeds, and potted plants",-3.0377598425116226,0.003944364500219332
3m,2026-08-01,Other personal business services,-2.827521429451707,0.0012336501298208591
3m,2026-08-01,Other depository institutions and regulated investment companies,-2.629652867939347,0.012382905586446466
3m,2026-08-01,Wine,-2.5326720382671697,0.0035132028999253087
3m,2026-08-01,Parking fees and tolls,-2.448104828101072,0.0014506202799151125
3m,2026-08-01,Beef and veal,-2.42513178554985,0.0031552600418509255
3m,2026-08-01,Women's and girls' clothing (10),-2.100787562723283,0.012745433299346746
3m,2026-08-01,Other fuels,-2.05162091786415,2.7564702953276345e-4
3m,2026-08-01,"Amusement parks, campgrounds, and related recreational services",-1.9101910938563837,0.004400904892882971
3m,2026-08-01,Package tours,-1.9074643666937674,0.0012555555473223706
3m,2026-08-01,Furniture,-1.8702962844776572,0.008041048066321268
3m,2026-08-01,"Audio-video, photographic, and information processing equipment services (parts of 77 and 93)",-1.7516533032046477,0.008305858166265546
3m,2026-08-01,Pension funds,-1.590249615016115,0.003989610996834505
3m,2026-08-01,Carpets and other floor coverings,-1.3963908471122721,0.001405003289980675
3m,2026-08-01,Musical instruments (part of 80),-0.9124345457970806,4.567719509881798e-4
3m,2026-08-01,Stationery and miscellaneous printed materials,-0.6705998282749315,0.0016019668008346473
3m,2026-08-01,Net motor vehicle and other transportation insurance (116),-0.5037340800105428,0.005257161265368063
3m,2026-08-01,Shoes and other footwear,-0.4998843896795724,0.006056176420026794
3m,2026-08-01,Dental services (45),-0.4048330789209964,0.009695949100145826
3m,2026-08-01,Social advocacy and civic and social organizations,-0.2824147626523277,0.0013432698406582331
3m,2026-08-01,Life insurance (110),-0.27028484362316973,0.006029732459364293
3m,2026-08-01,Funeral and burial services,-0.252052665796898,0.0014996180213878384
3m,2026-08-01,"Mineral waters, soft drinks, and vegetable juices",-0.15105631846700218,0.005653264935326687
3m,2026-08-01,Physician services (44),-0.11653929978060473,0.04097757996727803
3m,2026-08-01,Motor vehicle leasing,-0.015002119022888838,0.0027200693267099008
3m,2026-08-01,Natural gas (28),-0.012928624280461598,0.0035430739237910062
3m,2026-08-01,Motorcycles,0,0.0010529883250145233
3m,2026-08-01,Outdoor equipment and supplies,0.16509035575922315,5.06973795748515e-4
3m,2026-08-01,Casino gambling,0.1821412886359397,0.007783045781118475
3m,2026-08-01,Lotteries,0.182142626365267,0.002508378706415166
3m,2026-08-01,Pari-mutuel net receipts,0.18215199101985213,3.1302054311356655e-4
3m,2026-08-01,Membership clubs and participant sports centers,0.3621837289682128,0.004023974252196284
3m,2026-08-01,Beer,0.39108436381543044,0.005073118709023439
3m,2026-08-01,"Sporting equipment, supplies, guns, and ammunition (part of 80)",0.4424374615249693,0.006481641685537126
3m,2026-08-01,New foreign autos,0.521517695238094,7.821113969672899e-4
3m,2026-08-01,New domestic autos,0.5216759706933694,0.0013801802375899557
3m,2026-08-01,Net household insurance (111),0.6713806371085429,8.322669300627171e-4
3m,2026-08-01,Miscellaneous household products,1.0574242784117782,0.001072578159270632
3m,2026-08-01,Spectator sports,1.2097815252492206,0.0022693642038246766
3m,2026-08-01,Spirits,1.240170852940059,0.002663939588841334
3m,2026-08-01,Tires,1.3435587673520821,0.0027325734762350764
3m,2026-08-01,New light trucks,1.4049429684811487,0.018041820544891934
3m,2026-08-01,Bakery products,1.4385452725329984,0.00612758900731502
3m,2026-08-01,Standard clothing issued to military personnel,1.4647080968665183,2.4452559071454823e-5
3m,2026-08-01,Household paper products,1.5337024467855231,0.0030474464859449654
3m,2026-08-01,Foundations and grantmaking and giving services to households,1.6027310623839774,5.293886415640153e-4
3m,2026-08-01,"Food products, not elsewhere classified",1.611028980517637,0.012145002563813768
3m,2026-08-01,Used autos,1.6203027060680775,0.0022018881080536354
3m,2026-08-01,Sugar and sweets,1.7207710809400423,0.0037511522342229126
3m,2026-08-01,"Tools, hardware, and supplies",1.726351441878693,0.0025571912012282596
3m,2026-08-01,Professional association dues,1.7539392865967063,7.215820509324576e-4
3m,2026-08-01,Legal services,1.7559212541928826,0.00788071708240957
3m,2026-08-01,Tobacco (127),1.8043001794430635,0.0051182262706438875
3m,2026-08-01,Social assistance,1.9510660462864315,0.011913490550938386
3m,2026-08-01,Corrective eyeglasses and contact lenses,2.0026006230364546,0.002402741798759885
3m,2026-08-01,Computer software and accessories,2.1040685598070263,0.01161403932564288
3m,2026-08-01,Net health insurance (112),2.1204411603884754,0.014080922780300426
3m,2026-08-01,Used light trucks,2.158303963695385,0.008885494964254805
3m,2026-08-01,Domestic services,2.165959728725886,0.0018002733499709533
3m,2026-08-01,Fish and seafood,2.2768410895612767,0.0011065246096482388
3m,2026-08-01,"Hair, dental, shaving, and miscellaneous personal care products except electrical products",2.2812023404640946,0.0061109631196130275
3m,2026-08-01,Electric appliances for personal care,2.2812023404640946,6.242349312957189e-4
3m,2026-08-01,Religious organizations' services to households,2.282149763157215,4.3111528862911544e-4
3m,2026-08-01,Tenant-occupied stationary homes and landlord durables,2.340555234982755,0.036571812349579715
3m,2026-08-01,Tenant-occupied mobile homes,2.3405878036270256,7.185254810485257e-4
3m,2026-08-01,Group housing (23),2.340946118540699,1.653326437217684e-4
3m,2026-08-01,Pets and related products,2.401121430954567,0.0057080516349129196
3m,2026-08-01,Commercial and vocational schools (99),2.4126958498366102,0.00422515212455689
3m,2026-08-01,Nursing homes (52),2.6876650680183634,0.013378930563624077
3m,2026-08-01,Household linens,2.746712084403602,0.0035034311386297084
3m,2026-08-01,Rental value of farm dwellings (22),2.8041365222528647,0.001419082036112725
3m,2026-08-01,Owner-occupied mobile homes,2.8042942652545255,0.00456359777170498
3m,2026-08-01,Owner-occupied stationary homes,2.8042942652545255,0.11818491432712486
3m,2026-08-01,Other purchased meals,2.962631513559688,0.05200128450033789
3m,2026-08-01,Household cleaning products,3.021186728972336,0.002019744329970242
3m,2026-08-01,Paramedical services (46),3.073178364963658,0.033232417128054345
3m,2026-08-01,Alcohol in purchased meals,3.1733402093484298,0.00844173659110579
3m,2026-08-01,Cereals,3.26553451459084,0.0038594752184428613
3m,2026-08-01,Processed fruits and vegetables,3.3087953279247184,0.0023118783122102744
3m,2026-08-01,Cosmetic / perfumes / bath / nail preparations and implements,3.4557923482168906,0.0037830609713445647
3m,2026-08-01,"Financial service charges, fees, and commissions (108)",3.568018757922631,0.027603789998458746
3m,2026-08-01,Water supply and sewage maintenance,3.6798478219653763,0.004815394293810094
3m,2026-08-01,"Games, toys, and hobbies",3.744112796540522,0.007211096719503954
3m,2026-08-01,Accessories and parts,3.7455951611377714,0.0037155848755735235
3m,2026-08-01,Window coverings,3.8006862286463106,0.001647676414098901
3m,2026-08-01,Educational books (96),4.191223583845538,4.559846526847428e-4
3m,2026-08-01,Food supplied to military,4.212217450843836,1.2768126015151696e-4
3m,2026-08-01,Higher education school lunches,4.212247038137029,0.0011133324243897233
3m,2026-08-01,Food supplied to civilians,4.212335802510037,0.0016583744086926624
3m,2026-08-01,Housing at schools,4.354957880634713,0.0022781171084923
3m,2026-08-01,Communication,4.390586057540036,0.015293408479258303
3m,2026-08-01,Laundry and drycleaning services,4.596332128642322,7.189885976976063e-4
3m,2026-08-01,Labor organization dues,4.6383385061326665,8.976590009128955e-4
3m,2026-08-01,"Audio discs, tapes, vinyl, and permanent digital downloads",4.74102751406964,1.3624891815950776e-4
3m,2026-08-01,Men's and boys' clothing (11),4.821963542781504,0.007803376602013113
3m,2026-08-01,Fresh milk,4.853120475532058,0.0015087414193747258
3m,2026-08-01,Luggage and similar personal items (part of 119),4.91473926978705,0.0025675187025027565
3m,2026-08-01,Veterinary and other services for pets,4.993283458969833,0.0037781519348643105
3m,2026-08-01,Proprietary and public higher education,5.051460238559025,0.00565840553013148
3m,2026-08-01,Nonprofit private higher education services to households,5.051547313130467,0.004118820541927988
3m,2026-08-01,Proprietary hospitals,5.194046887990367,0.009423219705502271
3m,2026-08-01,Government hospitals,5.194458843678262,0.016784412530973243
3m,2026-08-01,Nonprofit hospitals' services to households,5.197568877194736,0.055330954272232565
3m,2026-08-01,"Clothing repair, rental, and alterations",5.971199184053089,3.290443791717548e-4
3m,2026-08-01,Miscellaneous personal care services,5.971310998729273,0.006161813327682075
3m,2026-08-01,Repair and hire of footwear,5.971460091476977,2.0655002548994037e-5
3m,2026-08-01,Commercial banks,6.355343722834106,0.012996720393137871
3m,2026-08-01,Elementary and secondary schools,7.145711124224463,0.0022345378318138166
3m,2026-08-01,Child care,7.17072279010722,0.003305865576131931
3m,2026-08-01,Day care and nursery schools,7.1735243450139485,0.0010508579884287526
3m,2026-08-01,Hairdressing salons and personal grooming establishments,7.290583103569759,0.004824378756802257
3m,2026-08-01,Small electric household appliances,7.324342182852761,6.016811504854945e-4
3m,2026-08-01,Processed dairy products,7.393945515399181,0.003512647159946412
3m,2026-08-01,Elementary and secondary school lunches,8.349039709270901,3.404833604040452e-4
3m,2026-08-01,Garbage and trash collection,8.400507121512636,0.0020220599132156447
3m,2026-08-01,Fruit (fresh),9.143470103177753,0.002989001164830996
3m,2026-08-01,Other meats,9.42086263722668,0.0023382759612078675
3m,2026-08-01,Employment agency services,9.902407220450282,7.859089534897507e-5
3m,2026-08-01,Fats and oils,11.195847628520239,0.0015276828903221216
3m,2026-08-01,Maintenance and repair of recreational vehicles and sports equipment,11.265320992152539,4.1240537600625984e-4
3m,2026-08-01,Motor vehicle maintenance and repair (60),11.762780099859382,0.013939116462351952
3m,2026-08-01,Air transportation (64),13.176479118359218,0.01039136506040523
3m,2026-08-01,Other video equipment,13.227772078738088,5.444399326591342e-4
3m,2026-08-01,Televisions,13.465175160079612,0.001786565097158168
3m,2026-08-01,Watches,13.62314398886455,9.090979821451859e-4
3m,2026-08-01,Other household services,14.13872884523968,0.002063369918313633
3m,2026-08-01,"Video discs, tapes, and permanent digital downloads",15.106524514253117,6.920815203860244e-4
3m,2026-08-01,Intracity mass transit,15.221509909457943,9.960712888425196e-4
3m,2026-08-01,Taxicabs and ride sharing services,15.224867347919169,0.002045771485648571
3m,2026-08-01,Motor vehicle rental,18.23144026621659,0.0015528301243671974
3m,2026-08-01,Other recreational vehicles,20.985867234651412,0.0016822249161203126
3m,2026-08-01,Pleasure aircraft,20.986152275716297,1.257361702253785e-4
3m,2026-08-01,Pleasure boats,20.986532583953533,0.0017558604633241253
3m,2026-08-01,Bicycles and accessories,20.987103072088065,3.647043611509597e-4
3m,2026-08-01,Recreational books (part of 90),21.485154881642842,0.0016979245705241444
3m,2026-08-01,Newspapers and periodicals,22.686507006773347,0.004849109185863161
3m,2026-08-01,Tax preparation and other related services,25.405678021789214,0.0025168537410933407
3m,2026-08-01,Personal computers/tablets and peripheral equipment,29.18881357383929,0.00532973164427899
3m,2026-08-01,Eggs,29.87541793886428,8.269874002631984e-4
3m,2026-08-01,Lubricants and fluids,44.69985035797994,6.33867757596595e-4
3m,2026-08-01,Repair of household appliances,51.03784445760233,5.653728051975767e-4
3m,2026-08-01,"Repair of furniture, furnishings, and floor coverings",51.039275847872645,9.489260139661161e-5
12m,2026-08-01,Eggs,-23.013115725404642,8.269874002631984e-4
12m,2026-08-01,Telephone and related communication equipment,-14.06447268748423,0.0018027278682110803
12m,2026-08-01,"Calculators, typewriters, and other information processing equipment",-14.062025351412554,1.9265652601752287e-5
12m,2026-08-01,Film and photographic supplies,-4.672090544739471,7.104209396896155e-5
12m,2026-08-01,"Moving, storage, and freight services",-4.585878233806673,0.0011221316407222545
12m,2026-08-01,Other road transportation service,-3.6984072703909687,0.0020172898117301148
12m,2026-08-01,Railway transportation,-3.6983689457213087,7.224619725657108e-5
12m,2026-08-01,Water transportation (65),-3.6981773342866453,3.702154492750187e-4
12m,2026-08-01,Intercity buses,-3.6977941709750772,5.849163277887773e-5
12m,2026-08-01,Food produced and consumed on farms (6),-3.6163741756011225,4.552436660462139e-5
12m,2026-08-01,Children's and infants' clothing (12),-3.3540624080070525,0.0013903688038697287
12m,2026-08-01,"Clocks, lamps, lighting fixtures, and other household decorative items",-3.1414348227548183,0.0032139832329543434
12m,2026-08-01,Prescription drugs,-2.9465390077419884,0.028350472971771373
12m,2026-08-01,Used autos,-2.513315826174689,0.0022018881080536354
12m,2026-08-01,Used light trucks,-2.3103709987053134,0.008885494964254805
12m,2026-08-01,Other medical products,-2.2781816898425844,4.564477693338234e-4
12m,2026-08-01,Therapeutic medical equipment,-2.278161588889782,0.0025423251567927726
12m,2026-08-01,Recreational books (part of 90),-2.2103020619341107,0.0016979245705241444
12m,2026-08-01,Nonprescription drugs,-2.0369340105166778,0.00621442337901763
12m,2026-08-01,Audio equipment,-1.965744990484719,0.001519207855643947
12m,2026-08-01,Major household appliances,-1.8874811919621814,0.0038185820183290454
12m,2026-08-01,Processed dairy products,-1.7829815143197258,0.003512647159946412
12m,2026-08-01,Membership clubs and participant sports centers,-1.3377899805021687,0.004023974252196284
12m,2026-08-01,Photographic equipment,-1.1233822915480807,2.7309988796282025e-4
12m,2026-08-01,Wine,-1.0581814475403295,0.0035132028999253087
12m,2026-08-01,Televisions,-1.0100293310625563,0.001786565097158168
12m,2026-08-01,Motor vehicle leasing,-0.962131399659738,0.0027200693267099008
12m,2026-08-01,Spectator sports,-0.831345996697963,0.0022693642038246766
12m,2026-08-01,Furniture,-0.7730334096413438,0.008041048066321268
12m,2026-08-01,Spirits,-0.6714123928166948,0.002663939588841334
12m,2026-08-01,Fats and oils,-0.2625129983929164,0.0015276828903221216
12m,2026-08-01,Motorcycles,0,0.0010529883250145233
12m,2026-08-01,Other depository institutions and regulated investment companies,0.09835382969711759,0.012382905586446466
12m,2026-08-01,"Flowers, seeds, and potted plants",0.16257059990840705,0.003944364500219332
12m,2026-08-01,Household paper products,0.16393557472029752,0.0030474464859449654
12m,2026-08-01,Outdoor equipment and supplies,0.3802904888333458,5.06973795748515e-4
12m,2026-08-01,Tires,0.3867308353386223,0.0027325734762350764
12m,2026-08-01,New light trucks,0.4724746477018371,0.018041820544891934
12m,2026-08-01,Poultry,0.47532128888061465,0.0037590252172572825
12m,2026-08-01,Other fuels,0.5545004538208609,2.7564702953276345e-4
12m,2026-08-01,Pension funds,0.5799838144051828,0.003989610996834505
12m,2026-08-01,Pork,0.6227251825699387,0.0023452227109440763
12m,2026-08-01,"Amusement parks, campgrounds, and related recreational services",0.7720979765708291,0.004400904892882971
12m,2026-08-01,Package tours,0.7722249633858924,0.0012555555473223706
12m,2026-08-01,Carpets and other floor coverings,0.8546153397200218,0.001405003289980675
12m,2026-08-01,Net motor vehicle and other transportation insurance (116),0.9587442841303639,0.005257161265368063
12m,2026-08-01,Household linens,0.9733875196644037,0.0035034311386297084
12m,2026-08-01,Educational books (96),1.0874379672231926,4.559846526847428e-4
12m,2026-08-01,Religious organizations' services to households,1.1114258940440713,4.3111528862911544e-4
12m,2026-08-01,Communication,1.1661355992210964,0.015293408479258303
12m,2026-08-01,New foreign autos,1.2068822896848408,7.821113969672899e-4
12m,2026-08-01,New domestic autos,1.2072517852266929,0.0013801802375899557
12m,2026-08-01,Physician services (44),1.2533211669037314,0.04097757996727803
12m,2026-08-01,Commercial and vocational schools (99),1.2944589144315621,0.00422515212455689
12m,2026-08-01,Corrective eyeglasses and contact lenses,1.30011207862748,0.002402741798759885
12m,2026-08-01,Small electric household appliances,1.334302885879013,6.016811504854945e-4
12m,2026-08-01,Other meats,1.4773692513044612,0.0023382759612078675
12m,2026-08-01,Accessories and parts,1.7281471303244755,0.0037155848755735235
12m,2026-08-01,Pets and related products,1.9337581493509282,0.0057080516349129196
12m,2026-08-01,"Food products, not elsewhere classified",1.9675502208236217,0.012145002563813768
12m,2026-08-01,Household cleaning products,2.1385380430976264,0.002019744329970242
12m,2026-08-01,Foundations and grantmaking and giving services to households,2.164132267650687,5.293886415640153e-4
12m,2026-08-01,Labor organization dues,2.242063199492761,8.976590009128955e-4
12m,2026-08-01,"Games, toys, and hobbies",2.27563078888533,0.007211096719503954
12m,2026-08-01,Beer,2.3584566604637036,0.005073118709023439
12m,2026-08-01,Bakery products,2.435591008402138,0.00612758900731502
12m,2026-08-01,"Live entertainment, excluding sports",2.575251602845774,0.0029028614681020073
12m,2026-08-01,Vegetables (fresh),2.576164689347271,0.0032996598130342514
12m,2026-08-01,Museums and libraries,2.591073324625115,9.426276275386203e-4
12m,2026-08-01,Motion picture theaters,2.5913423351866527,8.684363403559107e-4
12m,2026-08-01,Group housing (23),2.749881956630529,1.653326437217684e-4
12m,2026-08-01,Tenant-occupied stationary homes and landlord durables,2.750140924464506,0.036571812349579715
12m,2026-08-01,Tenant-occupied mobile homes,2.750179681224374,7.185254810485257e-4
12m,2026-08-01,"Tools, hardware, and supplies",2.757736338776695,0.0025571912012282596
12m,2026-08-01,Cosmetic / perfumes / bath / nail preparations and implements,2.8088241041072326,0.0037830609713445647
12m,2026-08-01,Proprietary and public higher education,2.814275034158009,0.00565840553013148
12m,2026-08-01,Nonprofit private higher education services to households,2.8152069297401328,0.004118820541927988
12m,2026-08-01,Social advocacy and civic and social organizations,2.841288290652777,0.0013432698406582331
12m,2026-08-01,Stationery and miscellaneous printed materials,2.851964898893544,0.0016019668008346473
12m,2026-08-01,Parking fees and tolls,2.89540383263982,0.0014506202799151125
12m,2026-08-01,Musical instruments (part of 80),2.925614939446586,4.567719509881798e-4
12m,2026-08-01,Hotels and motels,2.9478974233257738,0.007582099467082409
12m,2026-08-01,Tax preparation and other related services,2.9796661973052974,0.0025168537410933407
12m,2026-08-01,Social assistance,2.9812003461024306,0.011913490550938386
12m,2026-08-01,Alcohol in purchased meals,3.0201212980587533,0.00844173659110579
12m,2026-08-01,Funeral and burial services,3.023054199845898,0.0014996180213878384
12m,2026-08-01,Elementary and secondary school lunches,3.0253020874423386,3.404833604040452e-4
12m,2026-08-01,Housing at schools,3.062367036166158,0.0022781171084923
12m,2026-08-01,Cereals,3.0634909096783014,0.0038594752184428613
12m,2026-08-01,Owner-occupied mobile homes,3.063849692055798,0.00456359777170498
12m,2026-08-01,Owner-occupied stationary homes,3.0645801440154052,0.11818491432712486
12m,2026-08-01,"Hair, dental, shaving, and miscellaneous personal care products except electrical products",3.088249991671388,0.0061109631196130275
12m,2026-08-01,Electric appliances for personal care,3.088249991671388,6.242349312957189e-4
12m,2026-08-01,Miscellaneous household products,3.150835404983532,0.001072578159270632
12m,2026-08-01,Processed fruits and vegetables,3.153772886019679,0.0023118783122102744
12m,2026-08-01,Life insurance (110),3.1942139139447434,0.006029732459364293
12m,2026-08-01,Other purchased meals,3.339348308547474,0.05200128450033789
12m,2026-08-01,Casino gambling,3.3527685740497803,0.007783045781118475
12m,2026-08-01,Lotteries,3.3527939949958396,0.002508378706415166
12m,2026-08-01,Pari-mutuel net receipts,3.3529719524123536,3.1302054311356655e-4
12m,2026-08-01,Rental value of farm dwellings (22),3.4463106142796462,0.001419082036112725
12m,2026-08-01,"Sporting equipment, supplies, guns, and ammunition (part of 80)",3.4677852021655298,0.006481641685537126
12m,2026-08-01,Higher education school lunches,3.4884627101472665,0.0011133324243897233
12m,2026-08-01,Food supplied to civilians,3.4885368549324225,0.0016583744086926624
12m,2026-08-01,Food supplied to military,3.4891711712988105,1.2768126015151696e-4
12m,2026-08-01,Motor vehicle rental,3.489252006153598,0.0015528301243671974
12m,2026-08-01,Proprietary hospitals,3.5134468687607834,0.009423219705502271
12m,2026-08-01,Nonprofit hospitals' services to households,3.5136145603805513,0.055330954272232565
12m,2026-08-01,Government hospitals,3.5137263636869864,0.016784412530973243
12m,2026-08-01,"Mineral waters, soft drinks, and vegetable juices",3.5187895827596627,0.005653264935326687
12m,2026-08-01,Sewing items,3.5425393952399187,5.8074827794705206e-5
12m,2026-08-01,Clothing materials,3.542605499108986,1.4347353788516485e-4
12m,2026-08-01,Women's and girls' clothing (10),3.5589622160076884,0.012745433299346746
12m,2026-08-01,Luggage and similar personal items (part of 119),3.612886048988284,0.0025675187025027565
12m,2026-08-01,Shoes and other footwear,3.616552033492826,0.006056176420026794
12m,2026-08-01,Men's and boys' clothing (11),3.719980024515368,0.007803376602013113
12m,2026-08-01,Standard clothing issued to military personnel,3.731552810290073,2.4452559071454823e-5
12m,2026-08-01,Paramedical services (46),3.7540710969440783,0.033232417128054345
12m,2026-08-01,Fruit (fresh),3.7657848569592423,0.002989001164830996
12m,2026-08-01,Electricity (27),3.788526628196931,0.0132204520463087
12m,2026-08-01,Nursing homes (52),3.9464645625900907,0.013378930563624077
12m,2026-08-01,Day care and nursery schools,3.9880566786546723,0.0010508579884287526
12m,2026-08-01,Child care,3.989009188794723,0.003305865576131931
12m,2026-08-01,"Coffee, tea, and other beverage materials",4.013584669581194,0.0013016356539058888
12m,2026-08-01,Fresh milk,4.09761696121842,0.0015087414193747258
12m,2026-08-01,Hairdressing salons and personal grooming establishments,4.248618626356304,0.004824378756802257
12m,2026-08-01,Elementary and secondary schools,4.298554706163404,0.0022345378318138166
12m,2026-08-01,Legal services,4.362169317728148,0.00788071708240957
12m,2026-08-01,Professional association dues,4.365588233233142,7.215820509324576e-4
12m,2026-08-01,Natural gas (28),4.385763645197849,0.0035430739237910062
12m,2026-08-01,Other personal business services,4.387396888227557,0.0012336501298208591
12m,2026-08-01,Garbage and trash collection,4.408332021329753,0.0020220599132156447
12m,2026-08-01,Other video equipment,4.606338187760173,5.444399326591342e-4
12m,2026-08-01,Nonelectric cookware and tableware,4.647885808942931,0.0015067500177836793
12m,2026-08-01,Veterinary and other services for pets,4.75000000000001,0.0037781519348643105
12m,2026-08-01,Water supply and sewage maintenance,4.918128569550562,0.004815394293810094
12m,2026-08-01,Dental services (45),4.968803347786022,0.009695949100145826
12m,2026-08-01,Laundry and drycleaning services,5.141197595015923,7.189885976976063e-4
12m,2026-08-01,Motor vehicle maintenance and repair (60),5.237272195816267,0.013939116462351952
12m,2026-08-01,Maintenance and repair of recreational vehicles and sports equipment,5.264016383786596,4.1240537600625984e-4
12m,2026-08-01,Employment agency services,5.3485617597292645,7.859089534897507e-5
12m,2026-08-01,Net household insurance (111),5.367149406884497,8.322669300627171e-4
12m,2026-08-01,Window coverings,5.402106039714383,0.001647676414098901
12m,2026-08-01,Net health insurance (112),5.496342391844045,0.014080922780300426
12m,2026-08-01,Commercial banks,5.510053167590256,0.012996720393137871
12m,2026-08-01,Beef and veal,5.877560090367018,0.0031552600418509255
12m,2026-08-01,Sugar and sweets,6.056685627500458,0.0037511522342229126
12m,2026-08-01,Lubricants and fluids,6.180862831858414,6.33867757596595e-4
12m,2026-08-01,Tobacco (127),6.293602950684418,0.0051182262706438875
12m,2026-08-01,Domestic services,6.294974179529866,0.0018002733499709533
12m,2026-08-01,Miscellaneous personal care services,6.304680349954239,0.006161813327682075
12m,2026-08-01,Repair and hire of footwear,6.304841754936152,2.0655002548994037e-5
12m,2026-08-01,"Clothing repair, rental, and alterations",6.305239646466254,3.290443791717548e-4
12m,2026-08-01,Fish and seafood,6.452235445480858,0.0011065246096482388
12m,2026-08-01,"Financial service charges, fees, and commissions (108)",6.632511567485522,0.027603789998458746
12m,2026-08-01,Other recreational vehicles,6.8084264492099145,0.0016822249161203126
12m,2026-08-01,Pleasure aircraft,6.808854780566298,1.257361702253785e-4
12m,2026-08-01,Pleasure boats,6.808971943318798,0.0017558604633241253
12m,2026-08-01,Bicycles and accessories,6.809147695008,3.647043611509597e-4
12m,2026-08-01,"Audio-video, photographic, and information processing equipment services (parts of 77 and 93)",6.980805575713123,0.008305858166265546
12m,2026-08-01,Other household services,7.358977775239994,0.002063369918313633
12m,2026-08-01,"Audio discs, tapes, vinyl, and permanent digital downloads",7.447337042925284,1.3624891815950776e-4
12m,2026-08-01,Jewelry,7.777187146335596,0.004362929327658364
12m,2026-08-01,"Repair of furniture, furnishings, and floor coverings",8.407043384670864,9.489260139661161e-5
12m,2026-08-01,Repair of household appliances,8.407239127110678,5.653728051975767e-4
12m,2026-08-01,Personal computers/tablets and peripheral equipment,8.430592288840888,0.00532973164427899
12m,2026-08-01,Taxicabs and ride sharing services,8.466475739688573,0.002045771485648571
12m,2026-08-01,Intracity mass transit,8.466888696708196,9.960712888425196e-4
12m,2026-08-01,Watches,9.203857554377336,9.090979821451859e-4
12m,2026-08-01,Dishes and flatware,9.769236458667185,0.0015506534761165188
12m,2026-08-01,Newspapers and periodicals,10.919535991622475,0.004849109185863161
12m,2026-08-01,"Video discs, tapes, and permanent digital downloads",13.399675595107619,6.920815203860244e-4
12m,2026-08-01,Computer software and accessories,15.609275869612782,0.01161403932564288
12m,2026-08-01,Air transportation (64),19.44950713127913,0.01039136506040523
12m,2026-08-01,Gasoline and other motor fuel,27.921295571897975,0.02124427217328417
12m,2026-08-01,Fuel oil,52.038286457486585,0.0011818273767887418
