date,lo,hi,diff,cat
1960-01-01,2.0708341397329235,2.0708341397329235,0,0
1960-02-01,0.7413407132657,2.1852639721523985,1.4439232588866986,0
1960-03-01,0.7324073674544849,2.0732728092202706,1.3408654417657857,0
1960-04-01,0.7324073674544849,2.0038535645471995,1.2714461970927147,0
1960-05-01,0.702995453276543,2.0463147090897422,1.3433192558131992,0
1960-06-01,0.6892561488002826,1.8036456667732637,1.114389517972981,0
1960-07-01,0.44337862600454514,1.741960183767219,1.2985815577626738,0
1960-08-01,0.6043471716734103,1.7264445435433657,1.1220973718699554,0
1960-09-01,0.611439976747576,1.5440335493709654,0.9325935726233894,0
1960-10-01,0.4345037699669234,1.4272121788772694,0.992708408910346,0
1960-11-01,0.42293337450021795,1.5132328732430125,1.0902994987427945,0
1960-12-01,0.45223112808608334,1.327601466683518,0.8753703385974347,0
1961-01-01,0.45632502125150154,1.3272658323852937,0.8709408111337922,0
1961-02-01,0.45632502125150154,1.2364370426444395,0.780112021392938,0
1961-03-01,0.45632502125150154,1.2615908660821304,0.8052658448306289,0
1961-04-01,0.45632502125150154,1.2152121899005124,0.7588871686490108,0
1961-05-01,0.234668484950447,1.1817953231078775,0.9471268381574305,0
1961-06-01,0.234668484950447,1.2753659609222865,1.0406974759718395,0
1961-07-01,0.234668484950447,1.2543116964565542,1.0196432115061071,0
1961-08-01,0.06805565679799486,1.2149298597194331,1.1468742029214383,0
1961-09-01,0.06100115869034539,1.3328327388774142,1.2718315801870688,0
1961-10-01,0.06499385500168842,1.3070669168230324,1.242073061821344,0
1961-11-01,0.06499385500168842,1.0540759683153453,0.9890821133136569,0
1961-12-01,0.03900803864715385,1.1729473421512466,1.1339393035040928,0
1962-01-01,0.030392156463136644,1.26621756487026,1.2358254084071234,0
1962-02-01,0.22592844824676206,1.333499501495524,1.107571053248762,0
1962-03-01,0.24340920667495425,1.5386532112377864,1.2952440045628322,0
1962-04-01,0.4212523364519143,1.4183514774494625,0.9970991409975483,0
1962-05-01,0.41363543321037355,1.4289264413518907,1.0152910081415172,0
1962-06-01,0.41363543321037355,1.4640198511166318,1.0503844179062582,0
1962-07-01,0.41363543321037355,1.3936203158872758,0.9799848826769022,0
1962-08-01,0.40252732058456786,1.2993441405766646,0.8968168199920967,0
1962-09-01,0.41099939275743225,1.2967765839199785,0.8857771911625463,0
1962-10-01,0.40519116227710583,1.2593369961108465,0.8541458338337407,0
1962-11-01,0.40519116227710583,1.3146525120355363,0.9094613497584305,0
1962-12-01,0.40198045649677283,1.2580167735569887,0.8560363170602159,0
1963-01-01,0.40198045649677283,1.3304588851247274,0.9284784286279546,0
1963-02-01,0.294970232993677,1.2790554667322596,0.9840852337385826,0
1963-03-01,0.28105259382907377,1.1042944785276063,0.8232418846985325,0
1963-04-01,0.10345775373623667,1.2083665583021457,1.104908804565909,0
1963-05-01,0.10345775373623667,1.249540610069829,1.1460828563335923,0
1963-06-01,0.30593858223215875,1.2350207874785895,0.9290822052464307,0
1963-07-01,0.30593858223215875,1.2400733048258985,0.9341347225937398,0
1963-08-01,0.30593858223215875,1.3193256779868108,1.013387095754652,0
1963-09-01,0.2974753744543648,1.3045598634479347,1.00708448899357,0
1963-10-01,0.2947103019383235,1.536304334572975,1.2415940326346515,0
1963-11-01,0.48741392881126444,1.553457203777043,1.0660432749657787,0
1963-12-01,0.48741392881126444,1.6686967113276268,1.1812827825163623,0
1964-01-01,0.49288978374717374,1.61692298340526,1.1240331996580863,0
1964-02-01,0.4464460376458561,1.69398907103826,1.2475430333924038,0
1964-03-01,0.47516477766464504,1.7293689320388381,1.254204154374193,0
1964-04-01,0.47516477766464504,1.6969696969697026,1.2218049193050575,0
1964-05-01,0.47516477766464504,1.5970961887477273,1.1219314110830823,0
1964-06-01,0.2723423436691945,1.497765430607572,1.2254230869383775,0
1964-07-01,0.2723423436691945,1.5084776443613066,1.236135300692112,0
1964-08-01,0.2723423436691945,1.5493127562092894,1.276970412540095,0
1964-09-01,0.2723423436691945,1.4081116861234904,1.1357693424542958,0
1964-10-01,0.2723423436691945,1.2248574001801273,0.9525150565109328,0
1964-11-01,0.08005115724898815,1.2777444511097542,1.197693293860766,0
1964-12-01,0.08475383568597294,1.275907511680856,1.191153675994883,0
1965-01-01,0.0838685909176462,1.2741520607764585,1.1902834698588123,0
1965-02-01,0.13662082960266275,1.2000716460684373,1.0634508164657746,0
1965-03-01,0.10643868834516468,1.163137488815977,1.0566988004708122,0
1965-04-01,0.10643868834516468,1.1918951132300322,1.0854564248848675,0
1965-05-01,0.15885729742399235,1.2921281410027206,1.1332708435787282,0
1965-06-01,0.1673720349312191,1.1960014280613933,1.0286293931301742,0
1965-07-01,0.17664335777784856,1.1947928431314239,1.0181494853535753,0
1965-08-01,0.17664335777784856,1.2525972098545708,1.0759538520767222,0
1965-09-01,0.1930805787734471,1.3292190837882742,1.1361385050148272,0
1965-10-01,0.19590236266337513,1.2515570318524283,1.0556546691890532,0
1965-11-01,0.19823456094003689,1.2971628265118937,1.0989282655718569,0
1965-12-01,0.37500153055620444,1.460933341219615,1.0859318106634106,0
1966-01-01,0.6017096517229277,1.3526284701712825,0.7509188184483548,0
1966-02-01,0.7038560535990541,1.48082595870207,0.7769699051030159,0
1966-03-01,0.9278038398659731,1.550707547169793,0.6229037073038199,0
1966-04-01,0.930640563884026,1.7962308598350916,0.8655902959510655,0
1966-05-01,1.22881949295504,1.8811357357004397,0.6523162427453997,0
1966-06-01,1.3304401771439274,2.234374081260654,0.9039339041167267,0
1966-07-01,1.5271896243808385,2.4318609022556217,0.9046712778747832,0
1966-08-01,1.6649234786100209,2.4272983114446305,0.7623748328346096,1
1966-09-01,1.7098194361882406,2.6235652377606016,0.913745801572361,1
1966-10-01,1.8869728862254647,2.993555946104266,1.1065830598788011,1
1966-11-01,2.0955020262120883,3.058121857092729,0.9626198308806408,1
1966-12-01,2.097563232407353,3.0605106680657457,0.9629474356583927,1
1967-01-01,2.070488231927854,3.1237251588087815,1.0532369268809276,1
1967-02-01,2.076970476376559,3.0579617464100863,0.9809912700335275,1
1967-03-01,2.0957692997561423,3.083086570283939,0.9873172705277966,0
1967-04-01,2.056254654171383,2.996818050332678,0.9405633961612949,0
1967-05-01,1.9128732598639573,2.9484738330159814,1.0356005731520241,0
1967-06-01,1.9174824485278492,2.875711738655312,0.9582292901274627,0
1967-07-01,1.9899572421949472,2.924647321940597,0.9346900797456499,1
1967-08-01,2.0283488330568105,3.050944476244993,1.0225956431881826,0
1967-09-01,2.086437897487926,3.098607623830162,1.0121697263422362,0
1967-10-01,2.1497494821448413,3.145441101188794,0.9956916190439529,0
1967-11-01,2.1308637423522754,3.2170212765957586,1.0861575342434833,1
1967-12-01,2.2301196794954024,3.1562871203122427,0.9261674408168403,1
1968-01-01,2.2831360609999223,3.5207685786945433,1.237632517694621,1
1968-02-01,2.4671765093213054,3.7795453263383507,1.3123688170170453,1
1968-03-01,2.574432486156695,4.032893995719263,1.458461509562568,1
1968-04-01,2.7188166698632443,4.128517665561972,1.4097009956987279,1
1968-05-01,2.887810822466548,4.29324066808654,1.4054298456199916,1
1968-06-01,3.1278767543620773,4.43897802873596,1.3111012743738826,1
1968-07-01,3.1867506906550602,4.429462892801411,1.2427122021463504,1
1968-08-01,3.1961233694917723,4.5159140143309315,1.3197906448391592,1
1968-09-01,3.3759832754114,4.566336414457297,1.1903531390458966,1
1968-10-01,3.395125531409974,4.604610124627783,1.2094845932178089,1
1968-11-01,3.487774550227968,4.666886543535625,1.1791119933076573,1
1968-12-01,3.5911992785872826,4.721171245270611,1.1299719666833283,1
1969-01-01,3.6975864560137666,4.651162790697683,0.9535763346839161,1
1969-02-01,3.662933853286731,4.560526172745554,0.8975923194588233,1
1969-03-01,3.571121004031923,4.63454250135355,1.0634214973216274,1
1969-04-01,3.740808821115678,4.649908296472091,0.9090994753564132,1
1969-05-01,3.8075678447942067,4.675408426483244,0.8678405816890375,1
1969-06-01,3.7914960189492604,4.625020073871838,0.8335240549225773,1
1969-07-01,3.8540561097122605,4.764445392946712,0.9103892832344513,1
1969-08-01,4.0696292277467165,4.65029761904762,0.5806683913009039,1
1969-09-01,3.925335485200108,4.647469828498842,0.7221343432987339,1
1969-10-01,3.947061270064495,4.670778638831763,0.723717368767268,1
1969-11-01,3.934151429469736,4.674124258179717,0.7399728287099805,1
1969-12-01,3.9825848534472073,4.749188396690755,0.7666035432435478,1
1970-01-01,4.048790361253168,4.700052164840912,0.6512618035877438,1
1970-02-01,4.052980108399311,4.741110417966297,0.6881303095669864,2
1970-03-01,4.193578809422988,4.641415709407013,0.44783689998402565,1
1970-04-01,4.196388190635986,4.654639175257742,0.4582509846217562,1
1970-05-01,4.212436855311367,4.605195605298292,0.3927587499869247,1
1970-06-01,4.1334685558610715,4.620107444359164,0.4866388884980921,1
1970-07-01,4.063135592615524,4.53249134243228,0.46935574981675643,1
1970-08-01,3.983768349948164,4.601086790919723,0.6173184409715589,1
1970-09-01,4.073722593085648,4.618108244815389,0.5443856517297405,1
1970-10-01,4.086477188065032,4.683958700579211,0.5974815125141788,1
1970-11-01,4.141208009113015,4.821634639506286,0.6804266303932707,1
1970-12-01,4.134816940305313,4.958760309922525,0.8239433696172114,1
1971-01-01,4.2403232803120545,5.027153604703301,0.7868303243912464,1
1971-02-01,4.2326425580071,5.022831050228319,0.790188492221219,1
1971-03-01,4.107228914294907,4.969589081738633,0.8623601674437253,1
1971-04-01,3.9492668990944537,4.945082007585071,0.9958151084906177,1
1971-05-01,3.8698070710758543,5.030674846625757,1.160867775549903,1
1971-06-01,3.987948078666534,5.071400625978086,1.083452547311552,1
1971-07-01,4.081852453501298,5.071616486407478,0.9897640329061801,1
1971-08-01,4.008787821385297,4.855075981939123,0.8462881605538257,1
1971-09-01,4.010584657468115,4.593144128027845,0.5825594705597297,1
1971-10-01,3.8640262180153115,4.2434447919172555,0.379418573901944,1
1971-11-01,3.544199386130714,3.9440934328929984,0.39989404676228446,1
1971-12-01,3.328406231632769,3.7481544982616413,0.4197482666288721,1
1972-01-01,3.114610034552385,3.780834914611006,0.6662248800586212,1
1972-02-01,3.0862767414970023,3.6672967863894144,0.5810200448924121,1
1972-03-01,3.125585321653517,3.5377802901827664,0.4121949685292492,1
1972-04-01,3.1460992659175417,3.3932510442577666,0.24715177834022484,1
1972-05-01,2.957591642350849,3.182242990654217,0.22465134830336808,1
1972-06-01,2.7426101180321467,3.009914221052128,0.2673041030199812,1
1972-07-01,2.5338234558691255,2.894752926404635,0.3609294705355097,1
1972-08-01,2.517487053691042,2.9587442700374993,0.4412572163464574,1
1972-09-01,2.4384295848093984,3.129478112143474,0.6910485273340754,1
1972-10-01,2.493317250488886,3.027645728527247,0.5343284780383613,1
1972-11-01,2.5772130605921575,3.0748527839095345,0.49763972331737705,1
1972-12-01,2.6814778413396994,3.1807718495086306,0.4992940081689312,1
1973-01-01,2.678612241166519,3.2037947296578437,0.5251824884913248,1
1973-02-01,2.644295510551075,3.1489289835881635,0.5046334730370887,1
1973-03-01,2.7273040174617478,3.2117615009404403,0.48445748347869255,1
1973-04-01,2.8615198223646843,3.2990923975697513,0.437572575205067,1
1973-05-01,3.260258765134111,3.6774276925671643,0.4171689274330532,1
1973-06-01,3.470063284628935,3.911665518620296,0.441602233991361,2
1973-07-01,3.617666265832,4.130318021999059,0.5126517561670596,2
1973-08-01,3.551144369281573,4.1014570966001,0.5503127273185271,2
1973-09-01,3.734054011102714,4.280591662931414,0.5465376518287002,2
1973-10-01,3.742227416997281,4.6230345383685005,0.8808071213712196,2
1973-11-01,3.969026042350478,4.85211330533464,0.8830872629841622,2
1973-12-01,4.123488339600385,5.118268074301739,0.9947797347013534,2
1974-01-01,4.337410127072673,5.56915817121488,1.2317480441422077,2
1974-02-01,4.589897074401122,5.90662998136149,1.3167329069603682,2
1974-03-01,4.847358727637214,6.302762430939211,1.4554037033019966,2
1974-04-01,5.162018635424673,6.4818069959571005,1.3197883605324279,2
1974-05-01,5.2445490135369965,7.091577657152854,1.8470286436158574,2
1974-06-01,5.677666865480774,7.723488645774296,2.0458217802935224,2
1974-07-01,6.147293750342044,8.21578924525845,2.068495494916405,2
1974-08-01,6.597045043244364,8.752376015206494,2.1553309719621296,2
1974-09-01,7.049208823509943,9.176875134321932,2.127666310811989,2
1974-10-01,7.540688410736166,9.608220937700708,2.0675325269645413,2
1974-11-01,7.874142566208462,9.877279700017056,2.0031371338085933,2
1974-12-01,8.064422134238853,10.04322400203408,1.9788018677952266,2
1975-01-01,8.187342948793216,10.141688454077766,1.9543455052845502,2
1975-02-01,8.34957851783804,10.219987429289759,1.8704089114517188,2
1975-03-01,8.264978774180705,9.937216747744372,1.6722379735636679,2
1975-04-01,7.903427405020992,9.652923940406907,1.7494965353859158,2
1975-05-01,7.7166014189623695,9.070470896010477,1.3538694770481072,2
1975-06-01,7.2301714715932235,8.48877200080922,1.2586005292159967,2
1975-07-01,6.84472508761101,8.197641774284108,1.3529166866730975,2
1975-08-01,6.697719136858993,7.535552554222619,0.8378334173636262,2
1975-09-01,6.236633278952539,7.157480314960637,0.920847036008098,2
1975-10-01,5.989569771760188,6.855736552209052,0.8661667804488644,2
1975-11-01,5.901956834741966,6.7827503296362295,0.8807934948942631,2
1975-12-01,5.793922524177361,6.677449168207033,0.8835266440296721,2
1976-01-01,5.63606635429737,6.604387610551711,0.9683212562543417,2
1976-02-01,5.443183077849639,6.276611922141129,0.8334288442914897,2
1976-03-01,5.312547609414949,6.07390038198254,0.7613527725675908,2
1976-04-01,5.3083591468082005,6.066705442241414,0.7583462954332134,2
1976-05-01,5.191324016882334,6.022561181276458,0.8312371643941248,2
1976-06-01,5.333686881487651,5.966524450126158,0.6328375686385073,2
1976-07-01,5.352008042262256,5.968590422291896,0.6165823800296408,2
1976-08-01,5.2886283940668335,6.113553248864093,0.8249248547972599,2
1976-09-01,5.413026436184708,6.157689764126673,0.7446633279419643,2
1976-10-01,5.3513180273299525,6.149009285662061,0.7976912583321081,2
1976-11-01,5.229658088260592,5.930633738877788,0.7009756506171954,2
1976-12-01,5.202731911662383,5.862392607031978,0.6596606953695954,2
1977-01-01,5.141435615758354,5.965378537566423,0.8239429218080687,2
1977-02-01,5.273825119197426,6.192094437488834,0.9182693182914079,2
1977-03-01,5.485890428736411,6.293008164866109,0.8071177361296975,2
1977-04-01,5.709770473977386,6.399829527293392,0.6900590533160056,2
1977-05-01,5.819939096225269,6.579133515936746,0.759194419711477,2
1977-06-01,5.843146393940771,6.643196620313319,0.800050226372548,2
1977-07-01,5.943553270415464,6.715451139665987,0.7718978692505232,2
1977-08-01,5.98594016280876,6.634996570561285,0.6490564077525249,2
1977-09-01,5.9612395759843935,6.550389961380063,0.5891503853956692,2
1977-10-01,5.896734479006199,6.458474972186636,0.5617404931804373,2
1977-11-01,5.7636533954226365,6.510559517279219,0.7469061218565827,2
1977-12-01,5.857155102018623,6.539045916163673,0.6818908141450493,2
1978-01-01,5.92420029698026,6.5545613210233284,0.6303610240430686,2
1978-02-01,5.749287741713175,6.375919890731225,0.6266321490180502,2
1978-03-01,5.614091869248682,6.353146384006436,0.7390545147577541,2
1978-04-01,5.5802316518047945,6.5155712807503505,0.935339628945556,2
1978-05-01,5.730000078076316,6.598698193411252,0.8686981153349365,2
1978-06-01,5.896049119215803,6.556186451868456,0.6601373326526527,2
1978-07-01,5.914153564035303,6.525804652383613,0.6116510883483102,2
1978-08-01,5.987915806795911,6.572202814326289,0.5842870075303779,2
1978-09-01,6.051193540208956,6.7364588074647145,0.6852652672557582,2
1978-10-01,6.2150828403719345,7.001650111625196,0.7865672712532614,2
1978-11-01,6.559105531164903,7.023529790452912,0.464424259288009,2
1978-12-01,6.66571578121922,6.9208160540998165,0.2551002728805969,2
1979-01-01,6.709194172131802,7.009529033587441,0.3003348614556387,2
1979-02-01,6.735373394640874,7.208296044662717,0.4729226500218431,2
1979-03-01,6.768434996530615,7.481790309435766,0.7133553129051506,2
1979-04-01,7.063395067531573,7.572147396058966,0.5087523285273932,2
1979-05-01,7.239045398288084,7.500318287618441,0.26127288933035686,2
1979-06-01,7.354706638007883,7.634405488874862,0.27969885086697843,2
1979-07-01,7.2717752864358545,7.806745474252978,0.5349701878171231,2
1979-08-01,7.407634336131366,7.905813215050145,0.4981788789187789,2
1979-09-01,7.52056046299117,8.168432919409014,0.6478724564178435,2
1979-10-01,7.517160049590288,8.254799913203058,0.7376398636127703,2
1979-11-01,7.624289452314343,8.423151761975262,0.7988623096609189,2
1979-12-01,7.877187787600576,8.434009781416435,0.5568219938158592,2
1980-01-01,8.030614934555842,8.542603818972296,0.5119888844164535,2
1980-02-01,8.162818521401888,8.966398288719219,0.8035797673173306,2
1980-03-01,8.363688140723212,9.349521446295654,0.9858333055724415,2
1980-04-01,8.597561057077769,9.087151372834,0.4895903157562316,2
1980-05-01,8.560709832291224,9.20273047474079,0.642020642449566,2
1980-06-01,8.536043288089928,9.157728518505806,0.6216852304158778,2
1980-07-01,8.69075458819664,9.316227367265313,0.6254727790686729,2
1980-08-01,8.591880573025207,9.255737152836602,0.6638565798113945,2
1980-09-01,8.561320843238633,9.513017365931049,0.9516965226924157,2
1980-10-01,8.66990334583626,9.61273448266165,0.9428311368253901,2
1980-11-01,8.56749491111573,9.775318578135469,1.2078236670197384,2
1980-12-01,8.640402913111316,9.64734607807776,1.0069431649664438,2
1981-01-01,8.661950748578988,9.76456009913258,1.1026093505535925,2
1981-02-01,8.60745943161561,9.474602611991173,0.8671431803755638,2
1981-03-01,8.588250687212337,9.161874506653248,0.5736238194409111,2
1981-04-01,8.403414299948906,9.207944741580889,0.8045304416319823,2
1981-05-01,8.505032040732203,9.088448006434007,0.5834159657018034,2
1981-06-01,8.316968519871764,8.901896387329174,0.5849278674574094,2
1981-07-01,8.071397106784246,8.795139528155488,0.7237424213712416,2
1981-08-01,8.099414745658578,8.73720493001882,0.6377901843602416,2
1981-09-01,8.027888462916891,8.588181772131122,0.5602933092142308,2
1981-10-01,7.840753464831778,8.444168710142819,0.6034152453110408,2
1981-11-01,7.642468037315723,8.211004375235078,0.5685363379193547,2
1981-12-01,7.4527076885874095,7.981216841561832,0.5285091529744221,2
1982-01-01,7.18104929390509,7.7215990982615494,0.5405498043564592,2
1982-02-01,6.869860803972827,7.426232483389697,0.5563716794168698,2
1982-03-01,6.440309489370108,6.977415752564767,0.5371062631946586,2
1982-04-01,6.277526348230182,6.798787391440925,0.5212610432107425,2
1982-05-01,5.945861024424204,6.540708332314921,0.594847307890717,2
1982-06-01,5.888077395655827,6.544738186151704,0.6566607904958772,2
1982-07-01,5.8545064706440115,6.592529916596163,0.7380234459521517,2
1982-08-01,5.881571450557516,6.370971615196197,0.4894001646386812,2
1982-09-01,5.599916117873917,6.092050073823003,0.49213395594908604,2
1982-10-01,5.255450191351002,6.1093323846792345,0.8538821933282321,2
1982-11-01,5.188824883518066,5.882907736200508,0.6940828526824419,1
1982-12-01,4.910511859839531,5.828321744033076,0.9178098841935451,1
1983-01-01,4.729837442632686,5.902542669686412,1.1727052270537257,1
1983-02-01,4.753223220307049,5.886867935060707,1.1336447147536575,1
1983-03-01,4.683095111612204,5.560187115001611,0.8770920033894072,1
1983-04-01,4.443906863978867,5.462136415011628,1.0182295510327606,1
1983-05-01,4.567543741365213,5.169038408631607,0.6014946672663939,1
1983-06-01,4.331713217080548,5.005934989043098,0.6742217719625501,1
1983-07-01,4.157276436561148,5.032658985757067,0.8753825491959191,1
1983-08-01,3.8797081106934854,5.090868043797258,1.2111599331037723,1
1983-09-01,3.7910578785699443,5.126071211678166,1.335013333108222,1
1983-10-01,3.8617796259696746,4.648979683064752,0.7872000570950775,1
1983-11-01,3.6302238211141713,4.507192802743518,0.8769689816293464,1
1983-12-01,3.7393577619557306,4.253146573730831,0.5137888117751004,1
1984-01-01,3.7147260412191656,4.088222612689989,0.3734965714708238,1
1984-02-01,3.6481886773525076,4.158154859967041,0.5099661826145336,1
1984-03-01,3.7038968279107394,4.4205076453941246,0.7166108174833852,1
1984-04-01,3.8568262923221397,4.595262570809936,0.7384362784877965,1
1984-05-01,3.840159344329493,4.6869198680848285,0.8467605237553357,1
1984-06-01,3.7642964489467374,4.445555531401496,0.6812590824547584,1
1984-07-01,3.787434841672848,4.270491086332299,0.4830562446594513,1
1984-08-01,3.878772317710883,4.348527790527285,0.4697554728164022,1
1984-09-01,3.7399974324960397,4.40817741657564,0.6681799840796003,1
1984-10-01,3.788898143995212,4.432798123990338,0.6438999799951262,1
1984-11-01,3.7673130193905706,4.504019165924291,0.7367061465337201,1
1984-12-01,3.837006366412666,4.339870954362723,0.5028645879500573,1
1985-01-01,3.9496102515258684,4.565203998808798,0.6155937472829294,1
1985-02-01,3.8034918614689985,4.482871824088647,0.6793799626196488,1
1985-03-01,3.8871712684358926,4.532177193682912,0.6450059252470197,1
1985-04-01,3.8266906444732456,4.498579742649326,0.6718890981760808,1
1985-05-01,3.695348043005737,4.254158585460118,0.5588105424543812,1
1985-06-01,3.7669215949886166,4.379915605014489,0.6129940100258722,1
1985-07-01,3.816680759831968,4.405584312536433,0.5889035527044655,1
1985-08-01,3.612165236667124,4.1296381801771815,0.5174729435100573,1
1985-09-01,3.5857882752450507,4.120777131543136,0.5349888562980851,1
1985-10-01,3.5479957899176924,4.053915011832501,0.5059192219148088,1
1985-11-01,3.495204688484961,4.088463591933959,0.5932589034489979,1
1985-12-01,3.624921142967821,3.9598290073837603,0.3349078644159391,1
1986-01-01,3.631749183002313,3.937760602054311,0.30601141905199825,1
1986-02-01,3.6685552407931965,3.959164274484124,0.2906090336909273,1
1986-03-01,3.5137197073383106,3.753556774940492,0.23983706760218126,0
1986-04-01,3.332959034819055,3.6856521388866526,0.3526931040675976,0
1986-05-01,3.3898348837376773,3.7810752515501633,0.39124036781248606,0
1986-06-01,3.3166673228741956,3.6407561193909714,0.3240887965167758,0
1986-07-01,3.310891267064491,3.6231557436835544,0.3122644766190632,0
1986-08-01,3.0666931321952973,3.6879244012257573,0.62123126903046,0
1986-09-01,3.1930908802788878,3.6314820790569087,0.4383911987780209,0
1986-10-01,3.305344832600696,3.6853242616893027,0.37997942908860693,0
1986-11-01,3.3439207717650845,3.85593926913657,0.5120184973714856,0
1986-12-01,3.197119641135629,3.8647991084987012,0.6676794673630724,0
1987-01-01,2.8903543961957894,3.792464013367521,0.9021096171717318,0
1987-02-01,2.834110827006043,3.802730156727293,0.9686193297212498,0
1987-03-01,2.8255074043083113,3.8687977479571174,1.0432903436488061,0
1987-04-01,3.0748611165067388,4.012569013273463,0.9377078967667245,1
1987-05-01,3.187899941826643,4.165565836564696,0.9776658947380525,1
1987-06-01,3.1609473175447107,4.2702775481754145,1.1093302306307038,1
1987-07-01,3.240124278739458,4.204509567433945,0.964385288694487,1
1987-08-01,3.377948964853175,4.23980000660751,0.8618510417543348,1
1987-09-01,3.4474815724815784,4.458928484455683,1.0114469119741045,1
1987-10-01,3.537198936353363,4.408514757412576,0.8713158210592127,1
1987-11-01,3.5335216860109995,4.324439516400247,0.7909178303892475,1
1987-12-01,3.6166399755967404,4.328828847050417,0.7121888714536766,1
1988-01-01,3.6793438260539517,4.254441107917444,0.5750972818634921,1
1988-02-01,3.6550101242677897,4.311178815711486,0.6561686914436962,1
1988-03-01,3.634294769606015,4.301021301989266,0.666726532383251,1
1988-04-01,3.6105477264672317,4.283813472093186,0.6732657456259545,1
1988-05-01,3.568419239129824,4.14853716400836,0.580117924878536,1
1988-06-01,3.5505275354388317,4.274737631184394,0.7242100957455619,1
1988-07-01,3.659359112032675,4.430072152229997,0.7707130401973217,1
1988-08-01,3.8530076086607608,4.37043650822595,0.5174288995651892,1
1988-09-01,3.811011258561976,4.481184591405025,0.6701733328430493,1
1988-10-01,3.967336937838212,4.432578249140832,0.4652413113026199,1
1988-11-01,3.9240930035655026,4.500783626809252,0.5766906232437492,1
1988-12-01,3.9692551372485667,4.627500045999014,0.6582449087504472,1
1989-01-01,4.106249589584053,4.662491301322191,0.5562417117381386,1
1989-02-01,4.165285061055798,4.713257063489152,0.5479720024333545,1
1989-03-01,4.259685718464951,4.578541272383177,0.31885555391822606,1
1989-04-01,4.261506513109879,4.422390843731321,0.16088433062144247,1
1989-05-01,4.260286525975033,4.378508130741608,0.11822160476657473,1
1989-06-01,4.216315307057755,4.508262761191759,0.2919474541340037,1
1989-07-01,4.059568984033788,4.373627072155429,0.3140580881216408,1
1989-08-01,3.9459353295123663,4.317161320756057,0.3712259912436906,1
1989-09-01,3.75086578933346,4.301109637706801,0.5502438483733414,1
1989-10-01,3.7331257408750815,4.212890628360768,0.47976488748568613,1
1989-11-01,3.724680640835615,4.402981745822387,0.6783011049867724,1
1989-12-01,3.6754361283061456,4.416511950420727,0.7410758221145812,1
1990-01-01,3.5501819708846654,4.482981469671259,0.9327994987865935,1
1990-02-01,3.7890290940189004,4.410336932014218,0.6213078379953174,1
1990-03-01,3.924007755441508,4.451685565664221,0.5276778102227127,1
1990-04-01,3.9385373129151304,4.639636579507993,0.7010992665928626,1
1990-05-01,3.9458440682655294,4.603450860466893,0.6576067922013635,1
1990-06-01,3.9349897373936074,4.437303463932096,0.5023137265384889,1
1990-07-01,4.068047337278102,4.630809370965764,0.5627620336876618,1
1990-08-01,4.094136075603842,4.625641769881213,0.5315056942773708,1
1990-09-01,4.271341529596185,4.715301253707963,0.4439597241117781,1
1990-10-01,4.26228769112906,4.725028362385132,0.4627406712560713,2
1990-11-01,4.145922865048064,4.553055493078347,0.4071326280302827,2
1990-12-01,4.018960979930284,4.474487106280222,0.4555261263499375,1
1991-01-01,3.9747417159729252,4.433868333151068,0.45912661717814274,1
1991-02-01,3.9332077756104127,4.370225939278384,0.43701816366797175,1
1991-03-01,3.6516383840412345,4.179709572703388,0.5280711886621532,1
1991-04-01,3.5506907828872727,3.846453268326357,0.29576248543908434,1
1991-05-01,3.4945453471280956,3.7567980469606113,0.26225269983251565,1
1991-06-01,3.468160201494655,3.8625514449031044,0.39439124340844955,1
1991-07-01,3.350997644007549,3.5791369453299637,0.22813930132241467,1
1991-08-01,3.218235185444442,3.4244642785981227,0.20622909315368076,1
1991-09-01,3.0229512219189587,3.428196506192066,0.40524528427310713,1
1991-10-01,3.005771623634601,3.3054338586281347,0.2996622349935336,0
1991-11-01,2.936368822727303,3.37328152042582,0.43691269769851715,0
1991-12-01,3.075786120321993,3.4843716880533577,0.40858556773136456,1
1992-01-01,3.1074067364472455,3.251293865697562,0.14388712925031655,0
1992-02-01,2.9860437158766473,3.2472050091413536,0.2611612932647063,1
1992-03-01,3.002938516730495,3.288878842676297,0.285940325945802,1
1992-04-01,3.090966450717019,3.4208830164357096,0.32991656571869044,1
1992-05-01,3.0241928133380753,3.15534370134975,0.13115088801167474,1
1992-06-01,2.9036405187324874,3.012395503026795,0.10875498429430763,1
1992-07-01,2.900172196893976,3.0878784008174733,0.18770620392349713,1
1992-08-01,2.899496847334575,2.974296610126686,0.07479976279211087,1
1992-09-01,2.6564110697010648,2.9680079110796953,0.31159684137863053,1
1992-10-01,2.705339273052033,2.921951610872611,0.2166123378205782,1
1992-11-01,2.7375755601799767,2.9690316432234454,0.23145608304346865,1
1992-12-01,2.7061179259319204,2.990884315034421,0.28476638910250074,1
1993-01-01,2.5960189709984576,2.920457854858711,0.3244388838602532,1
1993-02-01,2.5958389366084873,2.944562041464877,0.3487231048563899,1
1993-03-01,2.5881227314126676,2.9381815864061736,0.350058854993506,1
1993-04-01,2.5211147370752656,2.89365321871324,0.37253848163797443,1
1993-05-01,2.605110016033535,2.9863131573729476,0.38120314133941235,1
1993-06-01,2.6564246667534377,3.0549552664736126,0.3985305997201749,1
1993-07-01,2.6246813791308057,3.087385080019871,0.4627037008890653,0
1993-08-01,2.5970673120375665,3.043261475442833,0.4461941634052664,0
1993-09-01,2.5831597178288774,3.0337892600704066,0.4506295422415292,0
1993-10-01,2.56698317918098,2.953016033680612,0.3860328544996321,0
1993-11-01,2.558189466497268,2.843981956954366,0.28579249045709787,0
1993-12-01,2.463137242880336,2.7308675899217434,0.2677303470414074,0
1994-01-01,2.2466071646900474,2.7271473733036373,0.4805402086135899,0
1994-02-01,2.2728312765989926,2.7120991112241484,0.43926783462515573,0
1994-03-01,2.3972602739726057,2.7366293105271637,0.3393690365545581,0
1994-04-01,2.253722056122996,2.778945481924339,0.5252234258013431,0
1994-05-01,2.135704994403582,2.669562044414704,0.5338570500111217,0
1994-06-01,2.265137434456065,2.7085482270946386,0.4434107926385735,0
1994-07-01,2.2679977078746703,2.718806813662326,0.45080910578765554,0
1994-08-01,2.191516902977213,2.7252246263835644,0.5337077234063514,0
1994-09-01,2.1927319727073353,2.725463590160544,0.5327316174532086,0
1994-10-01,2.2656683721697704,2.7620309665547893,0.49636259438501895,0
1994-11-01,2.1894969993564644,2.750055901317296,0.5605589019608317,0
1994-12-01,2.178043052252093,2.7869641278198856,0.6089210755677925,0
1995-01-01,2.2771963646785736,2.6955200286321173,0.4183236639535437,0
1995-02-01,2.296896207138289,2.7884763440417117,0.4915801369034227,0
1995-03-01,2.1999256781865455,2.7019193556816106,0.5019936774950651,0
1995-04-01,2.2666580107017182,2.7016726998571556,0.4350146891554374,0
1995-05-01,2.230252051061825,2.748135718626159,0.5178836675643339,0
1995-06-01,2.092322241267212,2.6224495484946715,0.5301273072274597,0
1995-07-01,2.0392816066531054,2.5867158996136084,0.5474342929605029,0
1995-08-01,2.1636337799606764,2.568855143404363,0.40522136344368676,0
1995-09-01,2.1486242040090104,2.57878278274832,0.4301585787393094,0
1995-10-01,2.156785069765405,2.6185140156232904,0.46172894585788526,0
1995-11-01,2.0356755806801203,2.680718917679073,0.6450433369989526,0
1995-12-01,2.144791742917775,2.6384942782620584,0.49370253534428343,0
1996-01-01,2.0065717415115074,2.6718069474952983,0.6652352059837909,0
1996-02-01,1.9726770379226366,2.539343537368893,0.5666664994462565,0
1996-03-01,1.9591302450730979,2.5201917167454297,0.5610614716723319,0
1996-04-01,1.8602626423855497,2.4712364835282727,0.610973841142723,0
1996-05-01,1.864352763935571,2.410584035937873,0.5462312720023021,0
1996-06-01,1.8540496728999045,2.458107888158324,0.6040582152584193,0
1996-07-01,1.8843658328636934,2.4854143001558526,0.6010484672921592,0
1996-08-01,1.7284876093819719,2.561131244367786,0.8326436349858142,0
1996-09-01,1.9033084741858488,2.5749948880860387,0.6716864139001899,0
1996-10-01,1.8972525026211144,2.5894654156169565,0.6922129129958421,0
1996-11-01,1.9649213457342967,2.5582415899877446,0.593320244253448,0
1996-12-01,1.8603984520567707,2.5822039881486774,0.7218055360919067,0
1997-01-01,1.853999341436534,2.5944200661237318,0.7404207246871977,0
1997-02-01,1.9302259079210842,2.6197768268502557,0.6895509189291715,0
1997-03-01,1.9371772559983782,2.6376006276688457,0.7004233716704675,0
1997-04-01,1.9986609114349392,2.633582059094806,0.6349211476598668,0
1997-05-01,1.8956469801902642,2.6651015561271407,0.7694545759368765,0
1997-06-01,1.968084350532152,2.579373257609859,0.6112889070777072,0
1997-07-01,1.8466775405999698,2.6024934603517806,0.7558159197518108,0
1997-08-01,1.717541025423003,2.555172859013936,0.8376318335909332,0
1997-09-01,1.6205142695676784,2.4973427335181384,0.87682846395046,0
1997-10-01,1.5335175057788746,2.4848503992079003,0.9513328934290257,0
1997-11-01,1.4315676862656943,2.4295882618392994,0.9980205755736051,0
1997-12-01,1.452130354027119,2.371258528322656,0.9191281742955368,0
1998-01-01,1.498369504104332,2.318199171049784,0.8198296669454521,0
1998-02-01,1.3774722962547372,2.268162326309536,0.8906900300547989,0
1998-03-01,1.2440526168485917,2.2761873107044437,1.032134693855852,0
1998-04-01,1.2318435754190062,2.303248461845911,1.0714048864269046,0
1998-05-01,1.2560710098810972,2.2959713905625705,1.0399003806814733,0
1998-06-01,0.9796817079628823,2.390565958903082,1.4108842509401995,0
1998-07-01,1.1948695809600878,2.306957919461297,1.1120883385012093,0
1998-08-01,1.433586892919834,2.2990363073032825,0.8654494143834484,0
1998-09-01,1.206779095471802,2.407733356177971,1.200954260706169,0
1998-10-01,1.2507635071353036,2.4654653957282022,1.2147018885928986,0
1998-11-01,1.2378916983540904,2.465207917802786,1.2273162194486957,0
1998-12-01,1.353675450762836,2.4901674809309213,1.1364920301680854,0
1999-01-01,1.343304251488746,2.5372263230987357,1.1939220716099896,0
1999-02-01,1.22177330086339,2.5617147278132535,1.3399414269498635,0
1999-03-01,1.1444525840025506,2.509270408218896,1.3648178242163453,0
1999-04-01,1.2182334924532938,2.434818309430881,1.216584816977587,0
1999-05-01,1.2170581100452011,2.4474502477461755,1.2303921377009743,0
1999-06-01,1.3979934033480106,2.416369234683742,1.0183758313357316,0
1999-07-01,1.2949838299043392,2.4428819818632235,1.1478981519588842,0
1999-08-01,1.146867746233184,2.4521741125488745,1.3053063663156905,0
1999-09-01,1.4314169929253495,2.3918583125747546,0.960441319649405,0
1999-10-01,1.4066934477699817,2.33021068574854,0.9235172379785581,0
1999-11-01,1.4859492803289953,2.296655004066281,0.8107057237372857,0
1999-12-01,1.4395971317532599,2.342514060220253,0.9029169284669933,0
2000-01-01,1.538671768242665,2.3184940016708566,0.7798222334281917,0
2000-02-01,1.722370309616565,2.4254279692532634,0.7030576596366984,1
2000-03-01,1.900870492094512,2.499297446110745,0.598426954016233,1
2000-04-01,1.706535814080297,2.5756293966306743,0.8690935825503772,0
2000-05-01,1.7185265881391842,2.569882206976388,0.8513556188372036,0
2000-06-01,1.7421128562484824,2.5664252622850086,0.8243124060365261,1
2000-07-01,1.7919734804227971,2.65655089996082,0.8645774195380227,1
2000-08-01,1.872572716656265,2.712782468272735,0.8402097516164702,0
2000-09-01,1.8500209921854918,2.683682935389271,0.8336619432037793,1
2000-10-01,1.818476805970576,2.7432729637540234,0.9247961577834474,1
2000-11-01,1.900478158683839,2.7973542297744274,0.8968760710905883,1
2000-12-01,1.8710878480466135,2.798457879263111,0.9273700312164976,0
2001-01-01,2.005221651010686,2.841066123308721,0.8358444722980352,1
2001-02-01,2.035879862930855,2.8242563967225465,0.7883765337916913,1
2001-03-01,1.9324643278618225,2.9096783415133274,0.9772140136515048,0
2001-04-01,2.0276880603615837,2.9143213115741418,0.8866332512125581,0
2001-05-01,1.9425144249434254,2.9757886481214086,1.0332742231779832,1
2001-06-01,2.0921957353452427,3.022604106201655,0.9304083708564121,0
2001-07-01,2.1221221221221214,3.055229950038239,0.9331078279161176,0
2001-08-01,2.0420948801002368,3.0841410290551607,1.042046148954924,0
2001-09-01,1.2167067803146097,3.220963365767517,2.0042565854529073,0
2001-10-01,1.787326711637533,3.196125060130896,1.408798348493363,0
2001-11-01,1.814663114221716,3.2435438423651988,1.4288807281434828,0
2001-12-01,1.7387274051513089,3.234007631047646,1.4952802258963374,0
2002-01-01,1.418280648055287,3.202570177386704,1.7842895293314172,0
2002-02-01,1.4328987225075593,3.1434165815580997,1.7105178590505403,0
2002-03-01,1.4485126761304628,3.1128566564797353,1.6643439803492726,0
2002-04-01,1.5696834362275212,3.1590305110897816,1.5893470748622605,0
2002-05-01,1.6586121762882868,3.0934549836741496,1.4348428073858628,0
2002-06-01,1.5933331586257538,3.0419460175847917,1.448612858959038,0
2002-07-01,1.5382604718029,2.976445900897275,1.438185429094375,0
2002-08-01,1.6877196190874315,2.932006188209499,1.2442865691220675,0
2002-09-01,2.07839359619409,2.802977663450349,0.7245840672562593,0
2002-10-01,1.805515693897263,2.8102967869048996,1.0047810930076366,0
2002-11-01,1.6976956125504472,2.785798570592405,1.088102958041958,0
2002-12-01,1.7688863435205917,2.7761622474458107,1.007275903925219,0
2003-01-01,1.7809056731407082,2.8215914119443823,1.040685738803674,0
2003-02-01,1.7268690436002032,2.85794329383981,1.1310742502396067,1
2003-03-01,1.7689015691868804,2.73503550938446,0.9661339401975795,1
2003-04-01,1.598448108632411,2.6594635232809054,1.0610154146484945,0
2003-05-01,1.6315510715531474,2.517872473624678,0.8863214020715304,0
2003-06-01,1.5270719942218847,2.4540963429518854,0.9270243487300007,0
2003-07-01,1.5741646501570443,2.369004490166347,0.7948398400093026,0
2003-08-01,1.488856060119474,2.3679796540337037,0.8791235939142297,0
2003-09-01,1.4646283281177972,2.3755298873500834,0.9109015592322862,0
2003-10-01,1.5659037904610642,2.331923359672359,0.766019569211295,0
2003-11-01,1.6053460327213998,2.360852166354775,0.755506133633375,0
2003-12-01,1.6371007968076583,2.3426183914019276,0.7055175945942693,0
2004-01-01,1.828987730061371,2.2392955712059717,0.4103078411446006,0
2004-02-01,1.853270026037677,2.155933036871204,0.30266301083352687,0
2004-03-01,1.8604888243239657,2.22400745167306,0.36351862734909446,0
2004-04-01,1.965240168309677,2.227583329599142,0.2623431612894649,0
2004-05-01,2.005745227139826,2.485024977577524,0.47927975043769777,1
2004-06-01,2.11006377194542,2.5694458527391646,0.45938208079374476,1
2004-07-01,1.9755433060888237,2.666550373570516,0.6910070674816922,1
2004-08-01,1.8999038023391108,2.6275086402875587,0.7276048379484479,0
2004-09-01,1.949086128877326,2.6363306044495687,0.6872444755722427,0
2004-10-01,1.982084279586175,2.5785100391852325,0.5964257595990574,1
2004-11-01,2.062544098377188,2.4840585201328054,0.42151442175561726,1
2004-12-01,2.066266500559962,2.437508879912002,0.3712423793520401,1
2005-01-01,2.1714300058992535,2.487157656479752,0.3157276505804987,1
2005-02-01,2.175438596491233,2.57448930563298,0.399050709141747,1
2005-03-01,2.2556108789751477,2.6251580687073357,0.36954718973218803,1
2005-04-01,2.1075091712210963,2.57445968017862,0.4669505089575239,1
2005-05-01,2.1768927877186854,2.423824542847953,0.24693175512926757,1
2005-06-01,2.0863658418243602,2.421872326689538,0.33550648486517787,0
2005-07-01,2.114968809801937,2.327140705515788,0.2121718957138512,1
2005-08-01,2.158872119744103,2.3614765108549705,0.20260439111086725,1
2005-09-01,2.1932652251537235,2.3326013407519923,0.13933611559826886,1
2005-10-01,2.2652200269698426,2.456434462223541,0.1912144352536984,1
2005-11-01,2.306030491944952,2.5544897283227925,0.2484592363778404,1
2005-12-01,2.2808812832114853,2.6486742650044164,0.3677929817929311,1
2006-01-01,2.14247982211522,2.6212679034847213,0.47878808136950113,1
2006-02-01,2.137706043956044,2.642288474387456,0.5045824304314124,1
2006-03-01,2.1679288449539342,2.573537125825979,0.4056082808720447,1
2006-04-01,2.362185479830387,2.6997464509424844,0.33756097111209726,1
2006-05-01,2.408565958121443,2.8527394805881983,0.44417352246675534,1
2006-06-01,2.5957882421760843,2.99009369911613,0.39430545694004593,1
2006-07-01,2.5457554517134042,3.1911108122093594,0.6453553604959552,1
2006-08-01,2.6713519691645473,3.22541727080619,0.5540653016416428,1
2006-09-01,2.606005459508637,3.3315365738674814,0.7255311143588443,0
2006-10-01,2.4969151484357894,3.295671877748532,0.7987567293127427,0
2006-11-01,2.284218020344369,3.321505645409914,1.0372876250655452,0
2006-12-01,2.3156016827589525,3.2597629156749974,0.9441612329160449,0
2007-01-01,2.5004510193036253,3.4032367695057104,0.9027857502020851,0
2007-02-01,2.556466816364278,3.4132054470557023,0.8567386306914244,0
2007-03-01,2.3769893065418017,3.4960600779011344,1.1190707713593326,1
2007-04-01,2.2109736879805126,3.427351392276364,1.2163777042958515,0
2007-05-01,2.0756424607616566,3.2674041723260245,1.191761711564368,0
2007-06-01,1.9872662913073214,3.066671473451322,1.0794051821440007,0
2007-07-01,2.0411069445103607,2.921212770296961,0.8801058257866003,0
2007-08-01,1.984841307437236,2.8314436580271263,0.8466023505898903,0
2007-09-01,2.102325801378697,2.7630977762503193,0.6607719748716221,1
2007-10-01,2.1835091943441114,2.8010328419629644,0.617523647618853,1
2007-11-01,2.3358422008824107,2.7877571793738696,0.4519149784914589,1
2007-12-01,2.4033930254476985,2.9148053053422984,0.5114122798945999,1
2008-01-01,2.1930442128977603,2.8890065642223703,0.69596235132461,1
2008-02-01,2.0724053952791337,2.8017741879393725,0.7293687926602388,1
2008-03-01,2.1697429059349247,2.7084990485012383,0.5387561425663137,1
2008-04-01,2.0837226686600587,2.716238803583579,0.6325161349235202,1
2008-05-01,2.1489319504882474,2.7693356108149203,0.6204036603266729,1
2008-06-01,2.214095202599637,2.7297164876927837,0.5156212850931468,1
2008-07-01,2.244499232451048,2.7671519013425723,0.5226526688915243,1
2008-08-01,2.217938594453983,2.84565866393622,0.6277200694822369,1
2008-09-01,2.043983277553238,2.7814754179780437,0.7374921404248056,1
2008-10-01,1.6344021437811875,2.737583386263424,1.1031812424822363,1
2008-11-01,1.3902658335831006,2.6020747974318823,1.2118089638487817,0
2008-12-01,1.1378278877128452,2.5378024289669696,1.3999745412541245,0
2009-01-01,0.9059281457752206,2.33688297359717,1.4309548278219495,0
2009-02-01,0.8878386748950362,2.3653721687153535,1.4775334938203173,0
2009-03-01,0.7624586429151918,2.3570266392219708,1.594567996306779,0
2009-04-01,0.9279176201372934,2.287291323969896,1.3593737038326026,0
2009-05-01,0.8223026759099525,2.2197559892751713,1.3974533133652187,0
2009-06-01,0.7201458523245208,2.2685612791252225,1.5484154268007018,0
2009-07-01,0.6255829295479742,2.1944726498175413,1.568889720269567,0
2009-08-01,0.6509440392611339,1.9513818707802955,1.3004378315191616,0
2009-09-01,0.725180443960241,1.8943264646164266,1.1691460206561857,0
2009-10-01,1.239899535179731,1.7255782404033795,0.4856787052236484,0
2009-11-01,1.3734764416954732,1.8846734454794927,0.5111970037840194,0
2009-12-01,1.444773190440003,1.8007850679979498,0.35601187755794683,0
2010-01-01,1.438635888356572,1.783614003633076,0.3449781152765041,0
2010-02-01,1.2535737063846426,1.6986538111697342,0.44508010478509163,0
2010-03-01,1.1375904962712866,1.7769698346872644,0.6393793384159778,0
2010-04-01,1.0499004984040994,1.6029746856967932,0.5530741872926939,0
2010-05-01,0.9937097735819691,1.6368558773887258,0.6431461038067567,0
2010-06-01,0.9290000640894647,1.5555706398769047,0.62657057578744,0
2010-07-01,0.8683207512436724,1.470588235294116,0.6022674840504436,0
2010-08-01,0.9130476635466067,1.417623223738417,0.5045755601918103,0
2010-09-01,0.9077318696637349,1.2968283476987352,0.38909647803500036,0
2010-10-01,0.9588951247921926,1.2633194602719016,0.30442433547970893,0
2010-11-01,0.8528704850209579,1.1215791834903683,0.2687086984694105,0
2010-12-01,0.8969677984561315,1.0567483975077323,0.1597805990516008,0
2011-01-01,0.9259538597775219,1.1234446334258337,0.1974907736483118,0
2011-02-01,1.0431889321681638,1.2119043892404306,0.16871545707226687,0
2011-03-01,1.200855333053255,1.2536976190086193,0.05284228595536433,0
2011-04-01,1.3335422473625016,1.3947001394700038,0.06115789210750222,0
2011-05-01,1.4604720815830916,1.523561143060931,0.06308906147783944,1
2011-06-01,1.5863290518787636,1.6465939685838435,0.06026491670507994,1
2011-07-01,1.6478307276571798,1.7344517595160767,0.08662103185889691,1
2011-08-01,1.728336517574931,1.8464839329219558,0.11814741534702478,1
2011-09-01,1.8173551951093998,1.8967697895360516,0.07941459442665177,1
2011-10-01,1.7447219661717241,1.9420439210107787,0.19732195483905457,1
2011-11-01,1.8278615794143889,2.050794655422635,0.2229330760082462,1
2011-12-01,1.974960911076849,2.0955203082574343,0.12055939718058539,1
2012-01-01,2.061479219227209,2.1931114821999387,0.13163226297272956,1
2012-02-01,2.0258477852645598,2.1813206912473646,0.15547290598280483,1
2012-03-01,2.0448454233624034,2.158040098268984,0.11319467490658042,0
2012-04-01,1.9653370013755165,2.1620870727089283,0.19675007133341182,0
2012-05-01,1.8267446838875543,2.157698973787177,0.3309542898996227,0
2012-06-01,1.8192584794552147,2.0782692815412673,0.25901080208605265,0
2012-07-01,1.773865054858419,2.027954856776404,0.2540898019179849,0
2012-08-01,1.6359225422913966,2.0127921967724234,0.37686965448102683,0
2012-09-01,1.6916020530741491,1.9995963240846208,0.3079942710104717,0
2012-10-01,1.816571009261537,2.0133794901284148,0.19680848086687774,0
2012-11-01,1.7830690135935754,2.0000839066571103,0.21701489306353494,0
2012-12-01,1.6898651587646754,1.9903168000120104,0.30045164124733503,0
2013-01-01,1.5915867078657726,1.9560929177581556,0.364506209892383,0
2013-02-01,1.560131653024996,1.9382586269629059,0.37812697393790984,0
2013-03-01,1.4807449119659424,2.006237353041996,0.5254924410760538,0
2013-04-01,1.377062626131817,1.9748189951631616,0.5977563690313445,0
2013-05-01,1.3929168238908858,1.9178482339548424,0.5249314100639566,0
2013-06-01,1.4236641369354714,1.9740663467565014,0.5504022098210299,0
2013-07-01,1.4879607514040316,2.0732347490058203,0.5852739976017887,0
2013-08-01,1.5332509004892074,2.070663762038947,0.5374128615497398,0
2013-09-01,1.5292260440941305,2.0364126977049324,0.5071866536108018,0
2013-10-01,1.4548181477315154,2.033713851415996,0.5788957036844806,0
2013-11-01,1.5142597249719216,2.0484270809377563,0.5341673559658346,0
2013-12-01,1.547361892336994,2.1046238210057737,0.5572619286687797,0
2014-01-01,1.4524615006990018,2.0962776724922065,0.6438161717932047,0
2014-02-01,1.3901177975587586,2.1014327588966495,0.7113149613378908,0
2014-03-01,1.4474230756941466,2.0336303034899714,0.5862072277958248,0
2014-04-01,1.571265848387739,2.031440001487624,0.4601741530998851,0
2014-05-01,1.6236562569778954,2.111573586629916,0.4879173296520207,0
2014-06-01,1.563544884246724,2.1041442247274063,0.5405993404806821,0
2014-07-01,1.6103213221809085,2.0943659643107253,0.4840446421298168,0
2014-08-01,1.5397485995065239,2.1533516398781387,0.6136030403716148,0
2014-09-01,1.5548480585553648,2.132437840056795,0.5775897815014304,0
2014-10-01,1.470914332175326,2.148451353926717,0.677537021751391,0
2014-11-01,1.3925785367910635,2.1712821532117346,0.7787036164206711,0
2014-12-01,1.3563462895293696,2.190961152178957,0.8346148626495875,0
2015-01-01,1.2097113523521301,2.17785950957321,0.9681481572210799,0
2015-02-01,1.2774816263445103,2.1761035898724828,0.8986219635279724,0
2015-03-01,1.2808398950131306,2.2571138521692404,0.9762739571561099,0
2015-04-01,1.2943728841981823,2.227564498822204,0.9331916146240218,0
2015-05-01,1.247201121643954,2.273539786891021,1.0263386652470672,0
2015-06-01,1.2541543864049771,2.306163326434742,1.052008940029765,0
2015-07-01,1.1789500041732452,2.283576528432363,1.1046265242591176,0
2015-08-01,1.2212546279397145,2.2737547141262127,1.0525000861864982,0
2015-09-01,1.2321248164310958,2.2741168312182367,1.0419920147871409,0
2015-10-01,1.1779886779886652,2.2590371312381023,1.081048453249437,0
2015-11-01,1.1967020513407078,2.180375462558075,0.9836734112173673,0
2015-12-01,1.1917006929942175,2.118761351723947,0.9270606587297294,0
2016-01-01,1.4062402560957707,2.1097393944864393,0.7034991383906686,0
2016-02-01,1.4658859681907046,2.1685620931566802,0.7026761249659756,0
2016-03-01,1.4574479112677636,2.158412243735171,0.7009643324674073,0
2016-04-01,1.519948679745056,2.2357605213655205,0.7158118416204644,0
2016-05-01,1.5687328193787096,2.2214925202928697,0.6527597009141601,0
2016-06-01,1.5524039553270939,2.2542829813092453,0.7018790259821515,0
2016-07-01,1.5993318072140141,2.236291639866522,0.6369598326525079,0
2016-08-01,1.6591686914121766,2.2364629195287904,0.5772942281166138,0
2016-09-01,1.68525453722377,2.279646621540749,0.5943920843169792,0
2016-10-01,1.7258359889816433,2.2719995045532357,0.5461635155715925,0
2016-11-01,1.7188591624542937,2.2963959212765133,0.5775367588222196,0
2016-12-01,1.770093227647962,2.2638446299692276,0.4937514023212657,0
2017-01-01,1.8633349390675136,2.308665431541627,0.44533049247411327,0
2017-02-01,1.8672751084554307,2.314435108289942,0.44715999983451127,0
2017-03-01,1.678654624218396,2.244902011094993,0.5662473868765971,0
2017-04-01,1.636821345944142,2.2024474008525345,0.5656260549083925,0
2017-05-01,1.545521142810614,2.0866950948659593,0.5411739520553454,0
2017-06-01,1.5764438029800942,1.9549583646264068,0.3785145616463126,0
2017-07-01,1.50311075926885,1.9585022509953376,0.45539149172648763,0
2017-08-01,1.4335937104241907,1.864560580146673,0.4309668697224822,0
2017-09-01,1.422587368719249,1.835982419754984,0.41339505103573515,0
2017-10-01,1.5410111053849391,1.7952332170841885,0.25422211169924935,0
2017-11-01,1.545376496136555,1.8470016161812595,0.30162512004470443,0
2017-12-01,1.5768765133171883,1.900894428101239,0.32401791478405073,0
2018-01-01,1.6320370277204859,1.917616190855,0.28557916313451415,0
2018-02-01,1.6442181175359707,1.9422123112186256,0.2979941936826549,0
2018-03-01,1.7757275847965985,1.992249556987332,0.21652197219073344,0
2018-04-01,1.7995742634780498,1.9867208693729452,0.1871466058948954,0
2018-05-01,1.792107383138088,2.029901708947989,0.2377943258099009,0
2018-06-01,1.8744931968113008,2.122151584027023,0.2476583872157221,0
2018-07-01,1.894675571532673,2.1459676516374344,0.25129208010476134,0
2018-08-01,1.8957629996604055,2.1985026146745525,0.30273961501414703,0
2018-09-01,1.9450221786566573,2.2175995851874575,0.2725774065308002,0
2018-10-01,1.8709073900841702,2.2946414096672214,0.42373401958305124,0
2018-11-01,1.9731579999658067,2.3099361915262477,0.3367781915604411,0
2018-12-01,2.035063670092626,2.3900577128009672,0.35499404270834134,0
2019-01-01,1.8444266238973483,2.3745807649896022,0.5301541410922539,0
2019-02-01,1.7441056147354743,2.3263256730531907,0.5822200583177164,0
2019-03-01,1.616067995148839,2.375318544116965,0.7592505489681258,0
2019-04-01,1.6367788035668553,2.41851981907044,0.7817410155035844,0
2019-05-01,1.5631754765179693,2.5857739841384557,1.0225985076204864,0
2019-06-01,1.6569813098790576,2.5571748218303725,0.9001935119513149,0
2019-07-01,1.639119267494067,2.525542369874742,0.8864231023806752,0
2019-08-01,1.7458045796737736,2.5945304293205,0.8487258496467263,0
2019-09-01,1.6320140893302693,2.614611634941994,0.9825975456117249,0
2019-10-01,1.623585956274539,2.5833271462615244,0.9597411899869854,0
2019-11-01,1.49771831974725,2.5512454495655135,1.0535271298182636,0
2019-12-01,1.544751058548698,2.4544633489387024,0.9097122903900043,0
2020-01-01,1.591328861670064,2.5338477807353996,0.9425189190653356,0
2020-02-01,1.6976972310441596,2.587737814411682,0.8900405833675222,0
2020-03-01,1.527295309437406,2.5719894661222895,1.0446941566848835,0
2020-04-01,0.9954970222243844,2.53089201356336,1.5353949913389755,0
2020-05-01,0.9973783749794336,2.3882050912564807,1.3908267162770471,0
2020-06-01,0.9704519119351005,2.448014601954455,1.4775626900193544,0
2020-07-01,1.2143366963097293,2.4471595352778053,1.232822838968076,0
2020-08-01,1.393103846931993,2.4296123131523473,1.0365084662203543,0
2020-09-01,1.4796915464076363,2.397225207877966,0.9175336614703298,0
2020-10-01,1.4217326104510164,2.301927088073711,0.8801944776226946,0
2020-11-01,1.453521884486804,2.292829666089503,0.8393077816026988,0
2020-12-01,1.5087900922144968,2.1979656707074042,0.6891755784929074,0
2021-01-01,1.697493947773836,2.0898900826784654,0.39239613490462943,0
2021-02-01,1.709467009196743,1.9613567438388628,0.25188973464211983,0
2021-03-01,1.8139914781176714,2.199136019573359,0.38514454145568777,1
2021-04-01,1.8734650733017872,3.1306032044336547,1.2571381311318675,1
2021-05-01,1.956833732053397,3.5411199019175825,1.5842861698641855,1
2021-06-01,2.0261648092063496,3.8617128102137457,1.8355480010073961,1
2021-07-01,2.062626870446067,3.9271181756673172,1.8644913052212502,1
2021-08-01,2.091805737698735,3.95845804471557,1.8666523070168353,1
2021-09-01,2.171144375905243,4.013850678303783,1.8427063023985397,1
2021-10-01,2.425443879122028,4.436672448273569,2.011228569151541,2
2021-11-01,2.681847216766741,4.890866909710695,2.2090196929439543,2
2021-12-01,2.946134017632332,5.2145501246506,2.2684161070182682,2
2022-01-01,3.207167417767181,5.358436597322182,2.151269179555001,2
2022-02-01,3.5951536508522395,5.602764293293035,2.0076106424407953,2
2022-03-01,3.7771688210768843,5.593221924008489,1.8160531029316047,2
2022-04-01,3.8630237801266105,5.3450231503002925,1.481999370173682,2
2022-05-01,3.916858132595607,5.184136763522318,1.267278630926711,2
2022-06-01,4.160475780153234,5.315691095089477,1.1552153149362425,2
2022-07-01,4.600433545865769,5.3981978873842,0.7977643415184303,2
2022-08-01,4.69511241267675,5.550821846120641,0.8557094334438915,2
2022-09-01,4.934967298882697,5.854653471044813,0.9196861721621161,2
2022-10-01,4.904741775449281,5.8510158650937285,0.9462740896444473,2
2022-11-01,4.934375462842297,5.931193579869401,0.9968181170271038,2
2022-12-01,4.88715543299503,5.8998155377752965,1.0126601047802666,2
2023-01-01,4.828525698358547,5.8595687658069835,1.0310430674484365,2
2023-02-01,4.714067317613342,5.825332660303161,1.1112653426898191,2
2023-03-01,4.711101773752446,5.71400318620114,1.0029014124486935,1
2023-04-01,4.752595797105229,5.7502108479672245,0.9976150508619952,1
2023-05-01,4.731625374880167,5.635336282961461,0.903710908081294,1
2023-06-01,4.383786808421348,5.360638320485478,0.9768515120641297,1
2023-07-01,4.200540557547001,4.856904204379205,0.6563636468322045,1
2023-08-01,3.828203615670219,4.695286878736212,0.867083263065993,1
2023-09-01,3.6877742080353926,4.369973082220156,0.6821988741847633,1
2023-10-01,3.4740628549791808,4.297663376033142,0.8236005210539616,1
2023-11-01,3.2907438711504255,4.0182396744288695,0.727495803278444,1
2023-12-01,3.1123879882345022,3.8859205723120738,0.7735325840775715,1
2024-01-01,3.159014510020853,3.6894760855976187,0.5304615755767657,1
2024-02-01,3.059467984974006,3.6496388597060445,0.5901708747320384,1
2024-03-01,3.1221738579216662,3.637312067851582,0.5151382099299155,1
2024-04-01,3.006720905553607,3.6285194574526543,0.6217985518990474,1
2024-05-01,2.771176406372035,3.4946949456719807,0.7235185392999455,1
2024-06-01,2.7531619063573203,3.4616107482047482,0.708448841847428,1
2024-07-01,2.806216333768276,3.4219481988776437,0.6157318651093675,1
2024-08-01,2.8420049568469636,3.307619253887495,0.46561429704053126,0
2024-09-01,2.7806988748028516,3.2747648195694126,0.49406594476656096,0
2024-10-01,2.7773734710104065,3.269009802678923,0.4916363316685164,0
2024-11-01,2.825881002938786,3.290856873093432,0.46497587015464603,1
2024-12-01,2.8293819033853964,3.2693202199230598,0.43993831653766335,1
2025-01-01,2.7801380994415155,3.413295964714507,0.6331578652729917,1
2025-02-01,2.6617330122197416,3.1545488739673573,0.4928158617476157,1
2025-03-01,2.642610755580165,3.10016005988399,0.457549304303825,0
2025-04-01,2.593316247316409,3.1033961197068862,0.5100798723904774,0
2025-05-01,2.6175211772485625,3.1786316561817927,0.5611104789332302,0
2025-06-01,2.5932863231250565,3.102778869533978,0.5094925464089215,1
2025-07-01,2.706502713421699,3.2185769368231547,0.5120742234014557,1
2025-08-01,2.7058953854151895,3.263386248771255,0.5574908633560653,1
2025-09-01,2.808890444377127,3.3361649478666635,0.5272745034895365,1
2025-10-01,2.7152786357892893,3.166194361066914,0.4509157252776248,1
2025-11-01,2.5768032263413687,3.046431282674277,0.4696280563329083,1
2025-12-01,2.547947530822242,2.9713591086511144,0.4234115778288725,1
2026-01-01,2.500138503658306,3.104657789335974,0.604519285677668,1
2026-02-01,2.4742892520725803,3.0492628550881022,0.5749736030155219,1
2026-03-01,2.3847320210064424,3.253849776876592,0.8691177558701497,1
2026-04-01,2.4057571889070744,3.3298274131089727,0.9240702242018983,1
2026-05-01,2.3651695492213207,3.463709356864598,1.0985398076432773,1
2026-06-01,2.4380488910968694,3.343614465473621,0.9055655743767517,1
2026-07-01,2.2648732184260325,3.3441430040338247,1.0792697856077922,1
