"date","lo","hi","mean"
"1960-01-01",1.519431,2.184294,1.812146
"1960-02-01",1.526613,2.184479,1.816474
"1960-03-01",1.497218,2.163465,1.790358
"1960-04-01",1.483277,2.153437,1.775006
"1960-05-01",1.451849,2.109013,1.736796
"1960-06-01",1.279607,1.928756,1.565769
"1960-07-01",1.306888,1.947768,1.589936
"1960-08-01",1.271574,1.913273,1.556158
"1960-09-01",1.157175,1.801568,1.449875
"1960-10-01",1.084904,1.726906,1.377323
"1960-11-01",1.144784,1.799206,1.445196
"1960-12-01",1.112448,1.771491,1.41521
"1961-01-01",1.147461,1.771873,1.421144
"1961-02-01",1.099517,1.712921,1.368388
"1961-03-01",1.015705,1.622186,1.285922
"1961-04-01",0.859133,1.46919,1.146194
"1961-05-01",0.821441,1.437628,1.109335
"1961-06-01",0.848803,1.455253,1.132001
"1961-07-01",0.799042,1.407138,1.084697
"1961-08-01",0.737734,1.311384,1.007502
"1961-09-01",0.783947,1.349459,1.045078
"1961-10-01",0.710098,1.27262,0.975874
"1961-11-01",0.6188,1.1771,0.888302
"1961-12-01",0.541681,1.089393,0.807709
"1962-01-01",0.720245,1.259496,0.992452
"1962-02-01",0.808561,1.358842,1.086329
"1962-03-01",0.984338,1.537059,1.261043
"1962-04-01",0.944424,1.483118,1.20147
"1962-05-01",0.962874,1.500307,1.222077
"1962-06-01",0.986518,1.526573,1.247894
"1962-07-01",0.882785,1.442069,1.164186
"1962-08-01",0.94258,1.508731,1.227622
"1962-09-01",0.986119,1.721647,1.325364
"1962-10-01",0.90925,1.681465,1.27448
"1962-11-01",0.921802,1.683838,1.277159
"1962-12-01",0.851484,1.634724,1.219942
"1963-01-01",0.799826,1.589184,1.171249
"1963-02-01",0.73005,1.507381,1.099916
"1963-03-01",0.570337,1.359493,0.947678
"1963-04-01",0.604025,1.377726,0.97493
"1963-05-01",0.717969,1.496982,1.088173
"1963-06-01",0.727498,1.525191,1.1033
"1963-07-01",0.796422,1.581956,1.154383
"1963-08-01",0.778628,1.600885,1.155761
"1963-09-01",0.675468,1.32151,0.997546
"1963-10-01",0.927402,1.520587,1.21214
"1963-11-01",0.946334,1.550729,1.235043
"1963-12-01",1.072748,1.675429,1.356358
"1964-01-01",1.067713,1.667034,1.341706
"1964-02-01",1.114372,1.696853,1.380245
"1964-03-01",1.123863,1.685572,1.374717
"1964-04-01",1.133311,1.703365,1.392918
"1964-05-01",0.981671,1.546392,1.243124
"1964-06-01",0.905748,1.460915,1.163451
"1964-07-01",0.847445,1.406567,1.110453
"1964-08-01",0.842817,1.359318,1.086723
"1964-09-01",0.830211,1.354428,1.07782
"1964-10-01",0.710119,1.240039,0.961704
"1964-11-01",0.732771,1.253229,0.982448
"1964-12-01",0.731663,1.229637,0.972401
"1965-01-01",0.745599,1.241842,0.98549
"1965-02-01",0.657391,1.165093,0.904201
"1965-03-01",0.737081,1.255384,0.987855
"1965-04-01",0.832554,1.336042,1.071745
"1965-05-01",0.895154,1.41149,1.14066
"1965-06-01",1.008577,1.527398,1.254623
"1965-07-01",1.073502,1.577648,1.31081
"1965-08-01",1.124026,1.624543,1.358939
"1965-09-01",1.18951,1.697866,1.432003
"1965-10-01",1.218317,1.749722,1.481836
"1965-11-01",1.279605,1.8038,1.53524
"1965-12-01",1.406062,1.96185,1.673186
"1966-01-01",1.430064,1.980672,1.698228
"1966-02-01",1.61362,2.218274,1.897532
"1966-03-01",1.680093,2.307689,1.975656
"1966-04-01",1.835622,2.469623,2.13578
"1966-05-01",1.883578,2.522809,2.184294
"1966-06-01",1.936051,2.599298,2.252337
"1966-07-01",2.036467,2.719799,2.362118
"1966-08-01",2.073637,2.76059,2.401313
"1966-09-01",2.264569,2.938495,2.580437
"1966-10-01",2.465606,3.112476,2.758904
"1966-11-01",2.462991,3.133731,2.771307
"1966-12-01",2.439688,3.091618,2.741572
"1967-01-01",2.414182,3.077497,2.723501
"1967-02-01",2.396305,3.013322,2.697082
"1967-03-01",2.326511,2.920697,2.618889
"1967-04-01",2.202779,2.79757,2.495372
"1967-05-01",2.212607,2.784298,2.491198
"1967-06-01",2.264028,2.80334,2.523802
"1967-07-01",2.311864,2.832229,2.56355
"1967-08-01",2.372134,2.918792,2.635277
"1967-09-01",2.404953,2.949172,2.665575
"1967-10-01",2.400602,2.960517,2.667342
"1967-11-01",2.504765,3.065588,2.767595
"1967-12-01",2.569833,3.135965,2.834999
"1968-01-01",2.763391,3.331048,3.023987
"1968-02-01",2.882142,3.432417,3.13026
"1968-03-01",3.053483,3.600273,3.294673
"1968-04-01",3.155709,3.70007,3.400977
"1968-05-01",3.357224,3.908595,3.608581
"1968-06-01",3.432981,3.992226,3.689182
"1968-07-01",3.423666,3.988495,3.682078
"1968-08-01",3.596859,4.128409,3.842319
"1968-09-01",3.622667,4.150955,3.868421
"1968-10-01",3.715683,4.236676,3.960076
"1968-11-01",3.788189,4.285915,4.026991
"1968-12-01",3.785233,4.324908,4.065446
"1969-01-01",3.784665,4.320385,4.062717
"1969-02-01",3.697283,4.243689,3.978359
"1969-03-01",3.850791,4.406968,4.139304
"1969-04-01",3.952903,4.521696,4.242337
"1969-05-01",3.966247,4.539591,4.257342
"1969-06-01",4.000876,4.56472,4.289158
"1969-07-01",4.216075,4.776445,4.504794
"1969-08-01",4.09245,4.655713,4.383789
"1969-09-01",4.139291,4.710199,4.436351
"1969-10-01",4.128822,4.698601,4.424902
"1969-11-01",4.170823,4.741365,4.467815
"1969-12-01",4.312581,4.834931,4.56549
"1970-01-01",4.307046,4.829096,4.55795
"1970-02-01",4.447331,4.972138,4.701415
"1970-03-01",4.378724,4.921967,4.650361
"1970-04-01",4.407552,4.973915,4.69098
"1970-05-01",4.340532,4.908638,4.62434
"1970-06-01",4.266645,4.859751,4.567933
"1970-07-01",4.173601,4.756898,4.470036
"1970-08-01",4.242307,4.818862,4.533769
"1970-09-01",4.25125,4.820969,4.538283
"1970-10-01",4.334797,4.963326,4.648174
"1970-11-01",4.328151,4.974576,4.645248
"1970-12-01",4.395589,5.06362,4.724504
"1971-01-01",4.357493,5.013981,4.685369
"1971-02-01",4.24062,4.893789,4.56453
"1971-03-01",4.140115,4.779132,4.447159
"1971-04-01",4.064725,4.682226,4.359279
"1971-05-01",4.151095,4.765791,4.44516
"1971-06-01",4.272276,4.871071,4.549127
"1971-07-01",4.192941,4.807323,4.477092
"1971-08-01",4.144927,4.795181,4.450497
"1971-09-01",3.967097,4.614131,4.275472
"1971-10-01",3.628801,4.205127,3.906172
"1971-11-01",3.420578,3.980639,3.69415
"1971-12-01",3.23325,3.780603,3.498691
"1972-01-01",3.219896,3.787254,3.489645
"1972-02-01",3.22048,3.795996,3.491635
"1972-03-01",3.196646,3.7629,3.472416
"1972-04-01",3.011185,3.552146,3.276208
"1972-05-01",2.801079,3.331834,3.061423
"1972-06-01",2.56127,3.089334,2.824171
"1972-07-01",2.555651,3.11083,2.828318
"1972-08-01",2.514927,3.040324,2.770677
"1972-09-01",2.594543,3.148004,2.855531
"1972-10-01",2.655731,3.222486,2.922873
"1972-11-01",2.774803,3.341616,3.041492
"1972-12-01",2.818402,3.361983,3.074827
"1973-01-01",2.797798,3.330717,3.050914
"1973-02-01",2.921957,3.46011,3.180981
"1973-03-01",3.156418,3.713858,3.416237
"1973-04-01",3.583876,4.197178,3.861975
"1973-05-01",3.829855,4.505741,4.135315
"1973-06-01",4.033531,4.774497,4.356706
"1973-07-01",3.993043,4.704414,4.302958
"1973-08-01",4.221081,5.037104,4.572359
"1973-09-01",4.270391,5.173456,4.656372
"1973-10-01",4.571698,5.653807,5.02019
"1973-11-01",4.792287,6.064006,5.302401
"1973-12-01",5.006504,6.379458,5.548963
"1974-01-01",5.285988,6.80789,5.876247
"1974-02-01",5.620868,7.406811,6.314791
"1974-03-01",5.939755,7.937783,6.704399
"1974-04-01",6.069505,8.080326,6.848716
"1974-05-01",6.535263,8.588146,7.337612
"1974-06-01",7.041993,9.089687,7.850179
"1974-07-01",7.551031,9.694277,8.404063
"1974-08-01",8.040695,10.224487,8.903692
"1974-09-01",8.566674,10.710301,9.41109
"1974-10-01",8.855258,10.870604,9.662531
"1974-11-01",8.998915,10.85674,9.755383
"1974-12-01",9.168762,10.970931,9.911718
"1975-01-01",9.282549,10.972875,10.004149
"1975-02-01",9.125739,10.548592,9.743909
"1975-03-01",8.694476,9.892985,9.239572
"1975-04-01",8.408029,9.557995,8.931759
"1975-05-01",7.83358,8.919437,8.327421
"1975-06-01",7.391556,8.515556,7.897007
"1975-07-01",7.186716,8.335272,7.673061
"1975-08-01",6.648934,7.672995,7.098091
"1975-09-01",6.317722,7.299144,6.759689
"1975-10-01",6.200016,7.139578,6.624352
"1975-11-01",6.069298,7.015867,6.501369
"1975-12-01",5.868758,6.806172,6.299864
"1976-01-01",5.622583,6.532953,6.037951
"1976-02-01",5.363367,6.350135,5.824635
"1976-03-01",5.263724,6.293966,5.750716
"1976-04-01",5.10718,6.174244,5.626022
"1976-05-01",5.26693,6.317503,5.779816
"1976-06-01",5.280866,6.248534,5.76311
"1976-07-01",5.16191,6.018555,5.625126
"1976-08-01",5.226559,6.093371,5.690325
"1976-09-01",5.167874,6.023375,5.622757
"1976-10-01",5.05449,5.931918,5.513344
"1976-11-01",4.990264,5.858302,5.450643
"1976-12-01",4.95836,5.823355,5.417041
"1977-01-01",5.120892,5.979553,5.575738
"1977-02-01",5.474961,6.267533,5.887955
"1977-03-01",5.784804,6.554651,6.185598
"1977-04-01",5.96173,6.698392,6.331066
"1977-05-01",5.969372,6.710638,6.340443
"1977-06-01",6.042853,6.791111,6.419145
"1977-07-01",6.088423,6.850643,6.474514
"1977-08-01",6.087311,6.848684,6.474108
"1977-09-01",6.019943,6.803372,6.421425
"1977-10-01",5.922329,6.696531,6.318432
"1977-11-01",6.050063,6.79849,6.43053
"1977-12-01",6.111963,6.864844,6.491314
"1978-01-01",5.969249,6.754893,6.360373
"1978-02-01",5.817338,6.606618,6.212969
"1978-03-01",5.816223,6.607361,6.20276
"1978-04-01",5.98551,6.805941,6.379398
"1978-05-01",6.16615,6.974393,6.552635
"1978-06-01",6.213205,7.009148,6.5921
"1978-07-01",6.324717,7.112465,6.694899
"1978-08-01",6.450616,7.227195,6.812195
"1978-09-01",6.623182,7.382081,6.975461
"1978-10-01",6.95367,7.700633,7.30504
"1978-11-01",7.049109,7.815705,7.407825
"1978-12-01",7.073272,7.831738,7.434276
"1979-01-01",7.405973,8.146976,7.759519
"1979-02-01",7.610041,8.331879,7.954175
"1979-03-01",7.670773,8.391234,8.007695
"1979-04-01",7.670056,8.414618,8.008459
"1979-05-01",7.802351,8.566754,8.154145
"1979-06-01",7.845807,8.64001,8.206819
"1979-07-01",7.939422,8.740272,8.30242
"1979-08-01",8.088684,8.91094,8.467112
"1979-09-01",8.239663,9.116449,8.625555
"1979-10-01",8.383845,9.292051,8.78486
"1979-11-01",8.389591,9.31321,8.794725
"1979-12-01",8.564056,9.576996,9.001967
"1980-01-01",8.707319,9.794849,9.165943
"1980-02-01",8.971858,10.211448,9.489153
"1980-03-01",9.184836,10.575183,9.729406
"1980-04-01",9.15127,10.515283,9.697399
"1980-05-01",9.077181,10.450469,9.625384
"1980-06-01",9.228778,10.627534,9.800908
"1980-07-01",9.156393,10.579784,9.738126
"1980-08-01",9.157033,10.578885,9.732276
"1980-09-01",9.219636,10.593813,9.790368
"1980-10-01",9.076756,10.438341,9.641089
"1980-11-01",9.135336,10.4719,9.690054
"1980-12-01",9.086071,10.327438,9.606171
"1981-01-01",9.007081,10.229707,9.52819
"1981-02-01",8.885858,9.977005,9.357268
"1981-03-01",8.65588,9.607336,9.120135
"1981-04-01",8.549518,9.559053,9.072575
"1981-05-01",8.307435,9.406838,8.887802
"1981-06-01",8.019573,9.110276,8.601754
"1981-07-01",7.9964,9.085247,8.578841
"1981-08-01",7.917826,9.013953,8.502546
"1981-09-01",7.726115,8.806958,8.300199
"1981-10-01",7.475533,8.550756,8.049752
"1981-11-01",7.240339,8.353789,7.82967
"1981-12-01",6.92831,8.06634,7.52627
"1982-01-01",6.600102,7.715712,7.185974
"1982-02-01",6.147702,7.269422,6.74252
"1982-03-01",5.949062,7.071175,6.554674
"1982-04-01",5.758621,6.810905,6.309741
"1982-05-01",5.756386,6.701124,6.241234
"1982-06-01",5.747156,6.714899,6.214862
"1982-07-01",5.809736,6.762304,6.274761
"1982-08-01",5.475127,6.409924,5.931931
"1982-09-01",5.099497,6.038942,5.562986
"1982-10-01",5.086977,6.02812,5.548411
"1982-11-01",4.828974,5.753243,5.284721
"1982-12-01",4.601817,5.57207,5.097745
"1983-01-01",4.537664,5.499047,5.05092
"1983-02-01",4.467675,5.422752,4.975526
"1983-03-01",4.280953,5.1926,4.757451
"1983-04-01",4.479326,5.3888,4.944153
"1983-05-01",4.273453,5.202632,4.738871
"1983-06-01",4.081086,4.937907,4.531078
"1983-07-01",3.809604,4.680697,4.259986
"1983-08-01",3.735123,4.612195,4.187463
"1983-09-01",3.778087,4.677984,4.241423
"1983-10-01",3.523343,4.420852,3.98688
"1983-11-01",3.594961,4.500497,4.079157
"1983-12-01",3.666544,4.511703,4.11123
"1984-01-01",3.667868,4.460144,4.075213
"1984-02-01",3.685883,4.473691,4.091238
"1984-03-01",3.79733,4.61331,4.217974
"1984-04-01",3.700569,4.500988,4.119907
"1984-05-01",3.607874,4.387771,4.026825
"1984-06-01",3.560303,4.43103,4.042035
"1984-07-01",3.567266,4.469104,4.091447
"1984-08-01",3.605363,4.510136,4.144567
"1984-09-01",3.607895,4.492363,4.144279
"1984-10-01",3.67503,4.539076,4.201583
"1984-11-01",3.529905,4.360448,4.026863
"1984-12-01",3.598702,4.451405,4.110834
"1985-01-01",3.473394,4.334839,3.984773
"1985-02-01",3.625577,4.465382,4.121341
"1985-03-01",3.689652,4.498605,4.163818
"1985-04-01",3.495836,4.337182,3.994308
"1985-05-01",3.601096,4.462428,4.108691
"1985-06-01",3.70211,4.496193,4.163704
"1985-07-01",3.538746,4.273282,3.9511
"1985-08-01",3.495766,4.280287,3.936449
"1985-09-01",3.438811,4.254001,3.888304
"1985-10-01",3.407513,4.22179,3.854391
"1985-11-01",3.593372,4.418221,4.047041
"1985-12-01",3.660493,4.450015,4.087321
"1986-01-01",3.740143,4.533834,4.175048
"1986-02-01",3.40094,4.294609,3.903897
"1986-03-01",3.214598,4.148014,3.742121
"1986-04-01",3.185426,4.17343,3.751089
"1986-05-01",3.091125,4.061613,3.647129
"1986-06-01",3.128818,4.088811,3.669651
"1986-07-01",3.140234,4.155878,3.730194
"1986-08-01",3.099186,4.072773,3.666866
"1986-09-01",3.199172,4.130424,3.742179
"1986-10-01",3.189458,4.165019,3.76121
"1986-11-01",3.091098,4.062407,3.661676
"1986-12-01",3.024294,4.01108,3.608166
"1987-01-01",3.088011,4.139179,3.683982
"1987-02-01",3.188687,4.167073,3.738057
"1987-03-01",3.328927,4.283031,3.866119
"1987-04-01",3.548116,4.452941,4.050407
"1987-05-01",3.660661,4.552661,4.158235
"1987-06-01",3.604687,4.518181,4.113284
"1987-07-01",3.638592,4.487566,4.092206
"1987-08-01",3.787341,4.597045,4.211193
"1987-09-01",3.765893,4.564998,4.184399
"1987-10-01",3.857985,4.614193,4.251036
"1987-11-01",3.875937,4.638251,4.272419
"1987-12-01",3.783074,4.568266,4.186394
"1988-01-01",3.718286,4.470113,4.128238
"1988-02-01",3.709865,4.454812,4.110515
"1988-03-01",3.746176,4.483958,4.138692
"1988-04-01",3.777641,4.48278,4.144964
"1988-05-01",3.74823,4.467439,4.119069
"1988-06-01",3.827518,4.511341,4.184115
"1988-07-01",4.054972,4.752347,4.413418
"1988-08-01",4.000867,4.741091,4.38516
"1988-09-01",4.164672,4.913889,4.551587
"1988-10-01",4.154212,4.920387,4.547017
"1988-11-01",4.161065,4.930204,4.555125
"1988-12-01",4.296666,5.033437,4.666216
"1989-01-01",4.412045,5.116489,4.761317
"1989-02-01",4.545143,5.261328,4.898353
"1989-03-01",4.506475,5.222373,4.862071
"1989-04-01",4.510137,5.216266,4.857197
"1989-05-01",4.582342,5.285491,4.92775
"1989-06-01",4.487319,5.212889,4.841423
"1989-07-01",4.313208,5.070611,4.701038
"1989-08-01",4.162802,4.974353,4.593426
"1989-09-01",4.01641,4.847752,4.454815
"1989-10-01",4.098501,4.915762,4.531977
"1989-11-01",4.107934,4.922453,4.536869
"1989-12-01",4.105157,4.932044,4.549233
"1990-01-01",4.009877,4.862036,4.457783
"1990-02-01",3.979356,4.824182,4.423917
"1990-03-01",4.121931,5.000036,4.587423
"1990-04-01",4.029291,4.925999,4.512552
"1990-05-01",3.949559,4.870301,4.450912
"1990-06-01",4.131459,5.058353,4.641144
"1990-07-01",4.206821,5.097007,4.681559
"1990-08-01",4.479308,5.287949,4.886223
"1990-09-01",4.505676,5.293502,4.905374
"1990-10-01",4.430483,5.219296,4.825387
"1990-11-01",4.324977,5.112185,4.718596
"1990-12-01",4.30657,5.100625,4.70849
"1991-01-01",4.287877,5.111738,4.696322
"1991-02-01",4.19699,5.015923,4.607843
"1991-03-01",3.868713,4.690243,4.281425
"1991-04-01",3.793128,4.612758,4.205548
"1991-05-01",3.874995,4.663315,4.267758
"1991-06-01",3.608965,4.40402,4.00731
"1991-07-01",3.499432,4.305654,3.909519
"1991-08-01",3.356275,4.149228,3.762651
"1991-09-01",3.325606,4.110615,3.725927
"1991-10-01",3.207705,3.992987,3.612771
"1991-11-01",3.333598,4.121152,3.741702
"1991-12-01",3.351527,4.136973,3.757559
"1992-01-01",3.173725,3.933587,3.586542
"1992-02-01",3.205887,3.959184,3.615597
"1992-03-01",3.385768,4.098188,3.766158
"1992-04-01",3.340677,4.040371,3.705881
"1992-05-01",3.252441,3.958073,3.620105
"1992-06-01",3.298185,3.982253,3.646699
"1992-07-01",3.30856,3.973551,3.641122
"1992-08-01",3.232073,3.89916,3.567999
"1992-09-01",3.073238,3.754255,3.419931
"1992-10-01",3.162108,3.841714,3.504192
"1992-11-01",3.103331,3.784385,3.451627
"1992-12-01",3.024963,3.680757,3.356193
"1993-01-01",3.046391,3.68093,3.35915
"1993-02-01",2.97525,3.606734,3.288436
"1993-03-01",2.832941,3.481644,3.158301
"1993-04-01",2.886342,3.532571,3.215915
"1993-05-01",2.876485,3.534558,3.216778
"1993-06-01",2.75998,3.427742,3.113103
"1993-07-01",2.687176,3.35505,3.045578
"1993-08-01",2.622056,3.286111,2.977194
"1993-09-01",2.594589,3.267428,2.96289
"1993-10-01",2.51389,3.183236,2.880491
"1993-11-01",2.451661,3.100822,2.804337
"1993-12-01",2.30925,3.011664,2.694337
"1994-01-01",2.197448,2.943813,2.616516
"1994-02-01",2.172973,2.919952,2.592321
"1994-03-01",2.223584,2.946776,2.628577
"1994-04-01",2.124231,2.846632,2.526249
"1994-05-01",2.059329,2.778871,2.462334
"1994-06-01",2.157245,2.844144,2.537444
"1994-07-01",2.20688,2.894891,2.583931
"1994-08-01",2.173915,2.866833,2.560991
"1994-09-01",2.1493,2.844897,2.535784
"1994-10-01",2.080463,2.785644,2.470869
"1994-11-01",2.088594,2.791746,2.474939
"1994-12-01",2.086641,2.768651,2.461672
"1995-01-01",2.264544,2.905994,2.613096
"1995-02-01",2.219024,2.842262,2.55304
"1995-03-01",2.152,2.795797,2.505409
"1995-04-01",2.204077,2.8314,2.548417
"1995-05-01",2.185904,2.794931,2.516899
"1995-06-01",2.079265,2.710938,2.425959
"1995-07-01",1.957135,2.602883,2.316833
"1995-08-01",2.037732,2.673667,2.383845
"1995-09-01",2.031199,2.681957,2.383166
"1995-10-01",2.124527,2.757097,2.473034
"1995-11-01",2.03264,2.723088,2.41861
"1995-12-01",2.133878,2.787591,2.490913
"1996-01-01",2.050034,2.686736,2.395941
"1996-02-01",2.087346,2.734725,2.433071
"1996-03-01",2.119256,2.755321,2.448921
"1996-04-01",2.089985,2.74266,2.424725
"1996-05-01",2.115513,2.77599,2.451248
"1996-06-01",2.09437,2.816505,2.473855
"1996-07-01",2.150253,2.861074,2.518084
"1996-08-01",2.079461,2.836189,2.484534
"1996-09-01",2.207482,2.92379,2.586582
"1996-10-01",2.194769,2.918978,2.574973
"1996-11-01",2.296068,2.969559,2.645238
"1996-12-01",2.243074,2.926636,2.604794
"1997-01-01",2.173217,2.852129,2.536702
"1997-02-01",2.156519,2.824631,2.520833
"1997-03-01",2.112449,2.783999,2.483903
"1997-04-01",2.076762,2.764366,2.460331
"1997-05-01",1.971389,2.679735,2.373806
"1997-06-01",1.965903,2.640351,2.346531
"1997-07-01",1.816282,2.531788,2.221232
"1997-08-01",1.761626,2.461009,2.152534
"1997-09-01",1.710748,2.406297,2.1034
"1997-10-01",1.467966,2.184884,1.874732
"1997-11-01",1.339869,2.097213,1.764426
"1997-12-01",1.246747,2.045884,1.693253
"1998-01-01",1.187903,2.020492,1.655691
"1998-02-01",1.051273,1.951649,1.562832
"1998-03-01",1.025336,1.969237,1.562185
"1998-04-01",1.00771,1.947324,1.551522
"1998-05-01",1.042148,1.98473,1.581104
"1998-06-01",1.015288,1.960659,1.559558
"1998-07-01",1.143633,2.036592,1.657473
"1998-08-01",1.238601,2.113137,1.738423
"1998-09-01",1.094415,2.072594,1.652274
"1998-10-01",1.237384,2.194312,1.784739
"1998-11-01",1.233379,2.210509,1.809498
"1998-12-01",1.23878,2.230191,1.825736
"1999-01-01",1.290416,2.260326,1.863391
"1999-02-01",1.267797,2.218168,1.82849
"1999-03-01",1.222795,2.130227,1.762408
"1999-04-01",1.329406,2.228456,1.852092
"1999-05-01",1.309726,2.213778,1.846306
"1999-06-01",1.319387,2.220213,1.85168
"1999-07-01",1.358352,2.266061,1.892951
"1999-08-01",1.292529,2.204518,1.834101
"1999-09-01",1.469411,2.298281,1.953268
"1999-10-01",1.462454,2.292925,1.948684
"1999-11-01",1.519195,2.31427,1.973549
"1999-12-01",1.637294,2.374081,2.051273
"2000-01-01",1.766563,2.508706,2.177427
"2000-02-01",1.929311,2.648195,2.319346
"2000-03-01",2.069332,2.781585,2.453214
"2000-04-01",1.875899,2.664382,2.311687
"2000-05-01",1.895182,2.697513,2.338764
"2000-06-01",1.971171,2.744892,2.392588
"2000-07-01",2.038692,2.83363,2.467625
"2000-08-01",2.058651,2.845201,2.481199
"2000-09-01",2.083642,2.858664,2.508913
"2000-10-01",2.05505,2.868745,2.499758
"2000-11-01",2.081265,2.898623,2.529388
"2000-12-01",2.064434,2.918412,2.542246
"2001-01-01",2.127686,3.02407,2.618673
"2001-02-01",2.170638,3.059392,2.663887
"2001-03-01",2.086427,3.013133,2.60919
"2001-04-01",2.21727,3.113078,2.722951
"2001-05-01",2.238417,3.113234,2.726227
"2001-06-01",2.295154,3.185433,2.786922
"2001-07-01",2.197412,3.071497,2.68853
"2001-08-01",2.188665,3.139345,2.719895
"2001-09-01",2.101329,3.091982,2.65826
"2001-10-01",2.106645,3.105398,2.672278
"2001-11-01",2.111616,3.098624,2.669561
"2001-12-01",2.019317,3.02837,2.589204
"2002-01-01",1.77004,2.769127,2.353617
"2002-02-01",1.71015,2.723516,2.301674
"2002-03-01",1.758602,2.744461,2.329078
"2002-04-01",1.788267,2.72671,2.322691
"2002-05-01",1.778734,2.698989,2.302733
"2002-06-01",1.690162,2.613409,2.220549
"2002-07-01",1.738101,2.665843,2.266665
"2002-08-01",1.789192,2.638311,2.273235
"2002-09-01",1.864134,2.685314,2.33112
"2002-10-01",1.893278,2.685344,2.342503
"2002-11-01",1.897885,2.672528,2.336084
"2002-12-01",1.9815,2.706141,2.383902
"2003-01-01",2.016397,2.732937,2.406139
"2003-02-01",2.038121,2.742959,2.408515
"2003-03-01",2.027033,2.750086,2.407206
"2003-04-01",1.91217,2.636684,2.298434
"2003-05-01",1.935432,2.666413,2.318498
"2003-06-01",1.928022,2.635274,2.289898
"2003-07-01",1.949577,2.649619,2.311929
"2003-08-01",1.967868,2.669944,2.323652
"2003-09-01",1.910136,2.600274,2.254044
"2003-10-01",1.940211,2.630275,2.281661
"2003-11-01",1.888271,2.59628,2.240103
"2003-12-01",1.907541,2.606871,2.249506
"2004-01-01",2.091855,2.775682,2.422486
"2004-02-01",2.135845,2.798969,2.463808
"2004-03-01",2.126685,2.760902,2.438534
"2004-04-01",2.287074,2.923826,2.606298
"2004-05-01",2.333135,2.947692,2.644622
"2004-06-01",2.439536,3.040539,2.747167
"2004-07-01",2.338176,2.976245,2.670279
"2004-08-01",2.252373,2.930036,2.612018
"2004-09-01",2.234899,2.924315,2.596483
"2004-10-01",2.261391,2.935636,2.606053
"2004-11-01",2.370693,3.036879,2.700262
"2004-12-01",2.303393,3.01238,2.67824
"2005-01-01",2.319193,3.018772,2.693242
"2005-02-01",2.312764,3.027126,2.696117
"2005-03-01",2.348039,3.066398,2.725228
"2005-04-01",2.292376,3.01851,2.656398
"2005-05-01",2.262529,3.001342,2.633914
"2005-06-01",2.192236,2.946898,2.576619
"2005-07-01",2.260766,2.985187,2.630139
"2005-08-01",2.281806,2.982964,2.644631
"2005-09-01",2.410362,3.100086,2.772752
"2005-10-01",2.460011,3.156435,2.836068
"2005-11-01",2.453152,3.149309,2.841086
"2005-12-01",2.415545,3.110091,2.793398
"2006-01-01",2.358485,3.050866,2.726264
"2006-02-01",2.266876,2.992413,2.660417
"2006-03-01",2.281094,3.005751,2.68373
"2006-04-01",2.343049,3.049693,2.745237
"2006-05-01",2.458108,3.16274,2.859508
"2006-06-01",2.601111,3.30806,3.003191
"2006-07-01",2.558699,3.308561,2.981394
"2006-08-01",2.654102,3.389666,3.063781
"2006-09-01",2.543881,3.30773,2.977006
"2006-10-01",2.459921,3.228673,2.894393
"2006-11-01",2.307416,3.080737,2.738331
"2006-12-01",2.454161,3.205542,2.869996
"2007-01-01",2.50721,3.289221,2.939643
"2007-02-01",2.649149,3.394866,3.053847
"2007-03-01",2.60822,3.352107,3.001404
"2007-04-01",2.521171,3.26878,2.916701
"2007-05-01",2.373328,3.111118,2.762625
"2007-06-01",2.297604,3.022315,2.673317
"2007-07-01",2.3125,2.985682,2.659255
"2007-08-01",2.224697,2.922156,2.593286
"2007-09-01",2.365982,3.050884,2.712004
"2007-10-01",2.492676,3.188509,2.836181
"2007-11-01",2.715204,3.393115,3.052855
"2007-12-01",2.737502,3.40728,3.060931
"2008-01-01",2.646152,3.284317,2.962331
"2008-02-01",2.583916,3.2218,2.890613
"2008-03-01",2.612541,3.273011,2.93097
"2008-04-01",2.600275,3.286641,2.938933
"2008-05-01",2.652677,3.355925,2.994315
"2008-06-01",2.724781,3.455592,3.076689
"2008-07-01",2.865534,3.636608,3.221104
"2008-08-01",2.839331,3.623465,3.202699
"2008-09-01",2.686264,3.476577,3.067502
"2008-10-01",2.313864,3.305362,2.847369
"2008-11-01",2.001175,3.183998,2.669019
"2008-12-01",1.730797,3.003782,2.467839
"2009-01-01",1.66968,3.001519,2.452652
"2009-02-01",1.615216,2.946977,2.408781
"2009-03-01",1.412828,2.829641,2.274399
"2009-04-01",1.36663,2.759051,2.212716
"2009-05-01",1.281316,2.677436,2.137237
"2009-06-01",1.148262,2.526066,1.997812
"2009-07-01",0.812213,2.170552,1.667423
"2009-08-01",0.891517,2.224156,1.720685
"2009-09-01",0.831415,2.172486,1.654492
"2009-10-01",1.159081,2.344042,1.858077
"2009-11-01",1.276768,2.306669,1.848599
"2009-12-01",1.37992,2.300905,1.881364
"2010-01-01",1.31635,2.186276,1.760448
"2010-02-01",1.221302,2.084091,1.661234
"2010-03-01",1.294215,2.03665,1.650327
"2010-04-01",1.264983,1.999902,1.609626
"2010-05-01",1.205494,1.93235,1.541962
"2010-06-01",1.071807,1.824957,1.433334
"2010-07-01",1.150763,1.885402,1.499331
"2010-08-01",1.105242,1.821216,1.445761
"2010-09-01",1.117297,1.795675,1.442334
"2010-10-01",0.930524,1.580464,1.227144
"2010-11-01",0.980968,1.581596,1.257487
"2010-12-01",1.008691,1.618664,1.294044
"2011-01-01",1.117745,1.767415,1.423556
"2011-02-01",1.310483,1.954724,1.605743
"2011-03-01",1.453614,2.109212,1.75231
"2011-04-01",1.595767,2.298636,1.91067
"2011-05-01",1.787886,2.524522,2.116051
"2011-06-01",1.866109,2.579842,2.176425
"2011-07-01",1.94377,2.656716,2.253736
"2011-08-01",2.029838,2.756614,2.342705
"2011-09-01",2.086873,2.827622,2.401124
"2011-10-01",2.064516,2.840448,2.425087
"2011-11-01",2.09973,2.900531,2.471749
"2011-12-01",2.173849,2.96858,2.540445
"2012-01-01",2.212418,2.987746,2.573336
"2012-02-01",2.129549,2.934828,2.502258
"2012-03-01",2.084324,2.881835,2.454743
"2012-04-01",2.010666,2.752677,2.366861
"2012-05-01",1.859974,2.586522,2.226859
"2012-06-01",1.829134,2.559818,2.20129
"2012-07-01",1.791694,2.542995,2.179102
"2012-08-01",1.70855,2.454745,2.098892
"2012-09-01",1.691485,2.421589,2.07787
"2012-10-01",1.794754,2.509913,2.147218
"2012-11-01",1.689334,2.39128,2.042299
"2012-12-01",1.627574,2.326647,1.975822
"2013-01-01",1.583878,2.239179,1.918428
"2013-02-01",1.568415,2.194833,1.901468
"2013-03-01",1.446515,2.110765,1.811342
"2013-04-01",1.260015,1.978591,1.64735
"2013-05-01",1.238229,1.954095,1.60845
"2013-06-01",1.350978,2.05277,1.707257
"2013-07-01",1.36762,2.049815,1.715372
"2013-08-01",1.361862,2.041109,1.707572
"2013-09-01",1.297002,2.025683,1.671643
"2013-10-01",1.298457,1.971169,1.66192
"2013-11-01",1.391744,2.058647,1.751377
"2013-12-01",1.398476,2.078275,1.767149
"2014-01-01",1.352933,2.065252,1.727325
"2014-02-01",1.274298,2.019573,1.665487
"2014-03-01",1.325998,2.058982,1.704976
"2014-04-01",1.52218,2.224438,1.88013
"2014-05-01",1.60095,2.283669,1.955089
"2014-06-01",1.57044,2.246263,1.927172
"2014-07-01",1.588609,2.265693,1.943066
"2014-08-01",1.487924,2.201057,1.869934
"2014-09-01",1.527329,2.202526,1.893741
"2014-10-01",1.377001,2.137154,1.781363
"2014-11-01",1.309239,2.10775,1.736702
"2014-12-01",1.308006,2.108416,1.739789
"2015-01-01",1.087827,1.942042,1.570671
"2015-02-01",1.15771,2.003732,1.639672
"2015-03-01",1.181379,2.005173,1.647666
"2015-04-01",1.174075,1.997867,1.656344
"2015-05-01",1.131037,1.95229,1.611303
"2015-06-01",1.137128,1.97147,1.625458
"2015-07-01",1.130414,1.961804,1.61943
"2015-08-01",1.142984,1.966042,1.632485
"2015-09-01",1.138648,1.98564,1.645589
"2015-10-01",1.14083,1.935305,1.631628
"2015-11-01",1.126363,1.890285,1.600531
"2015-12-01",1.048622,1.838817,1.538714
"2016-01-01",1.22748,1.969564,1.682592
"2016-02-01",1.232748,1.969421,1.681618
"2016-03-01",1.264879,2.000749,1.714844
"2016-04-01",1.331511,2.080303,1.77553
"2016-05-01",1.42139,2.176735,1.865441
"2016-06-01",1.371329,2.133938,1.820824
"2016-07-01",1.349463,2.129254,1.8098
"2016-08-01",1.408396,2.171927,1.853402
"2016-09-01",1.485665,2.22205,1.903716
"2016-10-01",1.629795,2.329886,2.021369
"2016-11-01",1.603688,2.326825,2.0032
"2016-12-01",1.692112,2.372985,2.066054
"2017-01-01",1.781584,2.453568,2.143257
"2017-02-01",1.773568,2.427191,2.119128
"2017-03-01",1.703632,2.364407,2.059751
"2017-04-01",1.589177,2.233645,1.947918
"2017-05-01",1.503393,2.143632,1.858653
"2017-06-01",1.527248,2.167907,1.878224
"2017-07-01",1.511741,2.148643,1.857004
"2017-08-01",1.525142,2.16224,1.872398
"2017-09-01",1.455689,2.100845,1.812481
"2017-10-01",1.476849,2.155139,1.850675
"2017-11-01",1.490085,2.181469,1.874045
"2017-12-01",1.536635,2.234397,1.920405
"2018-01-01",1.615692,2.322599,1.998449
"2018-02-01",1.643989,2.373188,2.034869
"2018-03-01",1.678278,2.40228,2.05765
"2018-04-01",1.699139,2.426068,2.071115
"2018-05-01",1.732476,2.460105,2.11049
"2018-06-01",1.763403,2.476441,2.137728
"2018-07-01",1.778841,2.490334,2.154627
"2018-08-01",1.763253,2.481703,2.1465
"2018-09-01",1.812668,2.525476,2.187442
"2018-10-01",1.79885,2.485982,2.156818
"2018-11-01",1.869591,2.546622,2.226785
"2018-12-01",1.85868,2.540425,2.220419
"2019-01-01",1.675565,2.364527,2.061735
"2019-02-01",1.697278,2.378001,2.085458
"2019-03-01",1.736119,2.423753,2.13106
"2019-04-01",1.784362,2.501118,2.204438
"2019-05-01",1.726652,2.437614,2.136024
"2019-06-01",1.663543,2.398416,2.085589
"2019-07-01",1.724926,2.449374,2.136525
"2019-08-01",1.731537,2.455252,2.138155
"2019-09-01",1.603956,2.36605,2.03687
"2019-10-01",1.675097,2.450641,2.118348
"2019-11-01",1.656793,2.40054,2.078062
"2019-12-01",1.644441,2.403364,2.068663
"2020-01-01",1.751616,2.472324,2.150238
"2020-02-01",1.740458,2.468667,2.142322
"2020-03-01",1.674542,2.403515,2.076978
"2020-04-01",1.527676,2.332995,1.996679
"2020-05-01",1.608235,2.42923,2.089816
"2020-06-01",1.698251,2.524337,2.165414
"2020-07-01",1.768543,2.634883,2.238434
"2020-08-01",1.877049,2.733905,2.327553
"2020-09-01",1.94283,2.785495,2.37676
"2020-10-01",1.830587,2.661402,2.258696
"2020-11-01",1.804613,2.65048,2.232365
"2020-12-01",1.840661,2.703471,2.261906
"2021-01-01",1.84023,2.76535,2.281361
"2021-02-01",1.954647,2.872239,2.389024
"2021-03-01",2.069469,3.048119,2.514331
"2021-04-01",2.305108,3.239598,2.675188
"2021-05-01",2.408652,3.393723,2.792465
"2021-06-01",2.477539,3.510332,2.880971
"2021-07-01",2.568224,3.595664,2.979096
"2021-08-01",2.643999,3.702356,3.06931
"2021-09-01",2.886703,3.940705,3.305291
"2021-10-01",3.242282,4.370354,3.694372
"2021-11-01",3.511957,4.708796,3.992562
"2021-12-01",3.769423,4.979272,4.257944
"2022-01-01",4.178316,5.368418,4.660305
"2022-02-01",4.333442,5.618666,4.855311
"2022-03-01",4.443774,5.764276,4.996069
"2022-04-01",4.453259,5.730554,4.995206
"2022-05-01",4.637862,5.908425,5.175513
"2022-06-01",5.051427,6.317109,5.59108
"2022-07-01",5.077873,6.346849,5.625667
"2022-08-01",5.250045,6.495072,5.794003
"2022-09-01",5.255812,6.497524,5.808962
"2022-10-01",5.203728,6.392733,5.73793
"2022-11-01",5.131124,6.265358,5.651096
"2022-12-01",5.045801,6.145888,5.566207
"2023-01-01",4.841987,5.922745,5.352034
"2023-02-01",4.78134,5.768135,5.257602
"2023-03-01",4.764042,5.665443,5.212481
"2023-04-01",4.776691,5.707423,5.257985
"2023-05-01",4.581538,5.506397,5.079554
"2023-06-01",4.133462,4.999215,4.613938
"2023-07-01",3.971781,4.837072,4.459268
"2023-08-01",3.677636,4.549252,4.174136
"2023-09-01",3.571389,4.446623,4.065194
"2023-10-01",3.403693,4.267911,3.889239
"2023-11-01",3.257742,4.156342,3.769256
"2023-12-01",3.07393,3.970686,3.586639
"2024-01-01",3.10036,4.0027,3.622978
"2024-02-01",2.968744,3.882389,3.486363
"2024-03-01",2.927033,3.862112,3.438294
"2024-04-01",2.817349,3.716626,3.299778
"2024-05-01",2.655783,3.604054,3.165744
"2024-06-01",2.579012,3.557124,3.109908
"2024-07-01",2.545558,3.477746,3.047792
"2024-08-01",2.53472,3.46127,3.030971
"2024-09-01",2.521007,3.444172,3.019489
"2024-10-01",2.532118,3.450656,3.020992
"2024-11-01",2.550165,3.422498,3.008764
"2024-12-01",2.601479,3.473561,3.060406
"2025-01-01",2.405964,3.294475,2.86831
"2025-02-01",2.426656,3.296784,2.881425
"2025-03-01",2.347792,3.226941,2.838877
"2025-04-01",2.442977,3.308329,2.925356
"2025-05-01",2.541802,3.303674,2.958699
"2025-06-01",2.691624,3.415602,3.084282
"2025-07-01",2.678433,3.419742,3.079584
"2025-08-01",2.720905,3.465827,3.127603
"2025-09-01",2.679352,3.423228,3.079774
"2025-10-01",2.570786,3.318158,2.97341
"2025-11-01",2.552371,3.288485,2.945646
"2025-12-01",2.587234,3.322399,2.96703
"2026-01-01",2.581661,3.354467,2.972809
"2026-02-01",2.524171,3.345305,2.936546
"2026-03-01",2.591971,3.383777,2.959312
"2026-04-01",2.572252,3.406295,2.945921
"2026-05-01",2.611878,3.464799,2.993888
"2026-06-01",2.495439,3.358351,2.882535
"2026-07-01",2.444478,3.328935,2.850481
"2026-08-01",2.435523,3.316884,2.826542
