target,sample,lb,ub
c_0_37,long,12,87
c_0_37,long,12,86
c_0_37,long,13,87
c_0_37,long,13,86
c_0_37,long,13,85
c_0_37,long,13,84
c_0_37,long,14,86
c_0_37,long,14,85
c_0_37,long,14,84
c_0_37,long,14,83
c_0_37,long,14,82
c_0_37,long,15,85
c_0_37,long,15,84
c_0_37,long,15,83
c_0_37,long,15,82
c_0_37,long,15,81
c_0_37,long,16,84
c_0_37,long,16,83
c_0_37,long,16,82
c_0_37,long,16,81
c_0_37,long,16,80
c_0_37,long,17,83
c_0_37,long,17,82
c_0_37,long,17,80
c_0_37,long,17,79
c_0_37,long,17,78
c_0_37,long,18,82
c_0_37,long,18,81
c_0_37,long,18,80
c_0_37,long,18,79
c_0_37,long,18,78
c_0_37,long,18,77
c_0_37,long,19,80
c_0_37,long,19,79
c_0_37,long,19,78
c_0_37,long,19,77
c_0_37,long,19,76
c_0_37,long,19,75
c_0_37,long,20,79
c_0_37,long,20,78
c_0_37,long,20,77
c_0_37,long,20,76
c_0_37,long,20,75
c_0_37,long,20,74
c_0_37,long,21,78
c_0_37,long,21,77
c_0_37,long,21,76
c_0_37,long,21,75
c_0_37,long,21,74
c_0_37,long,21,73
c_0_37,long,22,76
c_0_37,long,22,75
c_0_37,long,22,74
c_0_37,long,22,73
c_0_37,long,22,72
c_0_37,long,23,75
c_0_37,long,23,74
c_0_37,long,23,73
c_0_37,long,23,72
c_0_37,long,23,71
c_0_37,long,24,74
c_0_37,long,24,73
c_0_37,long,24,72
c_0_37,long,24,71
c_0_37,long,24,70
c_0_37,long,25,72
c_0_37,long,25,71
c_0_37,long,25,70
c_0_37,long,25,69
c_0_37,long,26,71
c_0_37,long,26,70
c_0_37,long,26,69
c_0_37,long,27,70
c_0_37,long,27,69
c_0_37,long,27,68
c_0_37,long,28,68
c_0_37,80s,9,92
c_0_37,80s,9,91
c_0_37,80s,10,92
c_0_37,80s,10,91
c_0_37,80s,10,90
c_0_37,80s,11,92
c_0_37,80s,11,91
c_0_37,80s,11,90
c_0_37,80s,11,89
c_0_37,80s,11,88
c_0_37,80s,12,91
c_0_37,80s,12,90
c_0_37,80s,12,89
c_0_37,80s,12,88
c_0_37,80s,12,87
c_0_37,80s,13,91
c_0_37,80s,13,90
c_0_37,80s,13,89
c_0_37,80s,13,88
c_0_37,80s,13,87
c_0_37,80s,13,86
c_0_37,80s,14,90
c_0_37,80s,14,89
c_0_37,80s,14,88
c_0_37,80s,14,87
c_0_37,80s,14,86
c_0_37,80s,14,85
c_0_37,80s,15,90
c_0_37,80s,15,89
c_0_37,80s,15,88
c_0_37,80s,15,87
c_0_37,80s,15,86
c_0_37,80s,15,85
c_0_37,80s,15,84
c_0_37,80s,15,83
c_0_37,80s,16,89
c_0_37,80s,16,88
c_0_37,80s,16,87
c_0_37,80s,16,86
c_0_37,80s,16,85
c_0_37,80s,16,84
c_0_37,80s,16,83
c_0_37,80s,16,82
c_0_37,80s,17,88
c_0_37,80s,17,87
c_0_37,80s,17,86
c_0_37,80s,17,85
c_0_37,80s,17,84
c_0_37,80s,17,83
c_0_37,80s,17,82
c_0_37,80s,17,81
c_0_37,80s,18,87
c_0_37,80s,18,86
c_0_37,80s,18,85
c_0_37,80s,18,84
c_0_37,80s,18,83
c_0_37,80s,18,82
c_0_37,80s,18,81
c_0_37,80s,18,80
c_0_37,80s,19,87
c_0_37,80s,19,86
c_0_37,80s,19,85
c_0_37,80s,19,84
c_0_37,80s,19,83
c_0_37,80s,19,81
c_0_37,80s,19,80
c_0_37,80s,19,79
c_0_37,80s,19,78
c_0_37,80s,20,86
c_0_37,80s,20,85
c_0_37,80s,20,84
c_0_37,80s,20,83
c_0_37,80s,20,82
c_0_37,80s,20,81
c_0_37,80s,20,80
c_0_37,80s,20,79
c_0_37,80s,20,78
c_0_37,80s,20,77
c_0_37,80s,21,85
c_0_37,80s,21,84
c_0_37,80s,21,83
c_0_37,80s,21,82
c_0_37,80s,21,81
c_0_37,80s,21,80
c_0_37,80s,21,79
c_0_37,80s,21,78
c_0_37,80s,21,77
c_0_37,80s,21,76
c_0_37,80s,22,84
c_0_37,80s,22,83
c_0_37,80s,22,82
c_0_37,80s,22,81
c_0_37,80s,22,80
c_0_37,80s,22,79
c_0_37,80s,22,78
c_0_37,80s,22,77
c_0_37,80s,22,76
c_0_37,80s,22,75
c_0_37,80s,23,83
c_0_37,80s,23,82
c_0_37,80s,23,81
c_0_37,80s,23,80
c_0_37,80s,23,79
c_0_37,80s,23,78
c_0_37,80s,23,77
c_0_37,80s,23,76
c_0_37,80s,23,75
c_0_37,80s,23,74
c_0_37,80s,24,82
c_0_37,80s,24,81
c_0_37,80s,24,80
c_0_37,80s,24,79
c_0_37,80s,24,78
c_0_37,80s,24,77
c_0_37,80s,24,76
c_0_37,80s,24,75
c_0_37,80s,24,74
c_0_37,80s,24,73
c_0_37,80s,25,81
c_0_37,80s,25,80
c_0_37,80s,25,79
c_0_37,80s,25,78
c_0_37,80s,25,77
c_0_37,80s,25,76
c_0_37,80s,25,75
c_0_37,80s,25,74
c_0_37,80s,25,73
c_0_37,80s,25,72
c_0_37,80s,26,80
c_0_37,80s,26,79
c_0_37,80s,26,78
c_0_37,80s,26,77
c_0_37,80s,26,76
c_0_37,80s,26,75
c_0_37,80s,26,74
c_0_37,80s,26,73
c_0_37,80s,26,72
c_0_37,80s,26,71
c_0_37,80s,26,70
c_0_37,80s,27,79
c_0_37,80s,27,78
c_0_37,80s,27,77
c_0_37,80s,27,76
c_0_37,80s,27,75
c_0_37,80s,27,74
c_0_37,80s,27,73
c_0_37,80s,27,72
c_0_37,80s,27,71
c_0_37,80s,27,70
c_0_37,80s,27,69
c_0_37,80s,28,78
c_0_37,80s,28,77
c_0_37,80s,28,76
c_0_37,80s,28,75
c_0_37,80s,28,74
c_0_37,80s,28,73
c_0_37,80s,28,72
c_0_37,80s,28,71
c_0_37,80s,28,70
c_0_37,80s,28,69
c_0_37,80s,28,68
c_0_37,80s,29,77
c_0_37,80s,29,76
c_0_37,80s,29,75
c_0_37,80s,29,74
c_0_37,80s,29,73
c_0_37,80s,29,72
c_0_37,80s,29,71
c_0_37,80s,29,70
c_0_37,80s,29,69
c_0_37,80s,29,68
c_0_37,80s,29,67
c_0_37,80s,30,76
c_0_37,80s,30,75
c_0_37,80s,30,74
c_0_37,80s,30,73
c_0_37,80s,30,72
c_0_37,80s,30,71
c_0_37,80s,30,70
c_0_37,80s,30,69
c_0_37,80s,30,68
c_0_37,80s,30,67
c_0_37,80s,30,66
c_0_37,80s,31,75
c_0_37,80s,31,74
c_0_37,80s,31,73
c_0_37,80s,31,72
c_0_37,80s,31,71
c_0_37,80s,31,70
c_0_37,80s,31,69
c_0_37,80s,31,68
c_0_37,80s,31,67
c_0_37,80s,31,66
c_0_37,80s,31,65
c_0_37,80s,32,74
c_0_37,80s,32,73
c_0_37,80s,32,72
c_0_37,80s,32,71
c_0_37,80s,32,70
c_0_37,80s,32,69
c_0_37,80s,32,68
c_0_37,80s,32,67
c_0_37,80s,32,66
c_0_37,80s,32,65
c_0_37,80s,32,64
c_0_37,80s,33,73
c_0_37,80s,33,72
c_0_37,80s,33,71
c_0_37,80s,33,70
c_0_37,80s,33,69
c_0_37,80s,33,68
c_0_37,80s,33,67
c_0_37,80s,33,66
c_0_37,80s,33,65
c_0_37,80s,33,64
c_0_37,80s,33,63
c_0_37,80s,34,73
c_0_37,80s,34,72
c_0_37,80s,34,71
c_0_37,80s,34,70
c_0_37,80s,34,69
c_0_37,80s,34,68
c_0_37,80s,34,67
c_0_37,80s,34,66
c_0_37,80s,34,65
c_0_37,80s,34,64
c_0_37,80s,34,63
c_0_37,80s,34,62
c_0_37,80s,35,72
c_0_37,80s,35,71
c_0_37,80s,35,70
c_0_37,80s,35,69
c_0_37,80s,35,68
c_0_37,80s,35,67
c_0_37,80s,35,66
c_0_37,80s,35,65
c_0_37,80s,35,64
c_0_37,80s,35,63
c_0_37,80s,35,62
c_0_37,80s,35,61
c_0_37,80s,35,60
c_0_37,80s,36,71
c_0_37,80s,36,70
c_0_37,80s,36,69
c_0_37,80s,36,68
c_0_37,80s,36,67
c_0_37,80s,36,66
c_0_37,80s,36,65
c_0_37,80s,36,64
c_0_37,80s,36,63
c_0_37,80s,36,62
c_0_37,80s,36,61
c_0_37,80s,36,60
c_0_37,80s,36,59
c_0_37,80s,37,70
c_0_37,80s,37,69
c_0_37,80s,37,68
c_0_37,80s,37,67
c_0_37,80s,37,66
c_0_37,80s,37,65
c_0_37,80s,37,64
c_0_37,80s,37,63
c_0_37,80s,37,62
c_0_37,80s,37,61
c_0_37,80s,37,60
c_0_37,80s,37,59
c_0_37,80s,37,58
c_0_37,80s,38,69
c_0_37,80s,38,68
c_0_37,80s,38,67
c_0_37,80s,38,66
c_0_37,80s,38,65
c_0_37,80s,38,64
c_0_37,80s,38,63
c_0_37,80s,38,62
c_0_37,80s,38,61
c_0_37,80s,38,60
c_0_37,80s,38,59
c_0_37,80s,38,58
c_0_37,80s,38,57
c_0_37,80s,39,69
c_0_37,80s,39,68
c_0_37,80s,39,67
c_0_37,80s,39,66
c_0_37,80s,39,65
c_0_37,80s,39,64
c_0_37,80s,39,63
c_0_37,80s,39,62
c_0_37,80s,39,61
c_0_37,80s,39,60
c_0_37,80s,39,59
c_0_37,80s,39,58
c_0_37,80s,39,57
c_0_37,80s,39,56
c_0_37,80s,40,68
c_0_37,80s,40,67
c_0_37,80s,40,66
c_0_37,80s,40,65
c_0_37,80s,40,64
c_0_37,80s,40,63
c_0_37,80s,40,62
c_0_37,80s,40,61
c_0_37,80s,40,60
c_0_37,80s,40,59
c_0_37,80s,40,58
c_0_37,80s,40,57
c_0_37,80s,40,56
c_0_37,80s,40,55
c_0_37,80s,41,67
c_0_37,80s,41,66
c_0_37,80s,41,65
c_0_37,80s,41,64
c_0_37,80s,41,63
c_0_37,80s,41,62
c_0_37,80s,41,61
c_0_37,80s,41,60
c_0_37,80s,41,59
c_0_37,80s,41,58
c_0_37,80s,41,57
c_0_37,80s,41,56
c_0_37,80s,41,55
c_0_37,80s,41,54
c_0_37,80s,42,66
c_0_37,80s,42,65
c_0_37,80s,42,64
c_0_37,80s,42,63
c_0_37,80s,42,62
c_0_37,80s,42,61
c_0_37,80s,42,60
c_0_37,80s,42,59
c_0_37,80s,42,58
c_0_37,80s,42,57
c_0_37,80s,42,56
c_0_37,80s,42,55
c_0_37,80s,42,54
c_0_37,80s,42,53
c_0_37,80s,43,64
c_0_37,80s,43,63
c_0_37,80s,43,62
c_0_37,80s,43,61
c_0_37,80s,43,60
c_0_37,80s,43,59
c_0_37,80s,43,58
c_0_37,80s,43,57
c_0_37,80s,43,56
c_0_37,80s,43,55
c_0_37,80s,43,54
c_0_37,80s,43,53
c_0_37,80s,44,63
c_0_37,80s,44,62
c_0_37,80s,44,61
c_0_37,80s,44,60
c_0_37,80s,44,59
c_0_37,80s,44,58
c_0_37,80s,44,57
c_0_37,80s,44,56
c_0_37,80s,44,55
c_0_37,80s,44,54
c_0_37,80s,44,53
c_0_37,80s,44,52
c_0_37,80s,45,62
c_0_37,80s,45,61
c_0_37,80s,45,60
c_0_37,80s,45,59
c_0_37,80s,45,58
c_0_37,80s,45,57
c_0_37,80s,45,56
c_0_37,80s,45,55
c_0_37,80s,45,54
c_0_37,80s,45,53
c_0_37,80s,45,52
c_0_37,80s,45,51
c_0_37,80s,46,61
c_0_37,80s,46,60
c_0_37,80s,46,59
c_0_37,80s,46,58
c_0_37,80s,46,57
c_0_37,80s,46,56
c_0_37,80s,46,55
c_0_37,80s,46,54
c_0_37,80s,46,53
c_0_37,80s,46,52
c_0_37,80s,46,51
c_0_37,80s,46,50
c_0_37,80s,47,60
c_0_37,80s,47,59
c_0_37,80s,47,58
c_0_37,80s,47,57
c_0_37,80s,47,56
c_0_37,80s,47,55
c_0_37,80s,47,54
c_0_37,80s,47,53
c_0_37,80s,47,52
c_0_37,80s,47,51
c_0_37,80s,47,50
c_0_37,80s,48,59
c_0_37,80s,48,58
c_0_37,80s,48,57
c_0_37,80s,48,56
c_0_37,80s,48,55
c_0_37,80s,48,54
c_0_37,80s,48,53
c_0_37,80s,48,52
c_0_37,80s,48,51
c_0_37,80s,48,50
c_0_37,80s,49,58
c_0_37,80s,49,57
c_0_37,80s,49,56
c_0_37,80s,49,55
c_0_37,80s,49,54
c_0_37,80s,49,53
c_0_37,80s,49,52
c_0_37,80s,49,51
c_0_37,80s,49,50
c_0_37,80s,50,57
c_0_37,80s,50,56
c_0_37,80s,50,55
c_0_37,80s,50,54
c_0_37,80s,50,53
c_0_37,80s,50,52
c_0_37,80s,50,51
c_0_37,80s,50,50
c_0_37,00s,13,85
c_0_37,00s,13,84
c_0_37,00s,13,83
c_0_37,00s,13,82
c_0_37,00s,14,84
c_0_37,00s,14,83
c_0_37,00s,14,82
c_0_37,00s,14,81
c_0_37,00s,14,80
c_0_37,00s,14,79
c_0_37,00s,15,83
c_0_37,00s,15,82
c_0_37,00s,15,81
c_0_37,00s,15,80
c_0_37,00s,15,79
c_0_37,00s,15,78
c_0_37,00s,15,77
c_0_37,00s,16,82
c_0_37,00s,16,81
c_0_37,00s,16,80
c_0_37,00s,16,79
c_0_37,00s,16,78
c_0_37,00s,16,77
c_0_37,00s,16,76
c_0_37,00s,16,75
c_0_37,00s,17,81
c_0_37,00s,17,80
c_0_37,00s,17,79
c_0_37,00s,17,78
c_0_37,00s,17,77
c_0_37,00s,17,76
c_0_37,00s,17,75
c_0_37,00s,17,74
c_0_37,00s,17,73
c_0_37,00s,18,80
c_0_37,00s,18,79
c_0_37,00s,18,78
c_0_37,00s,18,77
c_0_37,00s,18,75
c_0_37,00s,18,74
c_0_37,00s,18,73
c_0_37,00s,18,72
c_0_37,00s,18,71
c_0_37,00s,19,78
c_0_37,00s,19,77
c_0_37,00s,19,76
c_0_37,00s,19,75
c_0_37,00s,19,74
c_0_37,00s,19,73
c_0_37,00s,19,72
c_0_37,00s,19,71
c_0_37,00s,19,70
c_0_37,00s,20,77
c_0_37,00s,20,76
c_0_37,00s,20,75
c_0_37,00s,20,74
c_0_37,00s,20,73
c_0_37,00s,20,72
c_0_37,00s,20,71
c_0_37,00s,20,70
c_0_37,00s,20,69
c_0_37,00s,20,68
c_0_37,00s,21,75
c_0_37,00s,21,74
c_0_37,00s,21,73
c_0_37,00s,21,72
c_0_37,00s,21,71
c_0_37,00s,21,70
c_0_37,00s,21,69
c_0_37,00s,21,68
c_0_37,00s,21,67
c_0_37,00s,22,73
c_0_37,00s,22,72
c_0_37,00s,22,71
c_0_37,00s,22,70
c_0_37,00s,22,69
c_0_37,00s,22,68
c_0_37,00s,22,67
c_0_37,00s,22,66
c_0_37,00s,22,65
c_0_37,00s,23,71
c_0_37,00s,23,70
c_0_37,00s,23,69
c_0_37,00s,23,68
c_0_37,00s,23,67
c_0_37,00s,23,66
c_0_37,00s,23,65
c_0_37,00s,23,64
c_0_37,00s,24,68
c_0_37,00s,24,67
c_0_37,00s,24,66
c_0_37,00s,24,65
c_0_37,00s,24,64
c_0_37,00s,24,63
c_0_37,00s,25,66
c_0_37,00s,25,65
c_0_37,00s,25,64
c_0_37,00s,25,63
c_0_37,00s,25,62
c_0_37,00s,26,65
c_0_37,00s,26,64
c_0_37,00s,26,63
c_0_37,00s,26,62
c_0_37,00s,26,61
c_0_37,00s,27,63
c_0_37,00s,27,62
c_0_37,00s,27,61
c_0_37,00s,27,60
c_0_37,00s,28,61
c_0_37,00s,28,60
c_0_37,00s,28,59
c_0_37,00s,29,59
f_0_24,long,8,92
f_0_24,long,8,91
f_0_24,long,8,90
f_0_24,long,9,91
f_0_24,long,9,90
f_0_24,long,9,89
f_0_24,long,10,91
f_0_24,long,10,90
f_0_24,long,10,89
f_0_24,long,10,88
f_0_24,long,10,87
f_0_24,long,11,90
f_0_24,long,11,89
f_0_24,long,11,88
f_0_24,long,11,87
f_0_24,long,11,86
f_0_24,long,11,85
f_0_24,long,12,89
f_0_24,long,12,88
f_0_24,long,12,87
f_0_24,long,12,86
f_0_24,long,12,85
f_0_24,long,12,84
f_0_24,long,12,83
f_0_24,long,13,88
f_0_24,long,13,87
f_0_24,long,13,86
f_0_24,long,13,85
f_0_24,long,13,84
f_0_24,long,13,83
f_0_24,long,13,82
f_0_24,long,13,81
f_0_24,long,14,87
f_0_24,long,14,86
f_0_24,long,14,85
f_0_24,long,14,83
f_0_24,long,14,82
f_0_24,long,14,81
f_0_24,long,14,80
f_0_24,long,15,86
f_0_24,long,15,85
f_0_24,long,15,84
f_0_24,long,15,83
f_0_24,long,15,82
f_0_24,long,15,81
f_0_24,long,15,80
f_0_24,long,15,79
f_0_24,long,15,78
f_0_24,long,16,84
f_0_24,long,16,83
f_0_24,long,16,82
f_0_24,long,16,81
f_0_24,long,16,80
f_0_24,long,16,79
f_0_24,long,16,78
f_0_24,long,16,77
f_0_24,long,17,82
f_0_24,long,17,81
f_0_24,long,17,80
f_0_24,long,17,79
f_0_24,long,17,78
f_0_24,long,17,77
f_0_24,long,17,76
f_0_24,long,17,75
f_0_24,long,18,80
f_0_24,long,18,79
f_0_24,long,18,78
f_0_24,long,18,77
f_0_24,long,18,76
f_0_24,long,18,75
f_0_24,long,18,74
f_0_24,long,19,79
f_0_24,long,19,78
f_0_24,long,19,77
f_0_24,long,19,76
f_0_24,long,19,75
f_0_24,long,19,74
f_0_24,long,19,73
f_0_24,long,20,77
f_0_24,long,20,76
f_0_24,long,20,75
f_0_24,long,20,74
f_0_24,long,20,73
f_0_24,long,20,72
f_0_24,long,21,76
f_0_24,long,21,75
f_0_24,long,21,74
f_0_24,long,21,73
f_0_24,long,21,72
f_0_24,long,21,71
f_0_24,long,22,75
f_0_24,long,22,74
f_0_24,long,22,73
f_0_24,long,22,72
f_0_24,long,22,71
f_0_24,long,22,70
f_0_24,long,22,69
f_0_24,long,23,74
f_0_24,long,23,73
f_0_24,long,23,72
f_0_24,long,23,71
f_0_24,long,23,70
f_0_24,long,23,69
f_0_24,long,23,68
f_0_24,long,24,72
f_0_24,long,24,71
f_0_24,long,24,70
f_0_24,long,24,69
f_0_24,long,24,68
f_0_24,long,24,67
f_0_24,long,25,71
f_0_24,long,25,70
f_0_24,long,25,69
f_0_24,long,25,68
f_0_24,long,25,67
f_0_24,long,26,70
f_0_24,long,26,69
f_0_24,long,26,68
f_0_24,long,26,67
f_0_24,long,26,66
f_0_24,long,27,69
f_0_24,long,27,68
f_0_24,long,27,67
f_0_24,long,27,66
f_0_24,long,27,65
f_0_24,long,28,68
f_0_24,long,28,67
f_0_24,long,28,66
f_0_24,long,28,65
f_0_24,long,28,64
f_0_24,long,29,66
f_0_24,long,29,65
f_0_24,long,29,64
f_0_24,long,29,63
f_0_24,long,30,65
f_0_24,long,30,64
f_0_24,long,30,63
f_0_24,long,30,62
f_0_24,long,31,62
f_0_24,long,32,62
f_0_24,long,32,61
f_0_24,long,33,60
f_0_24,long,34,60
f_0_24,long,34,59
f_0_24,long,34,58
f_0_24,long,35,59
f_0_24,long,35,58
f_0_24,long,35,57
f_0_24,long,36,59
f_0_24,long,36,58
f_0_24,long,36,57
f_0_24,long,36,56
f_0_24,long,37,58
f_0_24,long,37,57
f_0_24,long,37,56
f_0_24,long,38,56
f_0_24,80s,5,95
f_0_24,80s,5,94
f_0_24,80s,5,93
f_0_24,80s,6,95
f_0_24,80s,6,94
f_0_24,80s,6,93
f_0_24,80s,6,92
f_0_24,80s,7,95
f_0_24,80s,7,94
f_0_24,80s,7,93
f_0_24,80s,7,92
f_0_24,80s,7,91
f_0_24,80s,7,90
f_0_24,80s,8,94
f_0_24,80s,8,93
f_0_24,80s,8,92
f_0_24,80s,8,91
f_0_24,80s,8,90
f_0_24,80s,8,89
f_0_24,80s,8,88
f_0_24,80s,9,94
f_0_24,80s,9,93
f_0_24,80s,9,92
f_0_24,80s,9,91
f_0_24,80s,9,90
f_0_24,80s,9,89
f_0_24,80s,9,88
f_0_24,80s,9,87
f_0_24,80s,10,93
f_0_24,80s,10,92
f_0_24,80s,10,91
f_0_24,80s,10,90
f_0_24,80s,10,89
f_0_24,80s,10,88
f_0_24,80s,10,87
f_0_24,80s,10,86
f_0_24,80s,10,85
f_0_24,80s,11,93
f_0_24,80s,11,92
f_0_24,80s,11,91
f_0_24,80s,11,90
f_0_24,80s,11,89
f_0_24,80s,11,88
f_0_24,80s,11,87
f_0_24,80s,11,86
f_0_24,80s,11,85
f_0_24,80s,11,84
f_0_24,80s,12,92
f_0_24,80s,12,91
f_0_24,80s,12,90
f_0_24,80s,12,89
f_0_24,80s,12,88
f_0_24,80s,12,87
f_0_24,80s,12,86
f_0_24,80s,12,85
f_0_24,80s,12,84
f_0_24,80s,12,83
f_0_24,80s,13,91
f_0_24,80s,13,90
f_0_24,80s,13,89
f_0_24,80s,13,88
f_0_24,80s,13,87
f_0_24,80s,13,85
f_0_24,80s,13,84
f_0_24,80s,13,83
f_0_24,80s,13,82
f_0_24,80s,13,81
f_0_24,80s,14,91
f_0_24,80s,14,90
f_0_24,80s,14,89
f_0_24,80s,14,88
f_0_24,80s,14,87
f_0_24,80s,14,86
f_0_24,80s,14,85
f_0_24,80s,14,84
f_0_24,80s,14,83
f_0_24,80s,14,82
f_0_24,80s,14,81
f_0_24,80s,14,80
f_0_24,80s,15,90
f_0_24,80s,15,89
f_0_24,80s,15,88
f_0_24,80s,15,87
f_0_24,80s,15,86
f_0_24,80s,15,85
f_0_24,80s,15,84
f_0_24,80s,15,83
f_0_24,80s,15,82
f_0_24,80s,15,81
f_0_24,80s,15,80
f_0_24,80s,15,79
f_0_24,80s,16,89
f_0_24,80s,16,88
f_0_24,80s,16,87
f_0_24,80s,16,86
f_0_24,80s,16,85
f_0_24,80s,16,84
f_0_24,80s,16,83
f_0_24,80s,16,82
f_0_24,80s,16,81
f_0_24,80s,16,80
f_0_24,80s,16,79
f_0_24,80s,16,78
f_0_24,80s,17,88
f_0_24,80s,17,87
f_0_24,80s,17,86
f_0_24,80s,17,85
f_0_24,80s,17,84
f_0_24,80s,17,83
f_0_24,80s,17,82
f_0_24,80s,17,81
f_0_24,80s,17,80
f_0_24,80s,17,79
f_0_24,80s,17,78
f_0_24,80s,17,77
f_0_24,80s,18,87
f_0_24,80s,18,86
f_0_24,80s,18,85
f_0_24,80s,18,84
f_0_24,80s,18,83
f_0_24,80s,18,82
f_0_24,80s,18,81
f_0_24,80s,18,80
f_0_24,80s,18,79
f_0_24,80s,18,78
f_0_24,80s,18,77
f_0_24,80s,18,76
f_0_24,80s,18,75
f_0_24,80s,19,86
f_0_24,80s,19,85
f_0_24,80s,19,84
f_0_24,80s,19,83
f_0_24,80s,19,82
f_0_24,80s,19,81
f_0_24,80s,19,80
f_0_24,80s,19,79
f_0_24,80s,19,78
f_0_24,80s,19,77
f_0_24,80s,19,76
f_0_24,80s,19,75
f_0_24,80s,19,74
f_0_24,80s,20,85
f_0_24,80s,20,84
f_0_24,80s,20,83
f_0_24,80s,20,82
f_0_24,80s,20,81
f_0_24,80s,20,80
f_0_24,80s,20,79
f_0_24,80s,20,78
f_0_24,80s,20,77
f_0_24,80s,20,76
f_0_24,80s,20,75
f_0_24,80s,20,74
f_0_24,80s,20,73
f_0_24,80s,21,83
f_0_24,80s,21,82
f_0_24,80s,21,81
f_0_24,80s,21,80
f_0_24,80s,21,79
f_0_24,80s,21,78
f_0_24,80s,21,77
f_0_24,80s,21,76
f_0_24,80s,21,75
f_0_24,80s,21,74
f_0_24,80s,21,73
f_0_24,80s,21,72
f_0_24,80s,22,81
f_0_24,80s,22,80
f_0_24,80s,22,79
f_0_24,80s,22,78
f_0_24,80s,22,77
f_0_24,80s,22,76
f_0_24,80s,22,75
f_0_24,80s,22,74
f_0_24,80s,22,73
f_0_24,80s,22,72
f_0_24,80s,22,71
f_0_24,80s,23,78
f_0_24,80s,23,77
f_0_24,80s,23,76
f_0_24,80s,23,75
f_0_24,80s,23,74
f_0_24,80s,23,73
f_0_24,80s,23,72
f_0_24,80s,23,71
f_0_24,80s,23,70
f_0_24,80s,24,76
f_0_24,80s,24,75
f_0_24,80s,24,74
f_0_24,80s,24,73
f_0_24,80s,24,72
f_0_24,80s,24,71
f_0_24,80s,24,70
f_0_24,80s,24,69
f_0_24,80s,25,75
f_0_24,80s,25,74
f_0_24,80s,25,73
f_0_24,80s,25,72
f_0_24,80s,25,71
f_0_24,80s,25,70
f_0_24,80s,25,69
f_0_24,80s,25,68
f_0_24,80s,26,74
f_0_24,80s,26,73
f_0_24,80s,26,72
f_0_24,80s,26,71
f_0_24,80s,26,70
f_0_24,80s,26,69
f_0_24,80s,26,68
f_0_24,80s,26,67
f_0_24,80s,27,73
f_0_24,80s,27,72
f_0_24,80s,27,71
f_0_24,80s,27,70
f_0_24,80s,27,69
f_0_24,80s,27,68
f_0_24,80s,27,67
f_0_24,80s,27,66
f_0_24,80s,28,72
f_0_24,80s,28,71
f_0_24,80s,28,70
f_0_24,80s,28,69
f_0_24,80s,28,68
f_0_24,80s,28,67
f_0_24,80s,28,66
f_0_24,80s,28,65
f_0_24,80s,29,71
f_0_24,80s,29,70
f_0_24,80s,29,69
f_0_24,80s,29,68
f_0_24,80s,29,67
f_0_24,80s,29,66
f_0_24,80s,29,65
f_0_24,80s,29,64
f_0_24,80s,30,70
f_0_24,80s,30,69
f_0_24,80s,30,68
f_0_24,80s,30,67
f_0_24,80s,30,66
f_0_24,80s,30,65
f_0_24,80s,30,64
f_0_24,80s,30,63
f_0_24,80s,31,69
f_0_24,80s,31,68
f_0_24,80s,31,67
f_0_24,80s,31,66
f_0_24,80s,31,65
f_0_24,80s,31,64
f_0_24,80s,31,63
f_0_24,80s,31,62
f_0_24,80s,32,69
f_0_24,80s,32,68
f_0_24,80s,32,67
f_0_24,80s,32,66
f_0_24,80s,32,65
f_0_24,80s,32,64
f_0_24,80s,32,63
f_0_24,80s,32,62
f_0_24,80s,32,61
f_0_24,80s,33,68
f_0_24,80s,33,67
f_0_24,80s,33,66
f_0_24,80s,33,65
f_0_24,80s,33,64
f_0_24,80s,33,63
f_0_24,80s,33,62
f_0_24,80s,33,61
f_0_24,80s,33,60
f_0_24,80s,33,59
f_0_24,80s,34,68
f_0_24,80s,34,67
f_0_24,80s,34,66
f_0_24,80s,34,65
f_0_24,80s,34,64
f_0_24,80s,34,63
f_0_24,80s,34,62
f_0_24,80s,34,61
f_0_24,80s,34,60
f_0_24,80s,34,59
f_0_24,80s,34,58
f_0_24,80s,35,67
f_0_24,80s,35,66
f_0_24,80s,35,65
f_0_24,80s,35,64
f_0_24,80s,35,63
f_0_24,80s,35,62
f_0_24,80s,35,61
f_0_24,80s,35,60
f_0_24,80s,35,59
f_0_24,80s,35,58
f_0_24,80s,35,57
f_0_24,80s,36,66
f_0_24,80s,36,65
f_0_24,80s,36,64
f_0_24,80s,36,63
f_0_24,80s,36,62
f_0_24,80s,36,61
f_0_24,80s,36,60
f_0_24,80s,36,59
f_0_24,80s,36,58
f_0_24,80s,36,57
f_0_24,80s,36,56
f_0_24,80s,37,66
f_0_24,80s,37,65
f_0_24,80s,37,64
f_0_24,80s,37,63
f_0_24,80s,37,62
f_0_24,80s,37,61
f_0_24,80s,37,60
f_0_24,80s,37,59
f_0_24,80s,37,58
f_0_24,80s,37,57
f_0_24,80s,37,56
f_0_24,80s,37,55
f_0_24,80s,38,65
f_0_24,80s,38,64
f_0_24,80s,38,63
f_0_24,80s,38,62
f_0_24,80s,38,61
f_0_24,80s,38,60
f_0_24,80s,38,59
f_0_24,80s,38,58
f_0_24,80s,38,57
f_0_24,80s,38,56
f_0_24,80s,38,55
f_0_24,80s,38,54
f_0_24,80s,39,64
f_0_24,80s,39,63
f_0_24,80s,39,62
f_0_24,80s,39,61
f_0_24,80s,39,60
f_0_24,80s,39,59
f_0_24,80s,39,58
f_0_24,80s,39,57
f_0_24,80s,39,56
f_0_24,80s,39,55
f_0_24,80s,39,54
f_0_24,80s,39,53
f_0_24,80s,40,63
f_0_24,80s,40,62
f_0_24,80s,40,61
f_0_24,80s,40,60
f_0_24,80s,40,59
f_0_24,80s,40,58
f_0_24,80s,40,57
f_0_24,80s,40,56
f_0_24,80s,40,55
f_0_24,80s,40,54
f_0_24,80s,40,53
f_0_24,80s,40,52
f_0_24,80s,41,62
f_0_24,80s,41,61
f_0_24,80s,41,60
f_0_24,80s,41,59
f_0_24,80s,41,58
f_0_24,80s,41,57
f_0_24,80s,41,56
f_0_24,80s,41,55
f_0_24,80s,41,54
f_0_24,80s,41,53
f_0_24,80s,41,52
f_0_24,80s,41,51
f_0_24,80s,42,61
f_0_24,80s,42,60
f_0_24,80s,42,59
f_0_24,80s,42,58
f_0_24,80s,42,57
f_0_24,80s,42,56
f_0_24,80s,42,55
f_0_24,80s,42,54
f_0_24,80s,42,53
f_0_24,80s,42,52
f_0_24,80s,42,51
f_0_24,80s,43,61
f_0_24,80s,43,60
f_0_24,80s,43,59
f_0_24,80s,43,58
f_0_24,80s,43,57
f_0_24,80s,43,56
f_0_24,80s,43,55
f_0_24,80s,43,54
f_0_24,80s,43,53
f_0_24,80s,43,52
f_0_24,80s,43,51
f_0_24,80s,43,50
f_0_24,80s,44,60
f_0_24,80s,44,59
f_0_24,80s,44,58
f_0_24,80s,44,57
f_0_24,80s,44,56
f_0_24,80s,44,55
f_0_24,80s,44,54
f_0_24,80s,44,53
f_0_24,80s,44,52
f_0_24,80s,44,51
f_0_24,80s,44,50
f_0_24,80s,45,59
f_0_24,80s,45,58
f_0_24,80s,45,57
f_0_24,80s,45,56
f_0_24,80s,45,55
f_0_24,80s,45,54
f_0_24,80s,45,53
f_0_24,80s,45,52
f_0_24,80s,45,51
f_0_24,80s,45,50
f_0_24,80s,46,58
f_0_24,80s,46,57
f_0_24,80s,46,56
f_0_24,80s,46,55
f_0_24,80s,46,54
f_0_24,80s,46,53
f_0_24,80s,46,52
f_0_24,80s,46,51
f_0_24,80s,46,50
f_0_24,80s,47,57
f_0_24,80s,47,56
f_0_24,80s,47,55
f_0_24,80s,47,54
f_0_24,80s,47,53
f_0_24,80s,47,52
f_0_24,80s,47,51
f_0_24,80s,47,50
f_0_24,80s,48,56
f_0_24,80s,48,55
f_0_24,80s,48,54
f_0_24,80s,48,53
f_0_24,80s,48,52
f_0_24,80s,48,51
f_0_24,80s,48,50
f_0_24,80s,49,55
f_0_24,80s,49,54
f_0_24,80s,49,53
f_0_24,80s,49,52
f_0_24,80s,49,51
f_0_24,80s,49,50
f_0_24,80s,50,54
f_0_24,80s,50,53
f_0_24,80s,50,52
f_0_24,80s,50,51
f_0_24,80s,50,50
f_0_24,00s,9,92
f_0_24,00s,9,91
f_0_24,00s,9,90
f_0_24,00s,10,92
f_0_24,00s,10,91
f_0_24,00s,10,90
f_0_24,00s,10,89
f_0_24,00s,10,88
f_0_24,00s,11,91
f_0_24,00s,11,90
f_0_24,00s,11,89
f_0_24,00s,11,88
f_0_24,00s,11,87
f_0_24,00s,11,86
f_0_24,00s,12,90
f_0_24,00s,12,89
f_0_24,00s,12,88
f_0_24,00s,12,87
f_0_24,00s,12,86
f_0_24,00s,12,85
f_0_24,00s,12,84
f_0_24,00s,13,90
f_0_24,00s,13,89
f_0_24,00s,13,88
f_0_24,00s,13,87
f_0_24,00s,13,86
f_0_24,00s,13,85
f_0_24,00s,13,84
f_0_24,00s,13,83
f_0_24,00s,13,82
f_0_24,00s,13,81
f_0_24,00s,14,89
f_0_24,00s,14,88
f_0_24,00s,14,87
f_0_24,00s,14,86
f_0_24,00s,14,85
f_0_24,00s,14,84
f_0_24,00s,14,83
f_0_24,00s,14,82
f_0_24,00s,14,81
f_0_24,00s,14,80
f_0_24,00s,14,79
f_0_24,00s,15,88
f_0_24,00s,15,87
f_0_24,00s,15,86
f_0_24,00s,15,85
f_0_24,00s,15,84
f_0_24,00s,15,83
f_0_24,00s,15,82
f_0_24,00s,15,81
f_0_24,00s,15,80
f_0_24,00s,15,79
f_0_24,00s,15,78
f_0_24,00s,16,87
f_0_24,00s,16,86
f_0_24,00s,16,85
f_0_24,00s,16,84
f_0_24,00s,16,83
f_0_24,00s,16,82
f_0_24,00s,16,80
f_0_24,00s,16,79
f_0_24,00s,16,78
f_0_24,00s,16,77
f_0_24,00s,16,76
f_0_24,00s,17,86
f_0_24,00s,17,85
f_0_24,00s,17,84
f_0_24,00s,17,83
f_0_24,00s,17,82
f_0_24,00s,17,81
f_0_24,00s,17,80
f_0_24,00s,17,79
f_0_24,00s,17,78
f_0_24,00s,17,77
f_0_24,00s,17,76
f_0_24,00s,17,75
f_0_24,00s,17,74
f_0_24,00s,18,84
f_0_24,00s,18,83
f_0_24,00s,18,82
f_0_24,00s,18,81
f_0_24,00s,18,80
f_0_24,00s,18,79
f_0_24,00s,18,78
f_0_24,00s,18,77
f_0_24,00s,18,76
f_0_24,00s,18,75
f_0_24,00s,18,74
f_0_24,00s,18,73
f_0_24,00s,19,83
f_0_24,00s,19,82
f_0_24,00s,19,81
f_0_24,00s,19,80
f_0_24,00s,19,79
f_0_24,00s,19,78
f_0_24,00s,19,77
f_0_24,00s,19,76
f_0_24,00s,19,75
f_0_24,00s,19,74
f_0_24,00s,19,73
f_0_24,00s,19,72
f_0_24,00s,19,71
f_0_24,00s,20,82
f_0_24,00s,20,81
f_0_24,00s,20,80
f_0_24,00s,20,79
f_0_24,00s,20,78
f_0_24,00s,20,77
f_0_24,00s,20,76
f_0_24,00s,20,75
f_0_24,00s,20,74
f_0_24,00s,20,73
f_0_24,00s,20,72
f_0_24,00s,20,71
f_0_24,00s,20,70
f_0_24,00s,21,81
f_0_24,00s,21,80
f_0_24,00s,21,79
f_0_24,00s,21,78
f_0_24,00s,21,77
f_0_24,00s,21,76
f_0_24,00s,21,75
f_0_24,00s,21,74
f_0_24,00s,21,73
f_0_24,00s,21,72
f_0_24,00s,21,71
f_0_24,00s,21,70
f_0_24,00s,21,69
f_0_24,00s,22,79
f_0_24,00s,22,78
f_0_24,00s,22,77
f_0_24,00s,22,76
f_0_24,00s,22,75
f_0_24,00s,22,74
f_0_24,00s,22,73
f_0_24,00s,22,72
f_0_24,00s,22,71
f_0_24,00s,22,70
f_0_24,00s,22,69
f_0_24,00s,22,68
f_0_24,00s,22,67
f_0_24,00s,23,75
f_0_24,00s,23,74
f_0_24,00s,23,73
f_0_24,00s,23,72
f_0_24,00s,23,71
f_0_24,00s,23,70
f_0_24,00s,23,69
f_0_24,00s,23,68
f_0_24,00s,23,67
f_0_24,00s,23,66
f_0_24,00s,24,73
f_0_24,00s,24,72
f_0_24,00s,24,71
f_0_24,00s,24,70
f_0_24,00s,24,69
f_0_24,00s,24,68
f_0_24,00s,24,67
f_0_24,00s,24,66
f_0_24,00s,24,65
f_0_24,00s,25,71
f_0_24,00s,25,70
f_0_24,00s,25,69
f_0_24,00s,25,68
f_0_24,00s,25,67
f_0_24,00s,25,66
f_0_24,00s,25,65
f_0_24,00s,25,64
f_0_24,00s,26,69
f_0_24,00s,26,68
f_0_24,00s,26,67
f_0_24,00s,26,66
f_0_24,00s,26,65
f_0_24,00s,26,64
f_0_24,00s,26,63
f_0_24,00s,26,62
f_0_24,00s,27,67
f_0_24,00s,27,66
f_0_24,00s,27,65
f_0_24,00s,27,64
f_0_24,00s,27,63
f_0_24,00s,27,62
f_0_24,00s,27,61
f_0_24,00s,28,65
f_0_24,00s,28,64
f_0_24,00s,28,63
f_0_24,00s,28,62
f_0_24,00s,28,61
f_0_24,00s,28,60
f_0_24,00s,28,59
f_0_24,00s,29,63
f_0_24,00s,29,62
f_0_24,00s,29,61
f_0_24,00s,29,60
f_0_24,00s,29,59
f_0_24,00s,29,58
f_0_24,00s,30,62
f_0_24,00s,30,61
f_0_24,00s,30,60
f_0_24,00s,30,59
f_0_24,00s,30,58
f_0_24,00s,30,57
f_0_24,00s,31,61
f_0_24,00s,31,60
f_0_24,00s,31,59
f_0_24,00s,31,58
f_0_24,00s,31,57
f_0_24,00s,31,56
f_0_24,00s,32,61
f_0_24,00s,32,60
f_0_24,00s,32,59
f_0_24,00s,32,58
f_0_24,00s,32,57
f_0_24,00s,32,56
f_0_24,00s,32,55
f_0_24,00s,33,60
f_0_24,00s,33,59
f_0_24,00s,33,58
f_0_24,00s,33,57
f_0_24,00s,33,56
f_0_24,00s,33,55
f_0_24,00s,33,54
f_0_24,00s,33,53
f_0_24,00s,34,59
f_0_24,00s,34,58
f_0_24,00s,34,57
f_0_24,00s,34,56
f_0_24,00s,34,55
f_0_24,00s,34,54
f_0_24,00s,34,53
f_0_24,00s,34,52
f_0_24,00s,35,58
f_0_24,00s,35,57
f_0_24,00s,35,56
f_0_24,00s,35,55
f_0_24,00s,35,54
f_0_24,00s,35,53
f_0_24,00s,35,52
f_0_24,00s,35,51
f_0_24,00s,36,57
f_0_24,00s,36,56
f_0_24,00s,36,55
f_0_24,00s,36,54
f_0_24,00s,36,53
f_0_24,00s,36,52
f_0_24,00s,36,51
f_0_24,00s,36,50
f_0_24,00s,37,56
f_0_24,00s,37,55
f_0_24,00s,37,54
f_0_24,00s,37,53
f_0_24,00s,37,52
f_0_24,00s,37,51
f_0_24,00s,37,50
f_0_24,00s,38,54
f_0_24,00s,38,53
f_0_24,00s,38,52
f_0_24,00s,38,51
f_0_24,00s,38,50
f_0_24,00s,39,53
f_0_24,00s,39,52
f_0_24,00s,39,51
f_0_24,00s,39,50
f_0_24,00s,40,51
f_0_24,00s,40,50
f_0_24,00s,41,50
f_12_24,long,10,89
f_12_24,long,10,88
f_12_24,long,11,89
f_12_24,long,11,88
f_12_24,long,11,87
f_12_24,long,11,86
f_12_24,long,11,85
f_12_24,long,12,88
f_12_24,long,12,87
f_12_24,long,12,86
f_12_24,long,12,85
f_12_24,long,12,84
f_12_24,long,12,83
f_12_24,long,13,88
f_12_24,long,13,87
f_12_24,long,13,86
f_12_24,long,13,85
f_12_24,long,13,84
f_12_24,long,13,83
f_12_24,long,13,82
f_12_24,long,14,87
f_12_24,long,14,86
f_12_24,long,14,85
f_12_24,long,14,84
f_12_24,long,14,83
f_12_24,long,14,82
f_12_24,long,14,81
f_12_24,long,14,80
f_12_24,long,15,86
f_12_24,long,15,85
f_12_24,long,15,84
f_12_24,long,15,83
f_12_24,long,15,82
f_12_24,long,15,81
f_12_24,long,15,80
f_12_24,long,15,79
f_12_24,long,15,78
f_12_24,long,16,85
f_12_24,long,16,84
f_12_24,long,16,83
f_12_24,long,16,82
f_12_24,long,16,81
f_12_24,long,16,80
f_12_24,long,16,79
f_12_24,long,16,78
f_12_24,long,16,77
f_12_24,long,17,84
f_12_24,long,17,83
f_12_24,long,17,82
f_12_24,long,17,81
f_12_24,long,17,80
f_12_24,long,17,79
f_12_24,long,17,78
f_12_24,long,17,77
f_12_24,long,17,76
f_12_24,long,17,75
f_12_24,long,18,83
f_12_24,long,18,82
f_12_24,long,18,81
f_12_24,long,18,80
f_12_24,long,18,79
f_12_24,long,18,78
f_12_24,long,18,77
f_12_24,long,18,76
f_12_24,long,18,75
f_12_24,long,18,74
f_12_24,long,18,73
f_12_24,long,19,82
f_12_24,long,19,81
f_12_24,long,19,80
f_12_24,long,19,79
f_12_24,long,19,78
f_12_24,long,19,77
f_12_24,long,19,76
f_12_24,long,19,75
f_12_24,long,19,74
f_12_24,long,19,73
f_12_24,long,19,72
f_12_24,long,19,71
f_12_24,long,20,81
f_12_24,long,20,80
f_12_24,long,20,79
f_12_24,long,20,78
f_12_24,long,20,77
f_12_24,long,20,76
f_12_24,long,20,75
f_12_24,long,20,74
f_12_24,long,20,73
f_12_24,long,20,72
f_12_24,long,20,71
f_12_24,long,20,70
f_12_24,long,21,80
f_12_24,long,21,79
f_12_24,long,21,78
f_12_24,long,21,77
f_12_24,long,21,76
f_12_24,long,21,75
f_12_24,long,21,74
f_12_24,long,21,73
f_12_24,long,21,72
f_12_24,long,21,71
f_12_24,long,21,70
f_12_24,long,21,69
f_12_24,long,21,68
f_12_24,long,22,79
f_12_24,long,22,78
f_12_24,long,22,77
f_12_24,long,22,76
f_12_24,long,22,75
f_12_24,long,22,74
f_12_24,long,22,73
f_12_24,long,22,72
f_12_24,long,22,71
f_12_24,long,22,70
f_12_24,long,22,69
f_12_24,long,22,68
f_12_24,long,22,67
f_12_24,long,23,78
f_12_24,long,23,77
f_12_24,long,23,76
f_12_24,long,23,75
f_12_24,long,23,74
f_12_24,long,23,73
f_12_24,long,23,72
f_12_24,long,23,71
f_12_24,long,23,70
f_12_24,long,23,69
f_12_24,long,23,68
f_12_24,long,23,67
f_12_24,long,23,66
f_12_24,long,24,77
f_12_24,long,24,76
f_12_24,long,24,75
f_12_24,long,24,74
f_12_24,long,24,73
f_12_24,long,24,72
f_12_24,long,24,71
f_12_24,long,24,70
f_12_24,long,24,69
f_12_24,long,24,68
f_12_24,long,24,67
f_12_24,long,24,66
f_12_24,long,24,65
f_12_24,long,24,64
f_12_24,long,25,76
f_12_24,long,25,75
f_12_24,long,25,74
f_12_24,long,25,73
f_12_24,long,25,72
f_12_24,long,25,71
f_12_24,long,25,70
f_12_24,long,25,68
f_12_24,long,25,67
f_12_24,long,25,66
f_12_24,long,25,65
f_12_24,long,25,64
f_12_24,long,25,63
f_12_24,long,26,75
f_12_24,long,26,74
f_12_24,long,26,73
f_12_24,long,26,72
f_12_24,long,26,71
f_12_24,long,26,70
f_12_24,long,26,69
f_12_24,long,26,68
f_12_24,long,26,67
f_12_24,long,26,66
f_12_24,long,26,65
f_12_24,long,26,64
f_12_24,long,26,63
f_12_24,long,26,62
f_12_24,long,26,61
f_12_24,long,27,74
f_12_24,long,27,73
f_12_24,long,27,72
f_12_24,long,27,71
f_12_24,long,27,70
f_12_24,long,27,69
f_12_24,long,27,68
f_12_24,long,27,67
f_12_24,long,27,66
f_12_24,long,27,65
f_12_24,long,27,64
f_12_24,long,27,63
f_12_24,long,27,62
f_12_24,long,27,61
f_12_24,long,27,60
f_12_24,long,28,73
f_12_24,long,28,72
f_12_24,long,28,71
f_12_24,long,28,70
f_12_24,long,28,69
f_12_24,long,28,68
f_12_24,long,28,67
f_12_24,long,28,66
f_12_24,long,28,65
f_12_24,long,28,64
f_12_24,long,28,63
f_12_24,long,28,62
f_12_24,long,28,61
f_12_24,long,28,60
f_12_24,long,28,59
f_12_24,long,29,72
f_12_24,long,29,71
f_12_24,long,29,70
f_12_24,long,29,69
f_12_24,long,29,68
f_12_24,long,29,67
f_12_24,long,29,66
f_12_24,long,29,65
f_12_24,long,29,64
f_12_24,long,29,63
f_12_24,long,29,62
f_12_24,long,29,61
f_12_24,long,29,60
f_12_24,long,29,59
f_12_24,long,29,58
f_12_24,long,29,57
f_12_24,long,30,71
f_12_24,long,30,70
f_12_24,long,30,69
f_12_24,long,30,68
f_12_24,long,30,67
f_12_24,long,30,66
f_12_24,long,30,65
f_12_24,long,30,64
f_12_24,long,30,63
f_12_24,long,30,62
f_12_24,long,30,61
f_12_24,long,30,60
f_12_24,long,30,59
f_12_24,long,30,58
f_12_24,long,30,57
f_12_24,long,30,56
f_12_24,long,31,70
f_12_24,long,31,69
f_12_24,long,31,68
f_12_24,long,31,67
f_12_24,long,31,66
f_12_24,long,31,65
f_12_24,long,31,64
f_12_24,long,31,63
f_12_24,long,31,62
f_12_24,long,31,61
f_12_24,long,31,60
f_12_24,long,31,59
f_12_24,long,31,58
f_12_24,long,31,57
f_12_24,long,31,56
f_12_24,long,32,69
f_12_24,long,32,68
f_12_24,long,32,67
f_12_24,long,32,66
f_12_24,long,32,65
f_12_24,long,32,64
f_12_24,long,32,63
f_12_24,long,32,62
f_12_24,long,32,61
f_12_24,long,32,60
f_12_24,long,32,59
f_12_24,long,32,58
f_12_24,long,32,57
f_12_24,long,32,56
f_12_24,long,32,55
f_12_24,long,33,68
f_12_24,long,33,67
f_12_24,long,33,66
f_12_24,long,33,65
f_12_24,long,33,64
f_12_24,long,33,63
f_12_24,long,33,62
f_12_24,long,33,61
f_12_24,long,33,60
f_12_24,long,33,59
f_12_24,long,33,58
f_12_24,long,33,57
f_12_24,long,33,56
f_12_24,long,33,55
f_12_24,long,33,54
f_12_24,long,34,67
f_12_24,long,34,66
f_12_24,long,34,65
f_12_24,long,34,64
f_12_24,long,34,63
f_12_24,long,34,62
f_12_24,long,34,61
f_12_24,long,34,60
f_12_24,long,34,59
f_12_24,long,34,58
f_12_24,long,34,57
f_12_24,long,34,56
f_12_24,long,34,55
f_12_24,long,34,54
f_12_24,long,34,53
f_12_24,long,34,52
f_12_24,long,35,66
f_12_24,long,35,65
f_12_24,long,35,64
f_12_24,long,35,63
f_12_24,long,35,62
f_12_24,long,35,61
f_12_24,long,35,60
f_12_24,long,35,59
f_12_24,long,35,58
f_12_24,long,35,57
f_12_24,long,35,56
f_12_24,long,35,55
f_12_24,long,35,54
f_12_24,long,35,53
f_12_24,long,35,52
f_12_24,long,35,51
f_12_24,long,36,65
f_12_24,long,36,64
f_12_24,long,36,63
f_12_24,long,36,62
f_12_24,long,36,61
f_12_24,long,36,60
f_12_24,long,36,59
f_12_24,long,36,58
f_12_24,long,36,57
f_12_24,long,36,56
f_12_24,long,36,55
f_12_24,long,36,54
f_12_24,long,36,53
f_12_24,long,36,52
f_12_24,long,36,51
f_12_24,long,36,50
f_12_24,long,37,64
f_12_24,long,37,63
f_12_24,long,37,62
f_12_24,long,37,61
f_12_24,long,37,60
f_12_24,long,37,59
f_12_24,long,37,58
f_12_24,long,37,57
f_12_24,long,37,56
f_12_24,long,37,55
f_12_24,long,37,54
f_12_24,long,37,53
f_12_24,long,37,52
f_12_24,long,37,51
f_12_24,long,37,50
f_12_24,long,38,63
f_12_24,long,38,62
f_12_24,long,38,61
f_12_24,long,38,60
f_12_24,long,38,59
f_12_24,long,38,58
f_12_24,long,38,57
f_12_24,long,38,56
f_12_24,long,38,55
f_12_24,long,38,54
f_12_24,long,38,53
f_12_24,long,38,52
f_12_24,long,38,51
f_12_24,long,38,50
f_12_24,long,39,62
f_12_24,long,39,61
f_12_24,long,39,60
f_12_24,long,39,59
f_12_24,long,39,58
f_12_24,long,39,57
f_12_24,long,39,56
f_12_24,long,39,55
f_12_24,long,39,54
f_12_24,long,39,53
f_12_24,long,39,52
f_12_24,long,39,51
f_12_24,long,39,50
f_12_24,long,40,61
f_12_24,long,40,60
f_12_24,long,40,59
f_12_24,long,40,58
f_12_24,long,40,57
f_12_24,long,40,56
f_12_24,long,40,55
f_12_24,long,40,54
f_12_24,long,40,53
f_12_24,long,40,52
f_12_24,long,40,51
f_12_24,long,40,50
f_12_24,long,41,60
f_12_24,long,41,59
f_12_24,long,41,58
f_12_24,long,41,57
f_12_24,long,41,56
f_12_24,long,41,55
f_12_24,long,41,54
f_12_24,long,41,53
f_12_24,long,41,52
f_12_24,long,41,51
f_12_24,long,41,50
f_12_24,long,42,59
f_12_24,long,42,58
f_12_24,long,42,57
f_12_24,long,42,56
f_12_24,long,42,55
f_12_24,long,42,54
f_12_24,long,42,53
f_12_24,long,42,52
f_12_24,long,42,51
f_12_24,long,42,50
f_12_24,long,43,59
f_12_24,long,43,58
f_12_24,long,43,57
f_12_24,long,43,56
f_12_24,long,43,55
f_12_24,long,43,54
f_12_24,long,43,53
f_12_24,long,43,52
f_12_24,long,43,51
f_12_24,long,43,50
f_12_24,long,44,58
f_12_24,long,44,57
f_12_24,long,44,56
f_12_24,long,44,55
f_12_24,long,44,54
f_12_24,long,44,53
f_12_24,long,44,52
f_12_24,long,44,51
f_12_24,long,44,50
f_12_24,long,45,57
f_12_24,long,45,56
f_12_24,long,45,55
f_12_24,long,45,54
f_12_24,long,45,53
f_12_24,long,45,52
f_12_24,long,45,51
f_12_24,long,45,50
f_12_24,long,46,55
f_12_24,long,46,54
f_12_24,long,46,53
f_12_24,long,46,52
f_12_24,long,46,51
f_12_24,long,46,50
f_12_24,long,47,54
f_12_24,long,47,53
f_12_24,long,47,52
f_12_24,long,47,51
f_12_24,long,47,50
f_12_24,long,48,53
f_12_24,long,48,52
f_12_24,long,48,51
f_12_24,long,48,50
f_12_24,long,49,52
f_12_24,long,49,51
f_12_24,long,49,50
f_12_24,long,50,50
f_12_24,80s,6,94
f_12_24,80s,6,93
f_12_24,80s,6,92
f_12_24,80s,6,91
f_12_24,80s,7,94
f_12_24,80s,7,93
f_12_24,80s,7,92
f_12_24,80s,7,91
f_12_24,80s,7,90
f_12_24,80s,7,89
f_12_24,80s,8,93
f_12_24,80s,8,92
f_12_24,80s,8,91
f_12_24,80s,8,90
f_12_24,80s,8,89
f_12_24,80s,8,88
f_12_24,80s,8,87
f_12_24,80s,9,93
f_12_24,80s,9,92
f_12_24,80s,9,91
f_12_24,80s,9,90
f_12_24,80s,9,89
f_12_24,80s,9,88
f_12_24,80s,9,87
f_12_24,80s,9,86
f_12_24,80s,9,85
f_12_24,80s,10,93
f_12_24,80s,10,92
f_12_24,80s,10,91
f_12_24,80s,10,90
f_12_24,80s,10,89
f_12_24,80s,10,88
f_12_24,80s,10,87
f_12_24,80s,10,86
f_12_24,80s,10,85
f_12_24,80s,10,84
f_12_24,80s,10,83
f_12_24,80s,11,92
f_12_24,80s,11,91
f_12_24,80s,11,90
f_12_24,80s,11,89
f_12_24,80s,11,88
f_12_24,80s,11,87
f_12_24,80s,11,86
f_12_24,80s,11,85
f_12_24,80s,11,84
f_12_24,80s,11,83
f_12_24,80s,11,82
f_12_24,80s,12,92
f_12_24,80s,12,91
f_12_24,80s,12,90
f_12_24,80s,12,89
f_12_24,80s,12,88
f_12_24,80s,12,87
f_12_24,80s,12,86
f_12_24,80s,12,85
f_12_24,80s,12,84
f_12_24,80s,12,83
f_12_24,80s,12,82
f_12_24,80s,12,81
f_12_24,80s,12,80
f_12_24,80s,13,91
f_12_24,80s,13,90
f_12_24,80s,13,89
f_12_24,80s,13,88
f_12_24,80s,13,87
f_12_24,80s,13,86
f_12_24,80s,13,85
f_12_24,80s,13,84
f_12_24,80s,13,83
f_12_24,80s,13,82
f_12_24,80s,13,81
f_12_24,80s,13,80
f_12_24,80s,13,79
f_12_24,80s,13,78
f_12_24,80s,14,90
f_12_24,80s,14,89
f_12_24,80s,14,88
f_12_24,80s,14,87
f_12_24,80s,14,86
f_12_24,80s,14,85
f_12_24,80s,14,84
f_12_24,80s,14,83
f_12_24,80s,14,82
f_12_24,80s,14,81
f_12_24,80s,14,80
f_12_24,80s,14,79
f_12_24,80s,14,78
f_12_24,80s,14,77
f_12_24,80s,15,90
f_12_24,80s,15,89
f_12_24,80s,15,88
f_12_24,80s,15,87
f_12_24,80s,15,86
f_12_24,80s,15,85
f_12_24,80s,15,84
f_12_24,80s,15,83
f_12_24,80s,15,82
f_12_24,80s,15,81
f_12_24,80s,15,80
f_12_24,80s,15,79
f_12_24,80s,15,78
f_12_24,80s,15,77
f_12_24,80s,15,76
f_12_24,80s,15,75
f_12_24,80s,16,89
f_12_24,80s,16,88
f_12_24,80s,16,87
f_12_24,80s,16,86
f_12_24,80s,16,85
f_12_24,80s,16,84
f_12_24,80s,16,83
f_12_24,80s,16,82
f_12_24,80s,16,81
f_12_24,80s,16,80
f_12_24,80s,16,79
f_12_24,80s,16,78
f_12_24,80s,16,77
f_12_24,80s,16,76
f_12_24,80s,16,75
f_12_24,80s,16,74
f_12_24,80s,16,73
f_12_24,80s,17,88
f_12_24,80s,17,87
f_12_24,80s,17,86
f_12_24,80s,17,85
f_12_24,80s,17,84
f_12_24,80s,17,83
f_12_24,80s,17,82
f_12_24,80s,17,81
f_12_24,80s,17,80
f_12_24,80s,17,79
f_12_24,80s,17,78
f_12_24,80s,17,77
f_12_24,80s,17,76
f_12_24,80s,17,75
f_12_24,80s,17,74
f_12_24,80s,17,73
f_12_24,80s,17,72
f_12_24,80s,18,88
f_12_24,80s,18,87
f_12_24,80s,18,86
f_12_24,80s,18,85
f_12_24,80s,18,84
f_12_24,80s,18,83
f_12_24,80s,18,82
f_12_24,80s,18,81
f_12_24,80s,18,80
f_12_24,80s,18,78
f_12_24,80s,18,77
f_12_24,80s,18,76
f_12_24,80s,18,75
f_12_24,80s,18,74
f_12_24,80s,18,73
f_12_24,80s,18,72
f_12_24,80s,18,71
f_12_24,80s,18,70
f_12_24,80s,19,87
f_12_24,80s,19,86
f_12_24,80s,19,85
f_12_24,80s,19,84
f_12_24,80s,19,83
f_12_24,80s,19,82
f_12_24,80s,19,81
f_12_24,80s,19,80
f_12_24,80s,19,79
f_12_24,80s,19,78
f_12_24,80s,19,77
f_12_24,80s,19,76
f_12_24,80s,19,75
f_12_24,80s,19,74
f_12_24,80s,19,73
f_12_24,80s,19,72
f_12_24,80s,19,71
f_12_24,80s,19,70
f_12_24,80s,19,69
f_12_24,80s,20,86
f_12_24,80s,20,85
f_12_24,80s,20,84
f_12_24,80s,20,83
f_12_24,80s,20,82
f_12_24,80s,20,81
f_12_24,80s,20,80
f_12_24,80s,20,79
f_12_24,80s,20,78
f_12_24,80s,20,77
f_12_24,80s,20,76
f_12_24,80s,20,75
f_12_24,80s,20,74
f_12_24,80s,20,73
f_12_24,80s,20,72
f_12_24,80s,20,71
f_12_24,80s,20,70
f_12_24,80s,20,69
f_12_24,80s,20,68
f_12_24,80s,21,85
f_12_24,80s,21,84
f_12_24,80s,21,83
f_12_24,80s,21,82
f_12_24,80s,21,81
f_12_24,80s,21,80
f_12_24,80s,21,79
f_12_24,80s,21,78
f_12_24,80s,21,77
f_12_24,80s,21,76
f_12_24,80s,21,75
f_12_24,80s,21,74
f_12_24,80s,21,73
f_12_24,80s,21,72
f_12_24,80s,21,71
f_12_24,80s,21,70
f_12_24,80s,21,69
f_12_24,80s,21,68
f_12_24,80s,21,67
f_12_24,80s,21,66
f_12_24,80s,22,84
f_12_24,80s,22,83
f_12_24,80s,22,82
f_12_24,80s,22,81
f_12_24,80s,22,80
f_12_24,80s,22,79
f_12_24,80s,22,78
f_12_24,80s,22,77
f_12_24,80s,22,76
f_12_24,80s,22,75
f_12_24,80s,22,74
f_12_24,80s,22,73
f_12_24,80s,22,72
f_12_24,80s,22,71
f_12_24,80s,22,70
f_12_24,80s,22,69
f_12_24,80s,22,68
f_12_24,80s,22,67
f_12_24,80s,22,66
f_12_24,80s,22,65
f_12_24,80s,23,83
f_12_24,80s,23,82
f_12_24,80s,23,81
f_12_24,80s,23,80
f_12_24,80s,23,79
f_12_24,80s,23,78
f_12_24,80s,23,77
f_12_24,80s,23,76
f_12_24,80s,23,75
f_12_24,80s,23,74
f_12_24,80s,23,73
f_12_24,80s,23,72
f_12_24,80s,23,71
f_12_24,80s,23,70
f_12_24,80s,23,69
f_12_24,80s,23,68
f_12_24,80s,23,67
f_12_24,80s,23,66
f_12_24,80s,23,65
f_12_24,80s,23,64
f_12_24,80s,24,82
f_12_24,80s,24,81
f_12_24,80s,24,80
f_12_24,80s,24,79
f_12_24,80s,24,78
f_12_24,80s,24,77
f_12_24,80s,24,76
f_12_24,80s,24,75
f_12_24,80s,24,74
f_12_24,80s,24,73
f_12_24,80s,24,72
f_12_24,80s,24,71
f_12_24,80s,24,70
f_12_24,80s,24,69
f_12_24,80s,24,68
f_12_24,80s,24,67
f_12_24,80s,24,66
f_12_24,80s,24,65
f_12_24,80s,24,64
f_12_24,80s,24,63
f_12_24,80s,24,62
f_12_24,80s,25,81
f_12_24,80s,25,80
f_12_24,80s,25,79
f_12_24,80s,25,78
f_12_24,80s,25,77
f_12_24,80s,25,76
f_12_24,80s,25,75
f_12_24,80s,25,74
f_12_24,80s,25,73
f_12_24,80s,25,72
f_12_24,80s,25,71
f_12_24,80s,25,70
f_12_24,80s,25,69
f_12_24,80s,25,68
f_12_24,80s,25,67
f_12_24,80s,25,66
f_12_24,80s,25,65
f_12_24,80s,25,64
f_12_24,80s,25,63
f_12_24,80s,25,62
f_12_24,80s,25,61
f_12_24,80s,26,80
f_12_24,80s,26,79
f_12_24,80s,26,78
f_12_24,80s,26,77
f_12_24,80s,26,76
f_12_24,80s,26,75
f_12_24,80s,26,74
f_12_24,80s,26,73
f_12_24,80s,26,72
f_12_24,80s,26,71
f_12_24,80s,26,70
f_12_24,80s,26,69
f_12_24,80s,26,68
f_12_24,80s,26,67
f_12_24,80s,26,66
f_12_24,80s,26,65
f_12_24,80s,26,64
f_12_24,80s,26,63
f_12_24,80s,26,62
f_12_24,80s,26,61
f_12_24,80s,26,60
f_12_24,80s,27,79
f_12_24,80s,27,78
f_12_24,80s,27,77
f_12_24,80s,27,76
f_12_24,80s,27,75
f_12_24,80s,27,74
f_12_24,80s,27,73
f_12_24,80s,27,72
f_12_24,80s,27,71
f_12_24,80s,27,70
f_12_24,80s,27,69
f_12_24,80s,27,68
f_12_24,80s,27,67
f_12_24,80s,27,66
f_12_24,80s,27,65
f_12_24,80s,27,64
f_12_24,80s,27,63
f_12_24,80s,27,62
f_12_24,80s,27,61
f_12_24,80s,27,60
f_12_24,80s,27,59
f_12_24,80s,27,58
f_12_24,80s,28,79
f_12_24,80s,28,78
f_12_24,80s,28,77
f_12_24,80s,28,76
f_12_24,80s,28,75
f_12_24,80s,28,74
f_12_24,80s,28,73
f_12_24,80s,28,72
f_12_24,80s,28,71
f_12_24,80s,28,70
f_12_24,80s,28,69
f_12_24,80s,28,68
f_12_24,80s,28,67
f_12_24,80s,28,66
f_12_24,80s,28,65
f_12_24,80s,28,64
f_12_24,80s,28,63
f_12_24,80s,28,62
f_12_24,80s,28,61
f_12_24,80s,28,60
f_12_24,80s,28,59
f_12_24,80s,28,58
f_12_24,80s,28,57
f_12_24,80s,29,77
f_12_24,80s,29,76
f_12_24,80s,29,75
f_12_24,80s,29,74
f_12_24,80s,29,73
f_12_24,80s,29,72
f_12_24,80s,29,71
f_12_24,80s,29,70
f_12_24,80s,29,69
f_12_24,80s,29,68
f_12_24,80s,29,67
f_12_24,80s,29,66
f_12_24,80s,29,65
f_12_24,80s,29,64
f_12_24,80s,29,63
f_12_24,80s,29,62
f_12_24,80s,29,61
f_12_24,80s,29,60
f_12_24,80s,29,59
f_12_24,80s,29,58
f_12_24,80s,29,57
f_12_24,80s,29,56
f_12_24,80s,30,77
f_12_24,80s,30,76
f_12_24,80s,30,75
f_12_24,80s,30,74
f_12_24,80s,30,73
f_12_24,80s,30,72
f_12_24,80s,30,71
f_12_24,80s,30,70
f_12_24,80s,30,69
f_12_24,80s,30,68
f_12_24,80s,30,67
f_12_24,80s,30,66
f_12_24,80s,30,65
f_12_24,80s,30,64
f_12_24,80s,30,63
f_12_24,80s,30,62
f_12_24,80s,30,61
f_12_24,80s,30,60
f_12_24,80s,30,59
f_12_24,80s,30,58
f_12_24,80s,30,57
f_12_24,80s,30,56
f_12_24,80s,30,55
f_12_24,80s,31,76
f_12_24,80s,31,75
f_12_24,80s,31,74
f_12_24,80s,31,73
f_12_24,80s,31,72
f_12_24,80s,31,71
f_12_24,80s,31,70
f_12_24,80s,31,69
f_12_24,80s,31,68
f_12_24,80s,31,67
f_12_24,80s,31,66
f_12_24,80s,31,65
f_12_24,80s,31,64
f_12_24,80s,31,63
f_12_24,80s,31,62
f_12_24,80s,31,61
f_12_24,80s,31,60
f_12_24,80s,31,59
f_12_24,80s,31,58
f_12_24,80s,31,57
f_12_24,80s,31,56
f_12_24,80s,31,55
f_12_24,80s,31,54
f_12_24,80s,32,75
f_12_24,80s,32,74
f_12_24,80s,32,73
f_12_24,80s,32,72
f_12_24,80s,32,71
f_12_24,80s,32,70
f_12_24,80s,32,69
f_12_24,80s,32,68
f_12_24,80s,32,67
f_12_24,80s,32,66
f_12_24,80s,32,65
f_12_24,80s,32,64
f_12_24,80s,32,63
f_12_24,80s,32,62
f_12_24,80s,32,61
f_12_24,80s,32,60
f_12_24,80s,32,59
f_12_24,80s,32,58
f_12_24,80s,32,57
f_12_24,80s,32,56
f_12_24,80s,32,55
f_12_24,80s,32,54
f_12_24,80s,32,53
f_12_24,80s,33,74
f_12_24,80s,33,73
f_12_24,80s,33,72
f_12_24,80s,33,71
f_12_24,80s,33,70
f_12_24,80s,33,69
f_12_24,80s,33,68
f_12_24,80s,33,67
f_12_24,80s,33,66
f_12_24,80s,33,65
f_12_24,80s,33,64
f_12_24,80s,33,63
f_12_24,80s,33,62
f_12_24,80s,33,61
f_12_24,80s,33,60
f_12_24,80s,33,59
f_12_24,80s,33,58
f_12_24,80s,33,57
f_12_24,80s,33,56
f_12_24,80s,33,55
f_12_24,80s,33,54
f_12_24,80s,33,53
f_12_24,80s,33,52
f_12_24,80s,34,73
f_12_24,80s,34,72
f_12_24,80s,34,71
f_12_24,80s,34,70
f_12_24,80s,34,69
f_12_24,80s,34,68
f_12_24,80s,34,67
f_12_24,80s,34,66
f_12_24,80s,34,65
f_12_24,80s,34,64
f_12_24,80s,34,63
f_12_24,80s,34,62
f_12_24,80s,34,61
f_12_24,80s,34,60
f_12_24,80s,34,59
f_12_24,80s,34,58
f_12_24,80s,34,57
f_12_24,80s,34,56
f_12_24,80s,34,55
f_12_24,80s,34,54
f_12_24,80s,34,53
f_12_24,80s,34,52
f_12_24,80s,34,51
f_12_24,80s,35,72
f_12_24,80s,35,71
f_12_24,80s,35,70
f_12_24,80s,35,69
f_12_24,80s,35,68
f_12_24,80s,35,67
f_12_24,80s,35,66
f_12_24,80s,35,65
f_12_24,80s,35,64
f_12_24,80s,35,63
f_12_24,80s,35,62
f_12_24,80s,35,61
f_12_24,80s,35,60
f_12_24,80s,35,59
f_12_24,80s,35,58
f_12_24,80s,35,57
f_12_24,80s,35,56
f_12_24,80s,35,55
f_12_24,80s,35,54
f_12_24,80s,35,53
f_12_24,80s,35,52
f_12_24,80s,35,51
f_12_24,80s,35,50
f_12_24,80s,36,72
f_12_24,80s,36,71
f_12_24,80s,36,70
f_12_24,80s,36,69
f_12_24,80s,36,68
f_12_24,80s,36,67
f_12_24,80s,36,66
f_12_24,80s,36,65
f_12_24,80s,36,64
f_12_24,80s,36,63
f_12_24,80s,36,62
f_12_24,80s,36,61
f_12_24,80s,36,60
f_12_24,80s,36,59
f_12_24,80s,36,58
f_12_24,80s,36,57
f_12_24,80s,36,56
f_12_24,80s,36,55
f_12_24,80s,36,54
f_12_24,80s,36,53
f_12_24,80s,36,52
f_12_24,80s,36,51
f_12_24,80s,36,50
f_12_24,80s,37,71
f_12_24,80s,37,70
f_12_24,80s,37,69
f_12_24,80s,37,68
f_12_24,80s,37,67
f_12_24,80s,37,66
f_12_24,80s,37,65
f_12_24,80s,37,64
f_12_24,80s,37,63
f_12_24,80s,37,62
f_12_24,80s,37,61
f_12_24,80s,37,60
f_12_24,80s,37,59
f_12_24,80s,37,58
f_12_24,80s,37,57
f_12_24,80s,37,56
f_12_24,80s,37,55
f_12_24,80s,37,54
f_12_24,80s,37,53
f_12_24,80s,37,52
f_12_24,80s,37,51
f_12_24,80s,37,50
f_12_24,80s,38,70
f_12_24,80s,38,69
f_12_24,80s,38,68
f_12_24,80s,38,67
f_12_24,80s,38,66
f_12_24,80s,38,65
f_12_24,80s,38,64
f_12_24,80s,38,63
f_12_24,80s,38,62
f_12_24,80s,38,61
f_12_24,80s,38,60
f_12_24,80s,38,59
f_12_24,80s,38,58
f_12_24,80s,38,57
f_12_24,80s,38,56
f_12_24,80s,38,55
f_12_24,80s,38,54
f_12_24,80s,38,53
f_12_24,80s,38,52
f_12_24,80s,38,51
f_12_24,80s,38,50
f_12_24,80s,39,69
f_12_24,80s,39,68
f_12_24,80s,39,67
f_12_24,80s,39,66
f_12_24,80s,39,65
f_12_24,80s,39,64
f_12_24,80s,39,63
f_12_24,80s,39,62
f_12_24,80s,39,61
f_12_24,80s,39,60
f_12_24,80s,39,59
f_12_24,80s,39,58
f_12_24,80s,39,57
f_12_24,80s,39,56
f_12_24,80s,39,55
f_12_24,80s,39,54
f_12_24,80s,39,53
f_12_24,80s,39,52
f_12_24,80s,39,51
f_12_24,80s,39,50
f_12_24,80s,40,68
f_12_24,80s,40,67
f_12_24,80s,40,66
f_12_24,80s,40,65
f_12_24,80s,40,64
f_12_24,80s,40,63
f_12_24,80s,40,62
f_12_24,80s,40,61
f_12_24,80s,40,60
f_12_24,80s,40,59
f_12_24,80s,40,58
f_12_24,80s,40,57
f_12_24,80s,40,56
f_12_24,80s,40,55
f_12_24,80s,40,54
f_12_24,80s,40,53
f_12_24,80s,40,52
f_12_24,80s,40,51
f_12_24,80s,40,50
f_12_24,80s,41,67
f_12_24,80s,41,66
f_12_24,80s,41,65
f_12_24,80s,41,64
f_12_24,80s,41,63
f_12_24,80s,41,62
f_12_24,80s,41,61
f_12_24,80s,41,60
f_12_24,80s,41,59
f_12_24,80s,41,58
f_12_24,80s,41,57
f_12_24,80s,41,56
f_12_24,80s,41,55
f_12_24,80s,41,54
f_12_24,80s,41,53
f_12_24,80s,41,52
f_12_24,80s,41,51
f_12_24,80s,41,50
f_12_24,80s,42,66
f_12_24,80s,42,65
f_12_24,80s,42,64
f_12_24,80s,42,63
f_12_24,80s,42,62
f_12_24,80s,42,61
f_12_24,80s,42,60
f_12_24,80s,42,59
f_12_24,80s,42,58
f_12_24,80s,42,57
f_12_24,80s,42,56
f_12_24,80s,42,55
f_12_24,80s,42,54
f_12_24,80s,42,53
f_12_24,80s,42,52
f_12_24,80s,42,51
f_12_24,80s,42,50
f_12_24,80s,43,65
f_12_24,80s,43,64
f_12_24,80s,43,63
f_12_24,80s,43,62
f_12_24,80s,43,61
f_12_24,80s,43,60
f_12_24,80s,43,59
f_12_24,80s,43,58
f_12_24,80s,43,57
f_12_24,80s,43,56
f_12_24,80s,43,55
f_12_24,80s,43,54
f_12_24,80s,43,53
f_12_24,80s,43,52
f_12_24,80s,43,51
f_12_24,80s,43,50
f_12_24,80s,44,64
f_12_24,80s,44,63
f_12_24,80s,44,62
f_12_24,80s,44,61
f_12_24,80s,44,60
f_12_24,80s,44,59
f_12_24,80s,44,58
f_12_24,80s,44,57
f_12_24,80s,44,56
f_12_24,80s,44,55
f_12_24,80s,44,54
f_12_24,80s,44,53
f_12_24,80s,44,52
f_12_24,80s,44,51
f_12_24,80s,44,50
f_12_24,80s,45,63
f_12_24,80s,45,62
f_12_24,80s,45,61
f_12_24,80s,45,60
f_12_24,80s,45,59
f_12_24,80s,45,58
f_12_24,80s,45,57
f_12_24,80s,45,56
f_12_24,80s,45,55
f_12_24,80s,45,54
f_12_24,80s,45,53
f_12_24,80s,45,52
f_12_24,80s,45,51
f_12_24,80s,45,50
f_12_24,80s,46,62
f_12_24,80s,46,61
f_12_24,80s,46,60
f_12_24,80s,46,59
f_12_24,80s,46,58
f_12_24,80s,46,57
f_12_24,80s,46,56
f_12_24,80s,46,55
f_12_24,80s,46,54
f_12_24,80s,46,53
f_12_24,80s,46,52
f_12_24,80s,46,51
f_12_24,80s,46,50
f_12_24,80s,47,61
f_12_24,80s,47,60
f_12_24,80s,47,59
f_12_24,80s,47,58
f_12_24,80s,47,57
f_12_24,80s,47,56
f_12_24,80s,47,55
f_12_24,80s,47,54
f_12_24,80s,47,53
f_12_24,80s,47,52
f_12_24,80s,47,51
f_12_24,80s,47,50
f_12_24,80s,48,60
f_12_24,80s,48,59
f_12_24,80s,48,58
f_12_24,80s,48,57
f_12_24,80s,48,56
f_12_24,80s,48,55
f_12_24,80s,48,54
f_12_24,80s,48,53
f_12_24,80s,48,52
f_12_24,80s,48,51
f_12_24,80s,48,50
f_12_24,80s,49,59
f_12_24,80s,49,58
f_12_24,80s,49,57
f_12_24,80s,49,56
f_12_24,80s,49,55
f_12_24,80s,49,54
f_12_24,80s,49,53
f_12_24,80s,49,52
f_12_24,80s,49,51
f_12_24,80s,49,50
f_12_24,80s,50,58
f_12_24,80s,50,57
f_12_24,80s,50,56
f_12_24,80s,50,55
f_12_24,80s,50,54
f_12_24,80s,50,53
f_12_24,80s,50,52
f_12_24,80s,50,51
f_12_24,80s,50,50
f_12_24,00s,12,89
f_12_24,00s,12,88
f_12_24,00s,12,87
f_12_24,00s,12,86
f_12_24,00s,12,85
f_12_24,00s,13,89
f_12_24,00s,13,88
f_12_24,00s,13,87
f_12_24,00s,13,86
f_12_24,00s,13,85
f_12_24,00s,13,84
f_12_24,00s,13,83
f_12_24,00s,13,82
f_12_24,00s,13,81
f_12_24,00s,14,88
f_12_24,00s,14,87
f_12_24,00s,14,86
f_12_24,00s,14,85
f_12_24,00s,14,84
f_12_24,00s,14,83
f_12_24,00s,14,82
f_12_24,00s,14,81
f_12_24,00s,14,80
f_12_24,00s,14,79
f_12_24,00s,15,88
f_12_24,00s,15,87
f_12_24,00s,15,86
f_12_24,00s,15,85
f_12_24,00s,15,84
f_12_24,00s,15,83
f_12_24,00s,15,82
f_12_24,00s,15,81
f_12_24,00s,15,80
f_12_24,00s,15,79
f_12_24,00s,15,78
f_12_24,00s,15,77
f_12_24,00s,16,87
f_12_24,00s,16,86
f_12_24,00s,16,85
f_12_24,00s,16,84
f_12_24,00s,16,83
f_12_24,00s,16,82
f_12_24,00s,16,81
f_12_24,00s,16,80
f_12_24,00s,16,79
f_12_24,00s,16,78
f_12_24,00s,16,77
f_12_24,00s,16,76
f_12_24,00s,16,75
f_12_24,00s,17,86
f_12_24,00s,17,85
f_12_24,00s,17,84
f_12_24,00s,17,83
f_12_24,00s,17,82
f_12_24,00s,17,81
f_12_24,00s,17,80
f_12_24,00s,17,79
f_12_24,00s,17,78
f_12_24,00s,17,77
f_12_24,00s,17,76
f_12_24,00s,17,75
f_12_24,00s,17,74
f_12_24,00s,17,73
f_12_24,00s,18,86
f_12_24,00s,18,85
f_12_24,00s,18,84
f_12_24,00s,18,83
f_12_24,00s,18,82
f_12_24,00s,18,81
f_12_24,00s,18,80
f_12_24,00s,18,79
f_12_24,00s,18,78
f_12_24,00s,18,77
f_12_24,00s,18,76
f_12_24,00s,18,75
f_12_24,00s,18,74
f_12_24,00s,18,73
f_12_24,00s,18,72
f_12_24,00s,18,71
f_12_24,00s,19,85
f_12_24,00s,19,84
f_12_24,00s,19,83
f_12_24,00s,19,82
f_12_24,00s,19,81
f_12_24,00s,19,80
f_12_24,00s,19,79
f_12_24,00s,19,78
f_12_24,00s,19,77
f_12_24,00s,19,76
f_12_24,00s,19,75
f_12_24,00s,19,74
f_12_24,00s,19,73
f_12_24,00s,19,72
f_12_24,00s,19,71
f_12_24,00s,19,70
f_12_24,00s,20,84
f_12_24,00s,20,83
f_12_24,00s,20,82
f_12_24,00s,20,81
f_12_24,00s,20,80
f_12_24,00s,20,79
f_12_24,00s,20,78
f_12_24,00s,20,77
f_12_24,00s,20,76
f_12_24,00s,20,75
f_12_24,00s,20,74
f_12_24,00s,20,73
f_12_24,00s,20,72
f_12_24,00s,20,71
f_12_24,00s,20,70
f_12_24,00s,20,69
f_12_24,00s,20,68
f_12_24,00s,21,83
f_12_24,00s,21,82
f_12_24,00s,21,81
f_12_24,00s,21,80
f_12_24,00s,21,79
f_12_24,00s,21,78
f_12_24,00s,21,77
f_12_24,00s,21,76
f_12_24,00s,21,75
f_12_24,00s,21,74
f_12_24,00s,21,73
f_12_24,00s,21,72
f_12_24,00s,21,71
f_12_24,00s,21,70
f_12_24,00s,21,69
f_12_24,00s,21,68
f_12_24,00s,21,67
f_12_24,00s,22,82
f_12_24,00s,22,81
f_12_24,00s,22,80
f_12_24,00s,22,79
f_12_24,00s,22,78
f_12_24,00s,22,77
f_12_24,00s,22,76
f_12_24,00s,22,75
f_12_24,00s,22,74
f_12_24,00s,22,73
f_12_24,00s,22,72
f_12_24,00s,22,71
f_12_24,00s,22,70
f_12_24,00s,22,69
f_12_24,00s,22,68
f_12_24,00s,22,67
f_12_24,00s,22,66
f_12_24,00s,22,65
f_12_24,00s,23,82
f_12_24,00s,23,81
f_12_24,00s,23,80
f_12_24,00s,23,79
f_12_24,00s,23,78
f_12_24,00s,23,77
f_12_24,00s,23,76
f_12_24,00s,23,75
f_12_24,00s,23,74
f_12_24,00s,23,73
f_12_24,00s,23,71
f_12_24,00s,23,70
f_12_24,00s,23,69
f_12_24,00s,23,68
f_12_24,00s,23,67
f_12_24,00s,23,66
f_12_24,00s,23,65
f_12_24,00s,23,64
f_12_24,00s,23,63
f_12_24,00s,24,81
f_12_24,00s,24,80
f_12_24,00s,24,79
f_12_24,00s,24,78
f_12_24,00s,24,77
f_12_24,00s,24,76
f_12_24,00s,24,75
f_12_24,00s,24,74
f_12_24,00s,24,73
f_12_24,00s,24,72
f_12_24,00s,24,71
f_12_24,00s,24,70
f_12_24,00s,24,69
f_12_24,00s,24,68
f_12_24,00s,24,67
f_12_24,00s,24,66
f_12_24,00s,24,65
f_12_24,00s,24,64
f_12_24,00s,24,63
f_12_24,00s,24,62
f_12_24,00s,24,61
f_12_24,00s,25,80
f_12_24,00s,25,79
f_12_24,00s,25,78
f_12_24,00s,25,77
f_12_24,00s,25,76
f_12_24,00s,25,75
f_12_24,00s,25,74
f_12_24,00s,25,73
f_12_24,00s,25,72
f_12_24,00s,25,71
f_12_24,00s,25,70
f_12_24,00s,25,69
f_12_24,00s,25,68
f_12_24,00s,25,67
f_12_24,00s,25,66
f_12_24,00s,25,65
f_12_24,00s,25,64
f_12_24,00s,25,63
f_12_24,00s,25,62
f_12_24,00s,25,61
f_12_24,00s,25,60
f_12_24,00s,26,79
f_12_24,00s,26,78
f_12_24,00s,26,77
f_12_24,00s,26,76
f_12_24,00s,26,75
f_12_24,00s,26,74
f_12_24,00s,26,73
f_12_24,00s,26,72
f_12_24,00s,26,71
f_12_24,00s,26,70
f_12_24,00s,26,69
f_12_24,00s,26,68
f_12_24,00s,26,67
f_12_24,00s,26,66
f_12_24,00s,26,65
f_12_24,00s,26,64
f_12_24,00s,26,63
f_12_24,00s,26,62
f_12_24,00s,26,61
f_12_24,00s,26,60
f_12_24,00s,26,59
f_12_24,00s,26,58
f_12_24,00s,27,78
f_12_24,00s,27,77
f_12_24,00s,27,76
f_12_24,00s,27,75
f_12_24,00s,27,74
f_12_24,00s,27,73
f_12_24,00s,27,72
f_12_24,00s,27,71
f_12_24,00s,27,70
f_12_24,00s,27,69
f_12_24,00s,27,68
f_12_24,00s,27,67
f_12_24,00s,27,66
f_12_24,00s,27,65
f_12_24,00s,27,64
f_12_24,00s,27,63
f_12_24,00s,27,62
f_12_24,00s,27,61
f_12_24,00s,27,60
f_12_24,00s,27,59
f_12_24,00s,27,58
f_12_24,00s,27,57
f_12_24,00s,28,77
f_12_24,00s,28,76
f_12_24,00s,28,75
f_12_24,00s,28,74
f_12_24,00s,28,73
f_12_24,00s,28,72
f_12_24,00s,28,71
f_12_24,00s,28,70
f_12_24,00s,28,69
f_12_24,00s,28,68
f_12_24,00s,28,67
f_12_24,00s,28,66
f_12_24,00s,28,65
f_12_24,00s,28,64
f_12_24,00s,28,63
f_12_24,00s,28,62
f_12_24,00s,28,61
f_12_24,00s,28,60
f_12_24,00s,28,59
f_12_24,00s,28,58
f_12_24,00s,28,57
f_12_24,00s,28,56
f_12_24,00s,29,75
f_12_24,00s,29,74
f_12_24,00s,29,73
f_12_24,00s,29,72
f_12_24,00s,29,71
f_12_24,00s,29,70
f_12_24,00s,29,69
f_12_24,00s,29,68
f_12_24,00s,29,67
f_12_24,00s,29,66
f_12_24,00s,29,65
f_12_24,00s,29,64
f_12_24,00s,29,63
f_12_24,00s,29,62
f_12_24,00s,29,61
f_12_24,00s,29,60
f_12_24,00s,29,59
f_12_24,00s,29,58
f_12_24,00s,29,57
f_12_24,00s,29,56
f_12_24,00s,29,55
f_12_24,00s,30,74
f_12_24,00s,30,73
f_12_24,00s,30,72
f_12_24,00s,30,71
f_12_24,00s,30,70
f_12_24,00s,30,69
f_12_24,00s,30,68
f_12_24,00s,30,67
f_12_24,00s,30,66
f_12_24,00s,30,65
f_12_24,00s,30,64
f_12_24,00s,30,63
f_12_24,00s,30,62
f_12_24,00s,30,61
f_12_24,00s,30,60
f_12_24,00s,30,59
f_12_24,00s,30,58
f_12_24,00s,30,57
f_12_24,00s,30,56
f_12_24,00s,30,55
f_12_24,00s,30,54
f_12_24,00s,30,53
f_12_24,00s,31,73
f_12_24,00s,31,72
f_12_24,00s,31,71
f_12_24,00s,31,70
f_12_24,00s,31,69
f_12_24,00s,31,68
f_12_24,00s,31,67
f_12_24,00s,31,66
f_12_24,00s,31,65
f_12_24,00s,31,64
f_12_24,00s,31,63
f_12_24,00s,31,62
f_12_24,00s,31,61
f_12_24,00s,31,60
f_12_24,00s,31,59
f_12_24,00s,31,58
f_12_24,00s,31,57
f_12_24,00s,31,56
f_12_24,00s,31,55
f_12_24,00s,31,54
f_12_24,00s,31,53
f_12_24,00s,31,52
f_12_24,00s,32,72
f_12_24,00s,32,71
f_12_24,00s,32,70
f_12_24,00s,32,69
f_12_24,00s,32,68
f_12_24,00s,32,67
f_12_24,00s,32,66
f_12_24,00s,32,65
f_12_24,00s,32,64
f_12_24,00s,32,63
f_12_24,00s,32,62
f_12_24,00s,32,61
f_12_24,00s,32,60
f_12_24,00s,32,59
f_12_24,00s,32,58
f_12_24,00s,32,57
f_12_24,00s,32,56
f_12_24,00s,32,55
f_12_24,00s,32,54
f_12_24,00s,32,53
f_12_24,00s,32,52
f_12_24,00s,32,51
f_12_24,00s,33,71
f_12_24,00s,33,70
f_12_24,00s,33,69
f_12_24,00s,33,68
f_12_24,00s,33,67
f_12_24,00s,33,66
f_12_24,00s,33,65
f_12_24,00s,33,64
f_12_24,00s,33,63
f_12_24,00s,33,62
f_12_24,00s,33,61
f_12_24,00s,33,60
f_12_24,00s,33,59
f_12_24,00s,33,58
f_12_24,00s,33,57
f_12_24,00s,33,56
f_12_24,00s,33,55
f_12_24,00s,33,54
f_12_24,00s,33,53
f_12_24,00s,33,52
f_12_24,00s,33,51
f_12_24,00s,33,50
f_12_24,00s,34,69
f_12_24,00s,34,68
f_12_24,00s,34,67
f_12_24,00s,34,66
f_12_24,00s,34,65
f_12_24,00s,34,64
f_12_24,00s,34,63
f_12_24,00s,34,62
f_12_24,00s,34,61
f_12_24,00s,34,60
f_12_24,00s,34,59
f_12_24,00s,34,58
f_12_24,00s,34,57
f_12_24,00s,34,56
f_12_24,00s,34,55
f_12_24,00s,34,54
f_12_24,00s,34,53
f_12_24,00s,34,52
f_12_24,00s,34,51
f_12_24,00s,34,50
f_12_24,00s,35,68
f_12_24,00s,35,67
f_12_24,00s,35,66
f_12_24,00s,35,65
f_12_24,00s,35,64
f_12_24,00s,35,63
f_12_24,00s,35,62
f_12_24,00s,35,61
f_12_24,00s,35,60
f_12_24,00s,35,59
f_12_24,00s,35,58
f_12_24,00s,35,57
f_12_24,00s,35,56
f_12_24,00s,35,55
f_12_24,00s,35,54
f_12_24,00s,35,53
f_12_24,00s,35,52
f_12_24,00s,35,51
f_12_24,00s,35,50
f_12_24,00s,36,67
f_12_24,00s,36,66
f_12_24,00s,36,65
f_12_24,00s,36,64
f_12_24,00s,36,63
f_12_24,00s,36,62
f_12_24,00s,36,61
f_12_24,00s,36,60
f_12_24,00s,36,59
f_12_24,00s,36,58
f_12_24,00s,36,57
f_12_24,00s,36,56
f_12_24,00s,36,55
f_12_24,00s,36,54
f_12_24,00s,36,53
f_12_24,00s,36,52
f_12_24,00s,36,51
f_12_24,00s,36,50
f_12_24,00s,37,66
f_12_24,00s,37,65
f_12_24,00s,37,64
f_12_24,00s,37,63
f_12_24,00s,37,62
f_12_24,00s,37,61
f_12_24,00s,37,60
f_12_24,00s,37,59
f_12_24,00s,37,58
f_12_24,00s,37,57
f_12_24,00s,37,56
f_12_24,00s,37,55
f_12_24,00s,37,54
f_12_24,00s,37,53
f_12_24,00s,37,52
f_12_24,00s,37,51
f_12_24,00s,37,50
f_12_24,00s,38,64
f_12_24,00s,38,63
f_12_24,00s,38,62
f_12_24,00s,38,61
f_12_24,00s,38,60
f_12_24,00s,38,59
f_12_24,00s,38,58
f_12_24,00s,38,57
f_12_24,00s,38,56
f_12_24,00s,38,55
f_12_24,00s,38,54
f_12_24,00s,38,53
f_12_24,00s,38,52
f_12_24,00s,38,51
f_12_24,00s,38,50
f_12_24,00s,39,63
f_12_24,00s,39,62
f_12_24,00s,39,61
f_12_24,00s,39,60
f_12_24,00s,39,59
f_12_24,00s,39,58
f_12_24,00s,39,57
f_12_24,00s,39,56
f_12_24,00s,39,55
f_12_24,00s,39,54
f_12_24,00s,39,53
f_12_24,00s,39,52
f_12_24,00s,39,51
f_12_24,00s,39,50
f_12_24,00s,40,62
f_12_24,00s,40,61
f_12_24,00s,40,60
f_12_24,00s,40,59
f_12_24,00s,40,58
f_12_24,00s,40,57
f_12_24,00s,40,56
f_12_24,00s,40,55
f_12_24,00s,40,54
f_12_24,00s,40,53
f_12_24,00s,40,52
f_12_24,00s,40,51
f_12_24,00s,40,50
f_12_24,00s,41,61
f_12_24,00s,41,60
f_12_24,00s,41,59
f_12_24,00s,41,58
f_12_24,00s,41,57
f_12_24,00s,41,56
f_12_24,00s,41,55
f_12_24,00s,41,54
f_12_24,00s,41,53
f_12_24,00s,41,52
f_12_24,00s,41,51
f_12_24,00s,41,50
f_12_24,00s,42,60
f_12_24,00s,42,59
f_12_24,00s,42,58
f_12_24,00s,42,57
f_12_24,00s,42,56
f_12_24,00s,42,55
f_12_24,00s,42,54
f_12_24,00s,42,53
f_12_24,00s,42,52
f_12_24,00s,42,51
f_12_24,00s,42,50
f_12_24,00s,43,59
f_12_24,00s,43,58
f_12_24,00s,43,57
f_12_24,00s,43,56
f_12_24,00s,43,55
f_12_24,00s,43,54
f_12_24,00s,43,53
f_12_24,00s,43,52
f_12_24,00s,43,51
f_12_24,00s,43,50
f_12_24,00s,44,58
f_12_24,00s,44,57
f_12_24,00s,44,56
f_12_24,00s,44,55
f_12_24,00s,44,54
f_12_24,00s,44,53
f_12_24,00s,44,52
f_12_24,00s,44,51
f_12_24,00s,44,50
f_12_24,00s,45,56
f_12_24,00s,45,55
f_12_24,00s,45,54
f_12_24,00s,45,53
f_12_24,00s,45,52
f_12_24,00s,45,51
f_12_24,00s,45,50
f_12_24,00s,46,54
f_12_24,00s,46,53
f_12_24,00s,46,52
f_12_24,00s,46,51
f_12_24,00s,46,50
f_12_24,00s,47,53
f_12_24,00s,47,52
f_12_24,00s,47,51
f_12_24,00s,47,50
f_12_24,00s,48,51
f_12_24,00s,48,50
f_12_24,00s,49,50
f_12_24,00s,50,50
b_2_39,long,7,93
b_2_39,long,7,92
b_2_39,long,8,93
b_2_39,long,8,92
b_2_39,long,8,91
b_2_39,long,9,92
b_2_39,long,9,91
b_2_39,long,9,90
b_2_39,long,10,91
b_2_39,long,10,90
b_2_39,long,10,89
b_2_39,long,11,90
b_2_39,long,11,89
b_2_39,long,11,87
b_2_39,long,12,89
b_2_39,long,12,88
b_2_39,long,12,87
b_2_39,long,12,86
b_2_39,long,13,88
b_2_39,long,13,87
b_2_39,long,13,86
b_2_39,long,13,85
b_2_39,long,14,86
b_2_39,long,14,85
b_2_39,long,14,84
b_2_39,long,15,84
b_2_39,80s,6,94
b_2_39,80s,7,94
b_2_39,80s,7,93
b_2_39,80s,7,92
b_2_39,80s,8,94
b_2_39,80s,8,93
b_2_39,80s,8,92
b_2_39,80s,8,91
b_2_39,80s,9,93
b_2_39,80s,9,92
b_2_39,80s,9,91
b_2_39,80s,9,90
b_2_39,80s,10,93
b_2_39,80s,10,92
b_2_39,80s,10,91
b_2_39,80s,10,90
b_2_39,80s,10,89
b_2_39,80s,10,88
b_2_39,80s,11,92
b_2_39,80s,11,90
b_2_39,80s,11,89
b_2_39,80s,11,88
b_2_39,80s,11,87
b_2_39,80s,12,92
b_2_39,80s,12,91
b_2_39,80s,12,90
b_2_39,80s,12,89
b_2_39,80s,12,88
b_2_39,80s,12,87
b_2_39,80s,12,86
b_2_39,80s,13,90
b_2_39,80s,13,89
b_2_39,80s,13,88
b_2_39,80s,13,87
b_2_39,80s,13,86
b_2_39,80s,13,85
b_2_39,80s,14,89
b_2_39,80s,14,88
b_2_39,80s,14,87
b_2_39,80s,14,86
b_2_39,80s,14,85
b_2_39,80s,14,84
b_2_39,80s,15,89
b_2_39,80s,15,88
b_2_39,80s,15,87
b_2_39,80s,15,86
b_2_39,80s,15,85
b_2_39,80s,15,84
b_2_39,80s,15,83
b_2_39,80s,16,88
b_2_39,80s,16,87
b_2_39,80s,16,86
b_2_39,80s,16,85
b_2_39,80s,16,84
b_2_39,80s,16,83
b_2_39,80s,16,82
b_2_39,80s,17,87
b_2_39,80s,17,86
b_2_39,80s,17,85
b_2_39,80s,17,84
b_2_39,80s,17,83
b_2_39,80s,17,82
b_2_39,80s,18,86
b_2_39,80s,18,85
b_2_39,80s,18,84
b_2_39,80s,18,83
b_2_39,80s,18,82
b_2_39,80s,18,81
b_2_39,80s,19,85
b_2_39,80s,19,84
b_2_39,80s,19,83
b_2_39,80s,19,82
b_2_39,80s,19,81
b_2_39,80s,19,80
b_2_39,80s,20,84
b_2_39,80s,20,83
b_2_39,80s,20,82
b_2_39,80s,20,81
b_2_39,80s,20,80
b_2_39,80s,20,79
b_2_39,80s,21,82
b_2_39,80s,21,81
b_2_39,80s,21,80
b_2_39,80s,21,79
b_2_39,80s,22,81
b_2_39,80s,22,80
b_2_39,80s,22,79
b_2_39,00s,7,93
b_2_39,00s,7,92
b_2_39,00s,7,91
b_2_39,00s,8,92
b_2_39,00s,8,91
b_2_39,00s,8,90
b_2_39,00s,8,89
b_2_39,00s,9,92
b_2_39,00s,9,91
b_2_39,00s,9,90
b_2_39,00s,9,89
b_2_39,00s,9,88
b_2_39,00s,9,87
b_2_39,00s,10,91
b_2_39,00s,10,90
b_2_39,00s,10,89
b_2_39,00s,10,88
b_2_39,00s,10,87
b_2_39,00s,10,86
b_2_39,00s,11,90
b_2_39,00s,11,89
b_2_39,00s,11,88
b_2_39,00s,11,87
b_2_39,00s,11,86
b_2_39,00s,11,85
b_2_39,00s,11,84
b_2_39,00s,12,89
b_2_39,00s,12,88
b_2_39,00s,12,87
b_2_39,00s,12,86
b_2_39,00s,12,85
b_2_39,00s,12,84
b_2_39,00s,12,83
b_2_39,00s,12,82
b_2_39,00s,13,88
b_2_39,00s,13,87
b_2_39,00s,13,86
b_2_39,00s,13,85
b_2_39,00s,13,83
b_2_39,00s,13,82
b_2_39,00s,13,81
b_2_39,00s,13,80
b_2_39,00s,14,86
b_2_39,00s,14,85
b_2_39,00s,14,84
b_2_39,00s,14,83
b_2_39,00s,14,82
b_2_39,00s,14,81
b_2_39,00s,14,80
b_2_39,00s,14,79
b_2_39,00s,15,84
b_2_39,00s,15,83
b_2_39,00s,15,82
b_2_39,00s,15,81
b_2_39,00s,15,80
b_2_39,00s,15,79
b_2_39,00s,15,78
b_2_39,00s,15,77
b_2_39,00s,16,82
b_2_39,00s,16,81
b_2_39,00s,16,80
b_2_39,00s,16,79
b_2_39,00s,16,78
b_2_39,00s,16,77
b_2_39,00s,16,76
b_2_39,00s,17,80
b_2_39,00s,17,79
b_2_39,00s,17,78
b_2_39,00s,17,77
b_2_39,00s,17,76
b_2_39,00s,17,75
b_2_39,00s,18,78
b_2_39,00s,18,77
b_2_39,00s,18,76
b_2_39,00s,18,75
b_2_39,00s,18,74
b_2_39,00s,19,76
b_2_39,00s,19,75
b_2_39,00s,19,74
b_2_39,00s,19,73
b_2_39,00s,20,75
b_2_39,00s,20,74
b_2_39,00s,20,73
b_2_39,00s,20,72
