date,year,month,official median PCE ,schoenle-smith median,official trimmed mean,schoenle-smith trimmed mean
1960m1,1960,1,,1.30,,1.84
1960m2,1960,2,,1.31,,1.88
1960m3,1960,3,,1.31,,1.81
1960m4,1960,4,,1.40,,1.66
1960m5,1960,5,,1.40,,1.75
1960m6,1960,6,,1.14,,1.69
1960m7,1960,7,,1.09,,1.75
1960m8,1960,8,,1.10,,1.63
1960m9,1960,9,,0.87,,1.54
1960m10,1960,10,,0.63,,1.31
1960m11,1960,11,,0.75,,1.48
1960m12,1960,12,,0.66,,1.26
1961m1,1961,1,,0.66,,1.30
1961m2,1961,2,,0.65,,1.34
1961m3,1961,3,,0.65,,1.13
1961m4,1961,4,,0.36,,1.15
1961m5,1961,5,,0.36,,1.00
1961m6,1961,6,,0.36,,0.98
1961m7,1961,7,,0.19,,0.81
1961m8,1961,8,,0.18,,0.78
1961m9,1961,9,,0.18,,0.83
1961m10,1961,10,,0.17,,0.72
1961m11,1961,11,,0.06,,0.60
1961m12,1961,12,,0.06,,0.53
1962m1,1962,1,,0.28,,0.73
1962m2,1962,2,,0.37,,0.75
1962m3,1962,3,,0.57,,0.88
1962m4,1962,4,,0.55,,0.87
1962m5,1962,5,,0.58,,1.01
1962m6,1962,6,,0.58,,0.96
1962m7,1962,7,,0.58,,0.88
1962m8,1962,8,,0.58,,1.00
1962m9,1962,9,,0.67,,1.18
1962m10,1962,10,,0.67,,1.20
1962m11,1962,11,,0.65,,1.12
1962m12,1962,12,,0.65,,1.26
1963m1,1963,1,,0.69,,1.30
1963m2,1963,2,,0.61,,1.13
1963m3,1963,3,,0.41,,1.04
1963m4,1963,4,,0.41,,1.05
1963m5,1963,5,,0.52,,1.01
1963m6,1963,6,,0.53,,1.06
1963m7,1963,7,,0.56,,1.28
1963m8,1963,8,,0.56,,1.32
1963m9,1963,9,,0.47,,1.05
1963m10,1963,10,,0.69,,1.30
1963m11,1963,11,,0.70,,1.30
1963m12,1963,12,,0.71,,1.42
1964m1,1964,1,,0.54,,1.21
1964m2,1964,2,,0.62,,1.21
1964m3,1964,3,,0.62,,1.22
1964m4,1964,4,,0.63,,1.21
1964m5,1964,5,,0.49,,1.12
1964m6,1964,6,,0.48,,1.09
1964m7,1964,7,,0.45,,1.01
1964m8,1964,8,,0.44,,1.06
1964m9,1964,9,,0.43,,0.96
1964m10,1964,10,,0.22,,0.82
1964m11,1964,11,,0.24,,0.80
1964m12,1964,12,,0.23,,0.76
1965m1,1965,1,,0.33,,1.03
1965m2,1965,2,,0.24,,1.01
1965m3,1965,3,,0.24,,1.21
1965m4,1965,4,,0.43,,1.19
1965m5,1965,5,,0.56,,1.29
1965m6,1965,6,,0.73,,1.42
1965m7,1965,7,,0.73,,1.44
1965m8,1965,8,,0.88,,1.48
1965m9,1965,9,,1.07,,1.39
1965m10,1965,10,,1.21,,1.50
1965m11,1965,11,,1.39,,1.52
1965m12,1965,12,,1.65,,1.56
1966m1,1966,1,,1.53,,1.58
1966m2,1966,2,,1.73,,1.72
1966m3,1966,3,,1.73,,1.66
1966m4,1966,4,,1.92,,1.88
1966m5,1966,5,,1.98,,1.95
1966m6,1966,6,,2.01,,2.05
1966m7,1966,7,,2.30,,2.14
1966m8,1966,8,,2.37,,2.23
1966m9,1966,9,,2.51,,2.56
1966m10,1966,10,,2.74,,2.75
1966m11,1966,11,,2.74,,2.68
1966m12,1966,12,,2.71,,2.75
1967m1,1967,1,,2.66,,2.74
1967m2,1967,2,,2.68,,2.83
1967m3,1967,3,,2.74,,2.79
1967m4,1967,4,,2.56,,2.63
1967m5,1967,5,,2.59,,2.55
1967m6,1967,6,,2.62,,2.56
1967m7,1967,7,,2.59,,2.62
1967m8,1967,8,,2.54,,2.47
1967m9,1967,9,,2.54,,2.54
1967m10,1967,10,,2.48,,2.41
1967m11,1967,11,,2.49,,2.52
1967m12,1967,12,,2.58,,2.50
1968m1,1968,1,,2.94,,3.00
1968m2,1968,2,,3.10,,3.24
1968m3,1968,3,,3.37,,3.44
1968m4,1968,4,,3.50,,3.49
1968m5,1968,5,,3.67,,3.68
1968m6,1968,6,,3.81,,3.68
1968m7,1968,7,,3.83,,3.68
1968m8,1968,8,,4.08,,3.84
1968m9,1968,9,,4.13,,3.78
1968m10,1968,10,,4.20,,3.93
1968m11,1968,11,,4.36,,4.03
1968m12,1968,12,,4.41,,4.05
1969m1,1969,1,,4.40,,3.92
1969m2,1969,2,,4.31,,3.84
1969m3,1969,3,,4.36,,4.04
1969m4,1969,4,,4.42,,4.11
1969m5,1969,5,,4.40,,4.11
1969m6,1969,6,,4.42,,4.12
1969m7,1969,7,,4.59,,4.32
1969m8,1969,8,,4.51,,4.14
1969m9,1969,9,,4.50,,4.19
1969m10,1969,10,,4.50,,4.13
1969m11,1969,11,,4.48,,4.22
1969m12,1969,12,,4.50,,4.28
1970m1,1970,1,,4.48,,4.32
1970m2,1970,2,,4.54,,4.43
1970m3,1970,3,,4.59,,4.44
1970m4,1970,4,,4.65,,4.41
1970m5,1970,5,,4.65,,4.39
1970m6,1970,6,,4.60,,4.27
1970m7,1970,7,,4.52,,4.14
1970m8,1970,8,,4.52,,4.17
1970m9,1970,9,,4.61,,4.19
1970m10,1970,10,,4.69,,4.40
1970m11,1970,11,,4.68,,4.57
1970m12,1970,12,,4.78,,4.69
1971m1,1971,1,,4.78,,4.74
1971m2,1971,2,,4.73,,4.75
1971m3,1971,3,,4.62,,4.60
1971m4,1971,4,,4.50,,4.57
1971m5,1971,5,,4.59,,4.62
1971m6,1971,6,,4.62,,4.70
1971m7,1971,7,,4.60,,4.68
1971m8,1971,8,,4.60,,4.28
1971m9,1971,9,,4.48,,4.22
1971m10,1971,10,,4.21,,3.96
1971m11,1971,11,,4.07,,3.77
1971m12,1971,12,,3.92,,3.54
1972m1,1972,1,,3.88,,3.65
1972m2,1972,2,,3.86,,3.54
1972m3,1972,3,,3.83,,3.51
1972m4,1972,4,,3.70,,3.25
1972m5,1972,5,,3.50,,3.07
1972m6,1972,6,,3.34,,2.84
1972m7,1972,7,,3.28,,2.86
1972m8,1972,8,,3.19,,2.66
1972m9,1972,9,,3.18,,2.99
1972m10,1972,10,,3.23,,2.81
1972m11,1972,11,,3.32,,3.01
1972m12,1972,12,,3.31,,3.08
1973m1,1973,1,,3.21,,3.17
1973m2,1973,2,,3.24,,3.19
1973m3,1973,3,,3.38,,3.37
1973m4,1973,4,,3.79,,3.76
1973m5,1973,5,,3.97,,4.00
1973m6,1973,6,,4.20,,4.34
1973m7,1973,7,,4.24,,4.44
1973m8,1973,8,,4.45,,4.87
1973m9,1973,9,,4.51,,4.84
1973m10,1973,10,,4.59,,5.14
1973m11,1973,11,,4.75,,5.40
1973m12,1973,12,,5.05,,5.75
1974m1,1974,1,,5.49,,5.95
1974m2,1974,2,,5.97,,6.41
1974m3,1974,3,,6.40,,6.87
1974m4,1974,4,,6.37,,6.63
1974m5,1974,5,,7.03,,7.35
1974m6,1974,6,,7.45,,8.04
1974m7,1974,7,,7.80,,8.44
1974m8,1974,8,,8.36,,9.21
1974m9,1974,9,,8.80,,9.70
1974m10,1974,10,,9.18,,9.87
1974m11,1974,11,,9.30,,9.82
1974m12,1974,12,,9.28,,9.88
1975m1,1975,1,,9.25,,9.62
1975m2,1975,2,,9.05,,9.32
1975m3,1975,3,,8.58,,8.45
1975m4,1975,4,,8.45,,8.23
1975m5,1975,5,,7.83,,7.83
1975m6,1975,6,,7.53,,7.51
1975m7,1975,7,,7.44,,7.53
1975m8,1975,8,,6.79,,7.26
1975m9,1975,9,,6.58,,6.95
1975m10,1975,10,,6.52,,6.86
1975m11,1975,11,,6.48,,6.83
1975m12,1975,12,,6.43,,6.84
1976m1,1976,1,,6.31,,6.64
1976m2,1976,2,,6.16,,6.25
1976m3,1976,3,,6.18,,6.16
1976m4,1976,4,,6.05,,5.99
1976m5,1976,5,,6.13,,6.07
1976m6,1976,6,,6.01,,5.81
1976m7,1976,7,,5.96,,5.55
1976m8,1976,8,,6.19,,5.78
1976m9,1976,9,,6.11,,5.78
1976m10,1976,10,,5.93,,5.80
1976m11,1976,11,,5.90,,5.56
1976m12,1976,12,,5.80,,5.42
1977m1,1977,1,,5.91,,5.57
1977m2,1977,2,,6.15,,5.91
1977m3,1977,3,,6.35,,6.17
1977m4,1977,4,,6.42,,6.12
1977m5,1977,5,,6.38,,6.05
1977m6,1977,6,,6.43,,6.07
1977m7,1977,7,,6.40,,5.96
1977m8,1977,8,,6.26,,5.90
1977m9,1977,9,,6.16,,5.77
1977m10,1977,10,,6.13,,5.88
1977m11,1977,11,,6.22,,6.02
1977m12,1977,12,,6.25,,6.31
1978m1,1978,1,6.40,6.09,5.70,6.18
1978m2,1978,2,6.18,5.88,5.57,6.10
1978m3,1978,3,6.12,5.75,5.55,5.96
1978m4,1978,4,6.24,5.93,5.71,6.13
1978m5,1978,5,6.44,6.14,5.90,6.28
1978m6,1978,6,6.38,6.22,5.91,6.34
1978m7,1978,7,6.45,6.32,5.99,6.44
1978m8,1978,8,6.40,6.41,6.04,6.49
1978m9,1978,9,6.64,6.63,6.22,6.66
1978m10,1978,10,6.90,6.90,6.54,6.96
1978m11,1978,11,6.93,6.97,6.65,7.10
1978m12,1978,12,6.99,7.07,6.71,7.16
1979m1,1979,1,7.21,7.28,7.03,7.44
1979m2,1979,2,7.40,7.47,7.22,7.60
1979m3,1979,3,7.47,7.60,7.25,7.58
1979m4,1979,4,7.41,7.65,7.26,7.54
1979m5,1979,5,7.53,7.77,7.35,7.73
1979m6,1979,6,7.69,7.84,7.39,7.58
1979m7,1979,7,7.78,7.90,7.50,7.73
1979m8,1979,8,8.04,8.16,7.68,8.04
1979m9,1979,9,8.13,8.19,7.80,8.26
1979m10,1979,10,8.28,8.31,7.89,8.38
1979m11,1979,11,8.33,8.36,7.89,8.48
1979m12,1979,12,8.51,8.59,8.04,8.59
1980m1,1980,1,8.72,8.83,8.15,8.71
1980m2,1980,2,8.88,9.18,8.35,9.05
1980m3,1980,3,9.10,9.42,8.60,9.30
1980m4,1980,4,9.20,9.39,8.56,9.29
1980m5,1980,5,9.19,9.35,8.56,9.37
1980m6,1980,6,9.33,9.44,8.72,9.39
1980m7,1980,7,9.25,9.38,8.60,9.53
1980m8,1980,8,9.20,9.31,8.57,9.39
1980m9,1980,9,9.29,9.49,8.67,9.64
1980m10,1980,10,9.18,9.43,8.57,9.50
1980m11,1980,11,9.22,9.48,8.64,9.65
1980m12,1980,12,9.24,9.40,8.64,9.81
1981m1,1981,1,9.10,9.31,8.59,9.74
1981m2,1981,2,9.10,9.11,8.60,9.77
1981m3,1981,3,8.98,9.03,8.41,9.56
1981m4,1981,4,9.03,9.06,8.50,9.72
1981m5,1981,5,8.76,8.86,8.32,9.64
1981m6,1981,6,8.50,8.66,8.07,9.31
1981m7,1981,7,8.60,8.79,8.10,9.19
1981m8,1981,8,8.50,8.72,8.01,9.02
1981m9,1981,9,8.30,8.60,7.82,9.01
1981m10,1981,10,8.07,8.41,7.62,8.79
1981m11,1981,11,7.84,8.20,7.41,8.61
1981m12,1981,12,7.60,7.85,7.14,8.20
1982m1,1982,1,7.31,7.54,6.83,7.56
1982m2,1982,2,6.86,7.13,6.38,7.20
1982m3,1982,3,6.59,6.82,6.20,6.97
1982m4,1982,4,6.21,6.45,5.86,6.70
1982m5,1982,5,6.16,6.33,5.77,6.38
1982m6,1982,6,6.15,6.19,5.74,6.46
1982m7,1982,7,6.12,6.10,5.76,6.20
1982m8,1982,8,5.90,5.84,5.49,5.81
1982m9,1982,9,5.66,5.51,5.13,5.32
1982m10,1982,10,5.59,5.55,5.06,5.30
1982m11,1982,11,5.32,5.29,4.78,4.84
1982m12,1982,12,5.15,5.24,4.61,4.90
1983m1,1983,1,5.16,5.33,4.63,4.87
1983m2,1983,2,5.13,5.28,4.57,4.78
1983m3,1983,3,4.90,5.11,4.33,4.59
1983m4,1983,4,5.10,5.23,4.47,4.49
1983m5,1983,5,4.82,5.02,4.24,4.32
1983m6,1983,6,4.60,4.93,4.06,4.06
1983m7,1983,7,4.31,4.73,3.79,3.91
1983m8,1983,8,4.20,4.69,3.70,3.82
1983m9,1983,9,4.18,4.67,3.79,3.88
1983m10,1983,10,3.94,4.34,3.56,3.80
1983m11,1983,11,4.11,4.47,3.68,3.91
1983m12,1983,12,3.98,4.37,3.63,3.84
1984m1,1984,1,3.93,4.21,3.59,3.74
1984m2,1984,2,4.01,4.27,3.64,3.92
1984m3,1984,3,4.21,4.39,3.79,4.20
1984m4,1984,4,4.18,4.31,3.78,3.92
1984m5,1984,5,4.17,4.27,3.70,3.84
1984m6,1984,6,4.22,4.30,3.71,3.90
1984m7,1984,7,4.27,4.26,3.80,3.94
1984m8,1984,8,4.33,4.21,3.88,3.91
1984m9,1984,9,4.35,4.19,3.86,3.92
1984m10,1984,10,4.43,4.23,3.94,3.89
1984m11,1984,11,4.27,3.99,3.77,3.74
1984m12,1984,12,4.50,4.11,3.88,3.81
1985m1,1985,1,4.38,3.98,3.73,3.61
1985m2,1985,2,4.42,4.01,3.82,3.66
1985m3,1985,3,4.38,4.01,3.82,3.78
1985m4,1985,4,4.13,3.98,3.61,3.55
1985m5,1985,5,4.27,4.07,3.69,3.59
1985m6,1985,6,4.30,4.11,3.75,3.72
1985m7,1985,7,4.10,3.93,3.55,3.61
1985m8,1985,8,4.09,3.98,3.54,3.58
1985m9,1985,9,3.98,3.99,3.50,3.70
1985m10,1985,10,3.96,3.95,3.46,3.73
1985m11,1985,11,3.97,4.11,3.61,3.82
1985m12,1985,12,3.92,4.20,3.62,4.05
1986m1,1986,1,4.01,4.38,3.72,4.13
1986m2,1986,2,3.81,4.22,3.47,3.99
1986m3,1986,3,3.70,4.18,3.28,3.79
1986m4,1986,4,3.83,4.30,3.33,3.82
1986m5,1986,5,3.68,4.19,3.26,3.84
1986m6,1986,6,3.66,4.17,3.24,3.85
1986m7,1986,7,3.67,4.18,3.27,3.95
1986m8,1986,8,3.59,4.15,3.19,3.89
1986m9,1986,9,3.62,4.12,3.20,3.96
1986m10,1986,10,3.74,4.31,3.27,3.89
1986m11,1986,11,3.74,4.24,3.20,3.72
1986m12,1986,12,3.64,4.06,3.13,3.52
1987m1,1987,1,3.64,3.98,3.16,3.41
1987m2,1987,2,3.71,3.94,3.22,3.38
1987m3,1987,3,3.84,3.96,3.41,3.32
1987m4,1987,4,3.98,3.97,3.57,3.63
1987m5,1987,5,4.09,4.04,3.66,3.52
1987m6,1987,6,4.00,3.91,3.60,3.32
1987m7,1987,7,4.09,3.96,3.59,3.37
1987m8,1987,8,4.29,3.99,3.74,3.48
1987m9,1987,9,4.24,3.94,3.71,3.52
1987m10,1987,10,4.17,3.86,3.73,3.63
1987m11,1987,11,4.17,3.86,3.72,3.64
1987m12,1987,12,4.13,3.78,3.63,3.62
1988m1,1988,1,4.20,3.80,3.62,3.73
1988m2,1988,2,4.19,3.91,3.58,3.67
1988m3,1988,3,4.14,3.88,3.56,3.69
1988m4,1988,4,4.03,3.83,3.51,3.76
1988m5,1988,5,3.99,3.84,3.49,3.82
1988m6,1988,6,4.11,3.99,3.59,3.99
1988m7,1988,7,4.22,4.08,3.77,4.20
1988m8,1988,8,4.12,4.06,3.71,3.94
1988m9,1988,9,4.25,4.23,3.87,4.16
1988m10,1988,10,4.22,4.16,3.82,4.02
1988m11,1988,11,4.25,4.23,3.87,4.19
1988m12,1988,12,4.30,4.33,4.01,4.23
1989m1,1989,1,4.28,4.36,4.05,4.23
1989m2,1989,2,4.29,4.30,4.15,4.14
1989m3,1989,3,4.29,4.30,4.16,4.23
1989m4,1989,4,4.29,4.32,4.16,4.12
1989m5,1989,5,4.39,4.40,4.24,4.19
1989m6,1989,6,4.26,4.35,4.13,4.10
1989m7,1989,7,4.24,4.40,4.04,4.09
1989m8,1989,8,4.16,4.41,3.95,4.18
1989m9,1989,9,4.08,4.29,3.80,4.02
1989m10,1989,10,4.25,4.38,3.94,4.02
1989m11,1989,11,4.27,4.34,3.92,3.90
1989m12,1989,12,4.33,4.37,3.94,3.93
1990m1,1990,1,4.25,4.34,3.85,3.88
1990m2,1990,2,4.26,4.36,3.82,4.03
1990m3,1990,3,4.45,4.56,3.95,4.39
1990m4,1990,4,4.41,4.52,3.90,4.15
1990m5,1990,5,4.29,4.47,3.80,4.07
1990m6,1990,6,4.47,4.64,3.94,4.34
1990m7,1990,7,4.46,4.59,3.96,4.30
1990m8,1990,8,4.60,4.75,4.14,4.60
1990m9,1990,9,4.53,4.78,4.13,4.62
1990m10,1990,10,4.37,4.77,4.01,4.52
1990m11,1990,11,4.29,4.72,3.89,4.35
1990m12,1990,12,4.26,4.69,3.84,4.27
1991m1,1991,1,4.19,4.60,3.82,4.46
1991m2,1991,2,4.04,4.48,3.72,4.36
1991m3,1991,3,3.69,4.14,3.43,4.06
1991m4,1991,4,3.62,4.03,3.35,3.95
1991m5,1991,5,3.73,4.06,3.45,3.84
1991m6,1991,6,3.46,3.77,3.23,3.52
1991m7,1991,7,3.29,3.75,3.10,3.50
1991m8,1991,8,3.06,3.52,2.91,3.24
1991m9,1991,9,3.04,3.48,2.90,3.23
1991m10,1991,10,2.99,3.32,2.83,3.21
1991m11,1991,11,3.06,3.38,2.97,3.26
1991m12,1991,12,3.06,3.38,3.00,3.31
1992m1,1992,1,2.96,3.31,2.88,2.93
1992m2,1992,2,3.04,3.37,2.90,2.96
1992m3,1992,3,3.10,3.48,2.99,3.05
1992m4,1992,4,3.03,3.42,2.94,3.02
1992m5,1992,5,2.86,3.27,2.80,2.81
1992m6,1992,6,2.82,3.24,2.80,2.84
1992m7,1992,7,2.82,3.17,2.82,2.97
1992m8,1992,8,2.84,3.09,2.75,2.84
1992m9,1992,9,2.80,2.93,2.61,2.63
1992m10,1992,10,2.86,3.01,2.64,2.66
1992m11,1992,11,2.84,2.98,2.61,2.73
1992m12,1992,12,2.78,2.91,2.50,2.63
1993m1,1993,1,2.81,2.94,2.50,2.68
1993m2,1993,2,2.81,2.96,2.51,2.53
1993m3,1993,3,2.80,2.88,2.45,2.42
1993m4,1993,4,2.89,2.97,2.52,2.53
1993m5,1993,5,2.98,3.05,2.57,2.70
1993m6,1993,6,3.01,3.04,2.53,2.65
1993m7,1993,7,3.00,3.01,2.50,2.68
1993m8,1993,8,2.99,3.01,2.49,2.59
1993m9,1993,9,2.91,2.98,2.53,2.62
1993m10,1993,10,2.80,2.92,2.49,2.57
1993m11,1993,11,2.73,2.87,2.43,2.53
1993m12,1993,12,2.69,2.89,2.40,2.57
1994m1,1994,1,2.66,2.85,2.36,2.60
1994m2,1994,2,2.69,2.87,2.35,2.63
1994m3,1994,3,2.74,2.89,2.41,2.56
1994m4,1994,4,2.63,2.78,2.31,2.54
1994m5,1994,5,2.67,2.74,2.27,2.48
1994m6,1994,6,2.69,2.80,2.34,2.48
1994m7,1994,7,2.68,2.79,2.35,2.62
1994m8,1994,8,2.68,2.82,2.34,2.68
1994m9,1994,9,2.71,2.88,2.32,2.64
1994m10,1994,10,2.70,2.85,2.26,2.52
1994m11,1994,11,2.74,2.87,2.28,2.66
1994m12,1994,12,2.68,2.75,2.25,2.62
1995m1,1995,1,2.80,2.86,2.35,2.62
1995m2,1995,2,2.71,2.72,2.29,2.61
1995m3,1995,3,2.70,2.68,2.25,2.58
1995m4,1995,4,2.75,2.75,2.31,2.72
1995m5,1995,5,2.63,2.75,2.27,2.73
1995m6,1995,6,2.59,2.68,2.19,2.80
1995m7,1995,7,2.59,2.64,2.16,2.65
1995m8,1995,8,2.61,2.59,2.21,2.69
1995m9,1995,9,2.63,2.58,2.23,2.50
1995m10,1995,10,2.69,2.61,2.32,2.59
1995m11,1995,11,2.65,2.56,2.27,2.54
1995m12,1995,12,2.68,2.65,2.31,2.61
1996m1,1996,1,2.55,2.52,2.25,2.34
1996m2,1996,2,2.53,2.53,2.25,2.31
1996m3,1996,3,2.48,2.54,2.26,2.40
1996m4,1996,4,2.42,2.46,2.22,2.26
1996m5,1996,5,2.50,2.50,2.25,2.31
1996m6,1996,6,2.53,2.51,2.29,2.38
1996m7,1996,7,2.59,2.59,2.32,2.46
1996m8,1996,8,2.60,2.67,2.31,2.43
1996m9,1996,9,2.63,2.70,2.36,2.61
1996m10,1996,10,2.60,2.70,2.34,2.53
1996m11,1996,11,2.64,2.76,2.39,2.50
1996m12,1996,12,2.65,2.71,2.38,2.46
1997m1,1997,1,2.68,2.72,2.35,2.37
1997m2,1997,2,2.70,2.72,2.36,2.42
1997m3,1997,3,2.70,2.71,2.31,2.45
1997m4,1997,4,2.70,2.79,2.31,2.29
1997m5,1997,5,2.57,2.73,2.22,2.20
1997m6,1997,6,2.59,2.76,2.22,2.32
1997m7,1997,7,2.55,2.67,2.13,2.15
1997m8,1997,8,2.49,2.58,2.06,2.04
1997m9,1997,9,2.50,2.56,2.05,1.97
1997m10,1997,10,2.45,2.35,1.90,1.56
1997m11,1997,11,2.37,2.25,1.80,1.43
1997m12,1997,12,2.32,2.20,1.73,1.43
1998m1,1998,1,2.28,2.12,1.66,1.57
1998m2,1998,2,2.29,2.07,1.61,1.50
1998m3,1998,3,2.27,2.14,1.65,1.52
1998m4,1998,4,2.29,2.13,1.63,1.52
1998m5,1998,5,2.40,2.20,1.71,1.54
1998m6,1998,6,2.29,2.10,1.64,1.50
1998m7,1998,7,2.31,2.10,1.69,1.58
1998m8,1998,8,2.42,2.16,1.75,1.76
1998m9,1998,9,2.40,2.21,1.70,1.71
1998m10,1998,10,2.39,2.45,1.77,1.81
1998m11,1998,11,2.42,2.50,1.78,1.96
1998m12,1998,12,2.47,2.56,1.81,2.05
1999m1,1999,1,2.48,2.63,1.85,2.07
1999m2,1999,2,2.43,2.67,1.80,2.03
1999m3,1999,3,2.40,2.49,1.72,1.86
1999m4,1999,4,2.42,2.46,1.77,1.96
1999m5,1999,5,2.38,2.38,1.73,1.96
1999m6,1999,6,2.43,2.37,1.76,2.03
1999m7,1999,7,2.41,2.41,1.79,2.06
1999m8,1999,8,2.35,2.38,1.75,2.08
1999m9,1999,9,2.35,2.33,1.80,2.06
1999m10,1999,10,2.32,2.24,1.81,2.05
1999m11,1999,11,2.36,2.29,1.84,2.07
1999m12,1999,12,2.34,2.28,1.88,2.06
2000m1,2000,1,2.44,2.36,2.00,2.12
2000m2,2000,2,2.52,2.42,2.12,2.14
2000m3,2000,3,2.59,2.51,2.24,2.17
2000m4,2000,4,2.57,2.50,2.18,2.16
2000m5,2000,5,2.57,2.56,2.22,2.27
2000m6,2000,6,2.66,2.62,2.27,2.28
2000m7,2000,7,2.68,2.69,2.30,2.45
2000m8,2000,8,2.66,2.65,2.32,2.51
2000m9,2000,9,2.72,2.70,2.39,2.47
2000m10,2000,10,2.77,2.76,2.42,2.50
2000m11,2000,11,2.78,2.70,2.45,2.53
2000m12,2000,12,2.83,2.77,2.50,2.61
2001m1,2001,1,2.81,2.80,2.52,2.69
2001m2,2001,2,2.90,2.89,2.54,2.76
2001m3,2001,3,2.91,2.95,2.50,2.81
2001m4,2001,4,2.96,3.00,2.59,2.89
2001m5,2001,5,3.01,3.00,2.59,2.99
2001m6,2001,6,3.04,3.13,2.67,3.06
2001m7,2001,7,3.09,3.15,2.63,3.01
2001m8,2001,8,3.19,3.33,2.65,3.11
2001m9,2001,9,3.11,3.36,2.53,3.06
2001m10,2001,10,3.14,3.42,2.50,3.08
2001m11,2001,11,3.11,3.43,2.47,3.01
2001m12,2001,12,3.07,3.39,2.37,2.89
2002m1,2002,1,3.03,3.32,2.24,2.46
2002m2,2002,2,3.00,3.29,2.23,2.34
2002m3,2002,3,3.03,3.31,2.22,2.30
2002m4,2002,4,2.97,3.25,2.17,2.41
2002m5,2002,5,2.90,3.22,2.11,2.38
2002m6,2002,6,2.83,3.16,2.01,2.33
2002m7,2002,7,2.78,3.11,2.03,2.34
2002m8,2002,8,2.68,2.96,2.00,2.33
2002m9,2002,9,2.74,2.92,2.07,2.50
2002m10,2002,10,2.74,2.81,2.08,2.56
2002m11,2002,11,2.75,2.82,2.06,2.49
2002m12,2002,12,2.80,2.82,2.10,2.41
2003m1,2003,1,2.79,2.84,2.08,2.34
2003m2,2003,2,2.66,2.74,2.01,2.33
2003m3,2003,3,2.59,2.71,1.99,2.43
2003m4,2003,4,2.44,2.65,1.84,2.30
2003m5,2003,5,2.40,2.61,1.82,2.39
2003m6,2003,6,2.30,2.45,1.74,2.28
2003m7,2003,7,2.30,2.44,1.77,2.32
2003m8,2003,8,2.31,2.45,1.80,2.34
2003m9,2003,9,2.29,2.43,1.75,2.34
2003m10,2003,10,2.32,2.51,1.73,2.42
2003m11,2003,11,2.30,2.52,1.74,2.38
2003m12,2003,12,2.21,2.43,1.74,2.46
2004m1,2004,1,2.14,2.45,1.81,2.57
2004m2,2004,2,2.21,2.52,1.88,2.39
2004m3,2004,3,2.22,2.48,1.88,2.32
2004m4,2004,4,2.48,2.65,2.12,2.51
2004m5,2004,5,2.57,2.66,2.21,2.49
2004m6,2004,6,2.68,2.80,2.33,2.63
2004m7,2004,7,2.61,2.80,2.26,2.62
2004m8,2004,8,2.62,2.82,2.20,2.60
2004m9,2004,9,2.56,2.79,2.19,2.57
2004m10,2004,10,2.47,2.69,2.21,2.60
2004m11,2004,11,2.43,2.74,2.25,2.61
2004m12,2004,12,2.47,2.77,2.27,2.68
2005m1,2005,1,2.57,2.81,2.37,2.80
2005m2,2005,2,2.62,2.83,2.38,2.87
2005m3,2005,3,2.57,2.82,2.39,2.88
2005m4,2005,4,2.42,2.73,2.29,2.77
2005m5,2005,5,2.42,2.76,2.25,2.71
2005m6,2005,6,2.33,2.70,2.18,2.68
2005m7,2005,7,2.39,2.68,2.25,2.71
2005m8,2005,8,2.36,2.63,2.28,2.75
2005m9,2005,9,2.43,2.65,2.40,2.74
2005m10,2005,10,2.52,2.73,2.45,2.83
2005m11,2005,11,2.60,2.72,2.46,2.81
2005m12,2005,12,2.59,2.72,2.44,2.82
2006m1,2006,1,2.61,2.70,2.39,2.68
2006m2,2006,2,2.54,2.73,2.34,2.82
2006m3,2006,3,2.67,2.85,2.38,2.86
2006m4,2006,4,2.82,3.01,2.48,2.91
2006m5,2006,5,2.96,3.15,2.61,3.05
2006m6,2006,6,3.14,3.34,2.78,3.24
2006m7,2006,7,3.17,3.42,2.80,3.22
2006m8,2006,8,3.27,3.48,2.86,3.37
2006m9,2006,9,3.27,3.55,2.78,3.20
2006m10,2006,10,3.28,3.61,2.70,3.28
2006m11,2006,11,3.20,3.45,2.57,3.05
2006m12,2006,12,3.33,3.53,2.67,3.16
2007m1,2007,1,3.33,3.49,2.71,3.34
2007m2,2007,2,3.42,3.49,2.82,3.37
2007m3,2007,3,3.33,3.41,2.77,3.36
2007m4,2007,4,3.17,3.23,2.66,3.20
2007m5,2007,5,2.95,3.09,2.51,3.19
2007m6,2007,6,2.83,2.92,2.41,3.09
2007m7,2007,7,2.74,2.80,2.35,2.86
2007m8,2007,8,2.67,2.81,2.30,2.84
2007m9,2007,9,2.70,2.79,2.38,2.99
2007m10,2007,10,2.71,2.75,2.46,3.11
2007m11,2007,11,2.86,2.97,2.66,3.17
2007m12,2007,12,2.84,2.98,2.63,3.33
2008m1,2008,1,2.75,2.95,2.56,3.09
2008m2,2008,2,2.64,2.83,2.44,3.08
2008m3,2008,3,2.67,2.84,2.48,3.11
2008m4,2008,4,2.71,2.90,2.50,3.10
2008m5,2008,5,2.74,2.91,2.55,3.06
2008m6,2008,6,2.78,3.03,2.60,3.14
2008m7,2008,7,2.85,3.15,2.69,3.15
2008m8,2008,8,2.80,3.08,2.63,3.12
2008m9,2008,9,2.76,3.03,2.57,3.11
2008m10,2008,10,2.62,2.95,2.44,2.94
2008m11,2008,11,2.54,2.89,2.35,2.72
2008m12,2008,12,2.34,2.73,2.21,2.51
2009m1,2009,1,2.35,2.72,2.22,2.54
2009m2,2009,2,2.36,2.66,2.22,2.45
2009m3,2009,3,2.28,2.58,2.14,2.44
2009m4,2009,4,2.22,2.46,2.08,2.24
2009m5,2009,5,2.20,2.38,1.99,2.24
2009m6,2009,6,2.12,2.21,1.86,2.15
2009m7,2009,7,1.87,1.93,1.62,1.80
2009m8,2009,8,1.82,1.89,1.60,1.69
2009m9,2009,9,1.65,1.77,1.48,1.61
2009m10,2009,10,1.75,1.92,1.50,1.65
2009m11,2009,11,1.68,1.84,1.38,1.60
2009m12,2009,12,1.66,1.81,1.36,1.59
2010m1,2010,1,1.52,1.69,1.20,1.48
2010m2,2010,2,1.36,1.63,1.08,1.43
2010m3,2010,3,1.25,1.65,1.00,1.43
2010m4,2010,4,1.17,1.63,0.93,1.40
2010m5,2010,5,1.08,1.55,0.88,1.45
2010m6,2010,6,1.00,1.52,0.81,1.40
2010m7,2010,7,1.03,1.55,0.85,1.47
2010m8,2010,8,1.09,1.60,0.85,1.54
2010m9,2010,9,1.15,1.62,0.88,1.55
2010m10,2010,10,0.99,1.34,0.80,1.30
2010m11,2010,11,0.93,1.28,0.85,1.27
2010m12,2010,12,0.97,1.30,0.89,1.27
2011m1,2011,1,1.07,1.30,1.00,1.36
2011m2,2011,2,1.20,1.45,1.16,1.48
2011m3,2011,3,1.31,1.42,1.29,1.45
2011m4,2011,4,1.45,1.53,1.42,1.54
2011m5,2011,5,1.61,1.72,1.56,1.68
2011m6,2011,6,1.70,1.77,1.62,1.76
2011m7,2011,7,1.83,1.85,1.70,1.85
2011m8,2011,8,1.88,1.93,1.79,2.03
2011m9,2011,9,1.93,1.91,1.84,2.16
2011m10,2011,10,2.03,2.00,1.93,2.15
2011m11,2011,11,2.08,2.05,1.99,2.20
2011m12,2011,12,2.17,2.15,2.06,2.33
2012m1,2012,1,2.16,2.30,2.09,2.31
2012m2,2012,2,2.15,2.24,2.02,2.29
2012m3,2012,3,2.18,2.30,2.02,2.29
2012m4,2012,4,2.18,2.21,1.99,2.27
2012m5,2012,5,2.09,2.12,1.92,2.09
2012m6,2012,6,2.04,2.08,1.90,2.11
2012m7,2012,7,2.02,2.10,1.84,2.12
2012m8,2012,8,1.99,2.03,1.79,1.91
2012m9,2012,9,1.99,2.04,1.79,1.99
2012m10,2012,10,1.98,2.07,1.78,2.04
2012m11,2012,11,1.98,2.06,1.70,2.02
2012m12,2012,12,1.93,2.02,1.62,1.95
2013m1,2013,1,1.92,1.93,1.58,1.78
2013m2,2013,2,1.98,1.97,1.62,1.81
2013m3,2013,3,1.95,1.92,1.57,1.65
2013m4,2013,4,1.92,1.87,1.43,1.64
2013m5,2013,5,1.97,1.88,1.41,1.62
2013m6,2013,6,2.07,1.97,1.51,1.73
2013m7,2013,7,2.07,1.95,1.56,1.76
2013m8,2013,8,2.04,2.03,1.55,1.68
2013m9,2013,9,2.06,2.05,1.54,1.64
2013m10,2013,10,2.06,2.10,1.55,1.70
2013m11,2013,11,2.12,2.11,1.62,1.73
2013m12,2013,12,2.12,2.08,1.68,1.71
2014m1,2014,1,2.15,2.06,1.64,1.58
2014m2,2014,2,2.09,1.98,1.59,1.57
2014m3,2014,3,2.10,1.95,1.62,1.49
2014m4,2014,4,2.15,2.07,1.77,1.90
2014m5,2014,5,2.15,2.06,1.82,1.93
2014m6,2014,6,2.14,2.06,1.78,1.77
2014m7,2014,7,2.21,2.11,1.80,1.65
2014m8,2014,8,2.19,2.06,1.74,1.71
2014m9,2014,9,2.22,2.11,1.75,1.68
2014m10,2014,10,2.26,2.09,1.73,1.42
2014m11,2014,11,2.28,2.15,1.70,1.42
2014m12,2014,12,2.28,2.21,1.67,1.41
2015m1,2015,1,2.25,2.23,1.57,1.46
2015m2,2015,2,2.30,2.28,1.62,1.46
2015m3,2015,3,2.31,2.32,1.62,1.33
2015m4,2015,4,2.34,2.35,1.62,1.41
2015m5,2015,5,2.38,2.34,1.60,1.27
2015m6,2015,6,2.35,2.36,1.62,1.33
2015m7,2015,7,2.32,2.29,1.59,1.28
2015m8,2015,8,2.33,2.23,1.62,1.30
2015m9,2015,9,2.29,2.17,1.61,1.30
2015m10,2015,10,2.20,2.11,1.56,1.24
2015m11,2015,11,2.14,2.03,1.52,1.22
2015m12,2015,12,2.12,1.95,1.51,1.13
2016m1,2016,1,2.19,2.02,1.63,1.22
2016m2,2016,2,2.20,2.01,1.63,1.27
2016m3,2016,3,2.22,2.07,1.64,1.30
2016m4,2016,4,2.22,2.08,1.68,1.26
2016m5,2016,5,2.23,2.14,1.70,1.40
2016m6,2016,6,2.21,2.08,1.68,1.27
2016m7,2016,7,2.21,2.18,1.71,1.42
2016m8,2016,8,2.25,2.23,1.75,1.45
2016m9,2016,9,2.24,2.25,1.79,1.46
2016m10,2016,10,2.28,2.24,1.88,1.53
2016m11,2016,11,2.26,2.22,1.92,1.54
2016m12,2016,12,2.31,2.28,1.97,1.70
2017m1,2017,1,2.30,2.27,2.03,1.72
2017m2,2017,2,2.25,2.23,1.98,1.68
2017m3,2017,3,2.23,2.16,1.93,1.53
2017m4,2017,4,2.19,2.11,1.90,1.59
2017m5,2017,5,2.08,2.03,1.82,1.51
2017m6,2017,6,2.09,2.08,1.82,1.43
2017m7,2017,7,2.00,2.02,1.75,1.58
2017m8,2017,8,1.96,1.94,1.73,1.47
2017m9,2017,9,2.02,1.95,1.75,1.48
2017m10,2017,10,2.05,1.99,1.73,1.61
2017m11,2017,11,2.09,2.01,1.73,1.73
2017m12,2017,12,2.09,2.01,1.76,1.79
2018m1,2018,1,2.11,2.03,1.74,1.80
2018m2,2018,2,2.14,2.12,1.77,1.96
2018m3,2018,3,2.14,2.11,1.82,2.04
2018m4,2018,4,2.11,2.08,1.78,2.08
2018m5,2018,5,2.25,2.11,1.89,2.14
2018m6,2018,6,2.32,2.15,1.93,2.15
2018m7,2018,7,2.35,2.18,1.98,2.06
2018m8,2018,8,2.36,2.20,1.98,2.06
2018m9,2018,9,2.35,2.26,1.98,2.13
2018m10,2018,10,2.34,2.22,1.99,2.02
2018m11,2018,11,2.46,2.26,2.07,2.14
2018m12,2018,12,2.50,2.34,2.05,2.12
2019m1,2019,1,2.37,2.20,1.89,1.90
2019m2,2019,2,2.40,2.22,1.92,1.80
2019m3,2019,3,2.47,2.25,1.96,1.65
2019m4,2019,4,2.63,2.40,2.10,1.86
2019m5,2019,5,2.53,2.44,2.01,1.77
2019m6,2019,6,2.47,2.38,1.98,1.79
2019m7,2019,7,2.54,2.41,2.02,1.77
2019m8,2019,8,2.60,2.49,2.06,1.87
2019m9,2019,9,2.54,2.42,2.00,1.65
2019m10,2019,10,2.55,2.47,2.02,1.75
2019m11,2019,11,2.40,2.46,1.94,1.75
2019m12,2019,12,2.38,2.47,1.94,1.98
2020m1,2020,1,2.49,2.66,2.09,2.10
2020m2,2020,2,2.50,2.66,2.11,2.05
2020m3,2020,3,2.46,2.66,2.04,1.96
2020m4,2020,4,2.31,2.51,1.87,2.06
2020m5,2020,5,2.40,2.56,1.93,2.19
2020m6,2020,6,2.40,2.51,1.94,2.14
2020m7,2020,7,2.38,2.48,1.96,2.06
2020m8,2020,8,2.31,2.47,1.98,2.05
2020m9,2020,9,2.25,2.49,1.99,2.13
2020m10,2020,10,2.20,2.40,1.87,2.07
2020m11,2020,11,2.13,2.29,1.80,1.88
2020m12,2020,12,2.09,2.18,1.81,1.96
2021m1,2021,1,2.00,2.02,1.69,1.89
2021m2,2021,2,2.02,2.06,1.70,1.84
2021m3,2021,3,2.07,2.08,1.74,2.16
2021m4,2021,4,2.10,2.12,1.84,2.28
2021m5,2021,5,2.09,2.19,1.90,2.36
2021m6,2021,6,2.16,2.26,1.94,2.36
2021m7,2021,7,2.25,2.37,1.97,2.54
2021m8,2021,8,2.36,2.44,2.03,2.56
2021m9,2021,9,2.70,2.66,2.27,2.74
2021m10,2021,10,2.98,2.98,2.55,3.02
2021m11,2021,11,3.32,3.23,2.83,3.22
2021m12,2021,12,3.59,3.49,3.05,3.55
2022m1,2022,1,,,3.49,
2022m2,2022,2,,,3.62,
2022m3,2022,3,,,3.70,
