"group","sample","target","measure","rmse","best_lb","best_beta","dm_best_lb","dm_best_beta"
4,"00s","b_2_39","Headline PCE",2.34252,13,16,13,16
4,"00s","b_2_39","Core PCE",1.352857,13,16,13,16
4,"00s","b_2_39","NY Fed UIG",0.735979,13,16,13,16
4,"00s","b_2_39","Median PCE",1.265366,13,16,13,16
4,"00s","b_2_39","Trimmed mean",1.068669,13,16,13,16
4,"00s","b_2_39","Best trim",1.004124,13,16,13,16
5,"00s","b_2_39","Headline PCE",2.34252,18,19,13,16
5,"00s","b_2_39","Core PCE",1.352857,18,19,13,16
5,"00s","b_2_39","NY Fed UIG",0.735979,18,19,13,16
5,"00s","b_2_39","Median PCE",1.265366,18,19,13,16
5,"00s","b_2_39","Trimmed mean",1.068669,18,19,13,16
5,"00s","b_2_39","Best trim",1.086932,18,19,13,16
5,"00s","c_0_37","Headline PCE",2.499533,27,30,18,24
5,"00s","c_0_37","Median PCE",1.020112,27,30,18,24
5,"00s","c_0_37","Trimmed mean",0.812499,27,30,18,24
5,"00s","c_0_37","Core PCE",1.336078,27,30,18,24
5,"00s","c_0_37","NY Fed UIG",0.515694,27,30,18,24
4,"00s","c_0_37","Headline PCE",2.499533,18,23,18,24
4,"00s","c_0_37","Core PCE",1.336078,18,23,18,24
4,"00s","c_0_37","NY Fed UIG",0.515694,18,23,18,24
4,"00s","c_0_37","Median PCE",1.020112,18,23,18,24
4,"00s","c_0_37","Trimmed mean",0.812499,18,23,18,24
4,"00s","c_0_37","Best trim",0.803093,18,23,18,24
5,"00s","c_0_37","Best trim",0.878572,27,30,18,24
4,"00s","f_0_24","Headline PCE",2.548081,16,19,16,19
4,"00s","f_0_24","NY Fed UIG",1.031092,16,19,16,19
4,"00s","f_0_24","Median PCE",1.355625,16,19,16,19
4,"00s","f_0_24","Trimmed mean",1.262756,16,19,16,19
4,"00s","f_0_24","Core PCE",1.560399,16,19,16,19
5,"00s","f_0_24","Headline PCE",2.548081,27,28,16,19
5,"00s","f_0_24","Core PCE",1.560399,27,28,16,19
5,"00s","f_0_24","NY Fed UIG",1.031092,27,28,16,19
5,"00s","f_0_24","Median PCE",1.355625,27,28,16,19
5,"00s","f_0_24","Trimmed mean",1.262756,27,28,16,19
5,"00s","f_0_24","Best trim",1.255016,27,28,16,19
4,"00s","f_0_24","Best trim",1.224339,16,19,16,19
5,"00s","f_12_24","Headline PCE",2.981158,47,49,23,28
5,"00s","f_12_24","Core PCE",1.988241,47,49,23,28
5,"00s","f_12_24","Median PCE",1.705377,47,49,23,28
5,"00s","f_12_24","Trimmed mean",1.664723,47,49,23,28
5,"00s","f_12_24","Best trim",1.650153,47,49,23,28
5,"00s","f_12_24","NY Fed UIG",1.489549,47,49,23,28
4,"00s","f_12_24","Headline PCE",2.981158,24,28,23,28
4,"00s","f_12_24","Core PCE",1.988241,24,28,23,28
4,"00s","f_12_24","NY Fed UIG",1.489549,24,28,23,28
4,"00s","f_12_24","Median PCE",1.705377,24,28,23,28
4,"00s","f_12_24","Trimmed mean",1.664723,24,28,23,28
4,"00s","f_12_24","Best trim",1.625633,24,28,23,28
4,"80s","b_2_39","NY Fed UIG",1.214297,10,9,11,9
4,"80s","b_2_39","Median PCE",1.568304,10,9,11,9
4,"80s","b_2_39","Headline PCE",1.98636,10,9,11,9
4,"80s","b_2_39","Core PCE",1.788649,10,9,11,9
5,"80s","b_2_39","Headline PCE",1.98636,22,19,11,9
5,"80s","b_2_39","Core PCE",1.788649,22,19,11,9
5,"80s","b_2_39","NY Fed UIG",1.214297,22,19,11,9
5,"80s","b_2_39","Median PCE",1.568304,22,19,11,9
5,"80s","b_2_39","Trimmed mean",1.657801,22,19,11,9
5,"80s","b_2_39","Best trim",1.4706,22,19,11,9
4,"80s","b_2_39","Trimmed mean",1.657801,10,9,11,9
4,"80s","b_2_39","Best trim",1.392927,10,9,11,9
5,"80s","c_0_37","Headline PCE",2.286482,26,23,19,18
5,"80s","c_0_37","Core PCE",1.844903,26,23,19,18
4,"80s","c_0_37","Headline PCE",2.286482,18,16,19,18
4,"80s","c_0_37","Core PCE",1.844903,18,16,19,18
4,"80s","c_0_37","NY Fed UIG",1.117226,18,16,19,18
4,"80s","c_0_37","Median PCE",1.524739,18,16,19,18
4,"80s","c_0_37","Trimmed mean",1.617277,18,16,19,18
4,"80s","c_0_37","Best trim",1.457669,18,16,19,18
5,"80s","c_0_37","Trimmed mean",1.617277,26,23,19,18
5,"80s","c_0_37","Best trim",1.647318,26,23,19,18
5,"80s","c_0_37","NY Fed UIG",1.117226,26,23,19,18
5,"80s","c_0_37","Median PCE",1.524739,26,23,19,18
4,"80s","f_0_24","Headline PCE",2.738298,13,13,13,14
4,"80s","f_0_24","Core PCE",2.684702,13,13,13,14
5,"80s","f_0_24","Headline PCE",2.738298,24,23,13,14
5,"80s","f_0_24","Core PCE",2.684702,24,23,13,14
5,"80s","f_0_24","NY Fed UIG",2.188541,24,23,13,14
5,"80s","f_0_24","Median PCE",2.357857,24,23,13,14
5,"80s","f_0_24","Trimmed mean",2.387955,24,23,13,14
5,"80s","f_0_24","Best trim",2.369533,24,23,13,14
4,"80s","f_0_24","NY Fed UIG",2.188541,13,13,13,14
4,"80s","f_0_24","Median PCE",2.357857,13,13,13,14
4,"80s","f_0_24","Trimmed mean",2.387955,13,13,13,14
4,"80s","f_0_24","Best trim",2.27838,13,13,13,14
5,"80s","f_12_24","Headline PCE",3.482629,24,25,18,21
5,"80s","f_12_24","Core PCE",3.349063,24,25,18,21
5,"80s","f_12_24","NY Fed UIG",2.823588,24,25,18,21
5,"80s","f_12_24","Median PCE",3.021265,24,25,18,21
4,"80s","f_12_24","Headline PCE",3.482629,15,17,18,21
4,"80s","f_12_24","Core PCE",3.349063,15,17,18,21
4,"80s","f_12_24","NY Fed UIG",2.823588,15,17,18,21
4,"80s","f_12_24","Median PCE",3.021265,15,17,18,21
4,"80s","f_12_24","Trimmed mean",3.022901,15,17,18,21
4,"80s","f_12_24","Best trim",2.916718,15,17,18,21
5,"80s","f_12_24","Trimmed mean",3.022901,24,25,18,21
5,"80s","f_12_24","Best trim",3.024944,24,25,18,21
4,"long","b_2_39","Headline PCE",2.077131,11,12,11,12
5,"long","b_2_39","Headline PCE",2.077131,20,20,11,12
5,"long","b_2_39","Core PCE",1.49674,20,20,11,12
5,"long","b_2_39","NY Fed UIG",0.90361,20,20,11,12
5,"long","b_2_39","Median PCE",1.339463,20,20,11,12
5,"long","b_2_39","Trimmed mean",1.269008,20,20,11,12
5,"long","b_2_39","Best trim",1.220178,20,20,11,12
4,"long","b_2_39","Median PCE",1.339463,11,12,11,12
4,"long","b_2_39","Trimmed mean",1.269008,11,12,11,12
4,"long","b_2_39","Core PCE",1.49674,11,12,11,12
4,"long","b_2_39","NY Fed UIG",0.90361,11,12,11,12
4,"long","b_2_39","Best trim",1.146776,11,12,11,12
4,"long","c_0_37","Headline PCE",2.225397,17,19,17,19
4,"long","c_0_37","Core PCE",1.47011,17,19,17,19
4,"long","c_0_37","NY Fed UIG",0.735185,17,19,17,19
4,"long","c_0_37","Median PCE",1.18365,17,19,17,19
4,"long","c_0_37","Trimmed mean",1.114293,17,19,17,19
4,"long","c_0_37","Best trim",1.079002,17,19,17,19
5,"long","c_0_37","Headline PCE",2.225397,27,28,17,19
5,"long","c_0_37","Core PCE",1.47011,27,28,17,19
5,"long","c_0_37","NY Fed UIG",0.735185,27,28,17,19
5,"long","c_0_37","Median PCE",1.18365,27,28,17,19
5,"long","c_0_37","Trimmed mean",1.114293,27,28,17,19
5,"long","c_0_37","Best trim",1.204567,27,28,17,19
5,"long","f_0_24","Headline PCE",2.432156,24,26,14,16
5,"long","f_0_24","Core PCE",1.961896,24,26,14,16
5,"long","f_0_24","NY Fed UIG",1.479756,24,26,14,16
5,"long","f_0_24","Median PCE",1.709086,24,26,14,16
5,"long","f_0_24","Trimmed mean",1.666172,24,26,14,16
5,"long","f_0_24","Best trim",1.69913,24,26,14,16
4,"long","f_0_24","Median PCE",1.709086,14,16,14,16
4,"long","f_0_24","Headline PCE",2.432156,14,16,14,16
4,"long","f_0_24","Core PCE",1.961896,14,16,14,16
4,"long","f_0_24","NY Fed UIG",1.479756,14,16,14,16
4,"long","f_0_24","Trimmed mean",1.666172,14,16,14,16
4,"long","f_0_24","Best trim",1.624339,14,16,14,16
5,"long","f_12_24","Headline PCE",2.948783,47,50,25,31
4,"long","f_12_24","Headline PCE",2.948783,35,41,25,31
4,"long","f_12_24","Core PCE",2.445755,35,41,25,31
4,"long","f_12_24","NY Fed UIG",1.994243,35,41,25,31
4,"long","f_12_24","Median PCE",2.170235,35,41,25,31
4,"long","f_12_24","Trimmed mean",2.136113,35,41,25,31
4,"long","f_12_24","Best trim",2.109945,35,41,25,31
5,"long","f_12_24","Trimmed mean",2.136113,47,50,25,31
5,"long","f_12_24","Core PCE",2.445755,47,50,25,31
5,"long","f_12_24","NY Fed UIG",1.994243,47,50,25,31
5,"long","f_12_24","Median PCE",2.170235,47,50,25,31
5,"long","f_12_24","Best trim",2.188828,47,50,25,31
