"sample","target","x1","x2","y1","y2"
"00s","b_2_39",7.5,7.5,5.5,6.5
"00s","b_2_39",8.5,8.5,6.5,7.5
"00s","b_2_39",10.5,10.5,7.5,8.5
"00s","b_2_39",11.5,11.5,8.5,9.5
"00s","b_2_39",12.5,12.5,9.5,10.5
"00s","b_2_39",13.5,13.5,10.5,11.5
"00s","b_2_39",13.5,13.5,11.5,12.5
"00s","b_2_39",14.5,14.5,12.5,13.5
"00s","b_2_39",15.5,15.5,13.5,14.5
"00s","b_2_39",15.5,15.5,14.5,15.5
"00s","b_2_39",16.5,16.5,15.5,16.5
"00s","b_2_39",17.5,17.5,16.5,17.5
"00s","b_2_39",17.5,17.5,17.5,18.5
"00s","b_2_39",17.5,17.5,18.5,19.5
"00s","b_2_39",18.5,18.5,19.5,20.5
"00s","b_2_39",18.5,18.5,20.5,21.5
"00s","b_2_39",19.5,19.5,21.5,22.5
"00s","b_2_39",20.5,20.5,22.5,23.5
"00s","b_2_39",21.5,21.5,23.5,24.5
"00s","b_2_39",21.5,21.5,24.5,25.5
"00s","b_2_39",22.5,22.5,25.5,26.5
"00s","b_2_39",22.5,22.5,26.5,27.5
"00s","b_2_39",23.5,23.5,27.5,28.5
"00s","b_2_39",23.5,23.5,28.5,29.5
"00s","b_2_39",24.5,24.5,29.5,30.5
"00s","b_2_39",24.5,24.5,30.5,31.5
"00s","b_2_39",24.5,24.5,31.5,32.5
"00s","b_2_39",24.5,24.5,32.5,33.5
"00s","b_2_39",24.5,24.5,33.5,34.5
"00s","b_2_39",5.5,5.5,5.5,6.5
"00s","b_2_39",5.5,5.5,6.5,7.5
"00s","b_2_39",5.5,5.5,7.5,8.5
"00s","b_2_39",6.5,6.5,8.5,9.5
"00s","b_2_39",6.5,6.5,9.5,10.5
"00s","b_2_39",7.5,7.5,10.5,11.5
"00s","b_2_39",7.5,7.5,11.5,12.5
"00s","b_2_39",8.5,8.5,12.5,13.5
"00s","b_2_39",8.5,8.5,13.5,14.5
"00s","b_2_39",9.5,9.5,14.5,15.5
"00s","b_2_39",9.5,9.5,15.5,16.5
"00s","b_2_39",10.5,10.5,16.5,17.5
"00s","b_2_39",11.5,11.5,17.5,18.5
"00s","b_2_39",11.5,11.5,18.5,19.5
"00s","b_2_39",12.5,12.5,19.5,20.5
"00s","b_2_39",12.5,12.5,20.5,21.5
"00s","b_2_39",13.5,13.5,21.5,22.5
"00s","b_2_39",13.5,13.5,22.5,23.5
"00s","b_2_39",14.5,14.5,23.5,24.5
"00s","b_2_39",14.5,14.5,24.5,25.5
"00s","b_2_39",15.5,15.5,25.5,26.5
"00s","b_2_39",16.5,16.5,26.5,27.5
"00s","b_2_39",16.5,16.5,27.5,28.5
"00s","b_2_39",17.5,17.5,28.5,29.5
"00s","b_2_39",18.5,18.5,29.5,30.5
"00s","b_2_39",19.5,19.5,30.5,31.5
"00s","b_2_39",19.5,19.5,31.5,32.5
"00s","b_2_39",20.5,20.5,32.5,33.5
"00s","b_2_39",21.5,21.5,33.5,34.5
"00s","b_2_39",5.5,6.5,8.5,8.5
"00s","b_2_39",6.5,7.5,10.5,10.5
"00s","b_2_39",7.5,8.5,12.5,12.5
"00s","b_2_39",8.5,9.5,14.5,14.5
"00s","b_2_39",9.5,10.5,16.5,16.5
"00s","b_2_39",10.5,11.5,17.5,17.5
"00s","b_2_39",11.5,12.5,19.5,19.5
"00s","b_2_39",12.5,13.5,21.5,21.5
"00s","b_2_39",13.5,14.5,23.5,23.5
"00s","b_2_39",14.5,15.5,25.5,25.5
"00s","b_2_39",15.5,16.5,26.5,26.5
"00s","b_2_39",16.5,17.5,28.5,28.5
"00s","b_2_39",17.5,18.5,29.5,29.5
"00s","b_2_39",18.5,19.5,30.5,30.5
"00s","b_2_39",19.5,20.5,32.5,32.5
"00s","b_2_39",20.5,21.5,33.5,33.5
"00s","b_2_39",21.5,22.5,34.5,34.5
"00s","b_2_39",22.5,23.5,34.5,34.5
"00s","b_2_39",23.5,24.5,34.5,34.5
"00s","b_2_39",5.5,6.5,5.5,5.5
"00s","b_2_39",6.5,7.5,5.5,5.5
"00s","b_2_39",7.5,8.5,6.5,6.5
"00s","b_2_39",8.5,9.5,7.5,7.5
"00s","b_2_39",9.5,10.5,7.5,7.5
"00s","b_2_39",10.5,11.5,8.5,8.5
"00s","b_2_39",11.5,12.5,9.5,9.5
"00s","b_2_39",12.5,13.5,10.5,10.5
"00s","b_2_39",13.5,14.5,12.5,12.5
"00s","b_2_39",14.5,15.5,13.5,13.5
"00s","b_2_39",15.5,16.5,15.5,15.5
"00s","b_2_39",16.5,17.5,16.5,16.5
"00s","b_2_39",17.5,18.5,19.5,19.5
"00s","b_2_39",18.5,19.5,21.5,21.5
"00s","b_2_39",19.5,20.5,22.5,22.5
"00s","b_2_39",20.5,21.5,23.5,23.5
"00s","b_2_39",21.5,22.5,25.5,25.5
"00s","b_2_39",22.5,23.5,27.5,27.5
"00s","b_2_39",23.5,24.5,29.5,29.5
"80s","b_2_39",7.5,7.5,4.5,5.5
"80s","b_2_39",10.5,10.5,5.5,6.5
"80s","b_2_39",11.5,11.5,6.5,7.5
"80s","b_2_39",13.5,13.5,7.5,8.5
"80s","b_2_39",14.5,14.5,8.5,9.5
"80s","b_2_39",15.5,15.5,9.5,10.5
"80s","b_2_39",16.5,16.5,10.5,11.5
"80s","b_2_39",17.5,17.5,11.5,12.5
"80s","b_2_39",18.5,18.5,12.5,13.5
"80s","b_2_39",19.5,19.5,13.5,14.5
"80s","b_2_39",20.5,20.5,14.5,15.5
"80s","b_2_39",21.5,21.5,15.5,16.5
"80s","b_2_39",22.5,22.5,16.5,17.5
"80s","b_2_39",23.5,23.5,17.5,18.5
"80s","b_2_39",23.5,23.5,18.5,19.5
"80s","b_2_39",24.5,24.5,19.5,20.5
"80s","b_2_39",25.5,25.5,20.5,21.5
"80s","b_2_39",26.5,26.5,21.5,22.5
"80s","b_2_39",26.5,26.5,22.5,23.5
"80s","b_2_39",27.5,27.5,23.5,24.5
"80s","b_2_39",28.5,28.5,24.5,25.5
"80s","b_2_39",29.5,29.5,25.5,26.5
"80s","b_2_39",30.5,30.5,26.5,27.5
"80s","b_2_39",31.5,31.5,27.5,28.5
"80s","b_2_39",32.5,32.5,28.5,29.5
"80s","b_2_39",33.5,33.5,29.5,30.5
"80s","b_2_39",34.5,34.5,30.5,31.5
"80s","b_2_39",35.5,35.5,31.5,32.5
"80s","b_2_39",36.5,36.5,32.5,33.5
"80s","b_2_39",37.5,37.5,33.5,34.5
"80s","b_2_39",38.5,38.5,34.5,35.5
"80s","b_2_39",38.5,38.5,35.5,36.5
"80s","b_2_39",39.5,39.5,36.5,37.5
"80s","b_2_39",39.5,39.5,37.5,38.5
"80s","b_2_39",43.5,43.5,40.5,41.5
"80s","b_2_39",44.5,44.5,41.5,42.5
"80s","b_2_39",45.5,45.5,42.5,43.5
"80s","b_2_39",46.5,46.5,43.5,44.5
"80s","b_2_39",46.5,46.5,44.5,45.5
"80s","b_2_39",46.5,46.5,45.5,46.5
"80s","b_2_39",5.5,5.5,4.5,5.5
"80s","b_2_39",5.5,5.5,5.5,6.5
"80s","b_2_39",5.5,5.5,6.5,7.5
"80s","b_2_39",5.5,5.5,7.5,8.5
"80s","b_2_39",6.5,6.5,8.5,9.5
"80s","b_2_39",7.5,7.5,9.5,10.5
"80s","b_2_39",8.5,8.5,10.5,11.5
"80s","b_2_39",8.5,8.5,11.5,12.5
"80s","b_2_39",9.5,9.5,12.5,13.5
"80s","b_2_39",10.5,10.5,13.5,14.5
"80s","b_2_39",11.5,11.5,14.5,15.5
"80s","b_2_39",12.5,12.5,15.5,16.5
"80s","b_2_39",13.5,13.5,16.5,17.5
"80s","b_2_39",14.5,14.5,17.5,18.5
"80s","b_2_39",15.5,15.5,18.5,19.5
"80s","b_2_39",16.5,16.5,19.5,20.5
"80s","b_2_39",17.5,17.5,20.5,21.5
"80s","b_2_39",18.5,18.5,21.5,22.5
"80s","b_2_39",19.5,19.5,22.5,23.5
"80s","b_2_39",20.5,20.5,23.5,24.5
"80s","b_2_39",21.5,21.5,24.5,25.5
"80s","b_2_39",22.5,22.5,25.5,26.5
"80s","b_2_39",24.5,24.5,26.5,27.5
"80s","b_2_39",25.5,25.5,27.5,28.5
"80s","b_2_39",26.5,26.5,28.5,29.5
"80s","b_2_39",27.5,27.5,29.5,30.5
"80s","b_2_39",29.5,29.5,30.5,31.5
"80s","b_2_39",30.5,30.5,31.5,32.5
"80s","b_2_39",31.5,31.5,32.5,33.5
"80s","b_2_39",32.5,32.5,33.5,34.5
"80s","b_2_39",34.5,34.5,34.5,35.5
"80s","b_2_39",35.5,35.5,35.5,36.5
"80s","b_2_39",36.5,36.5,36.5,37.5
"80s","b_2_39",38.5,38.5,37.5,38.5
"80s","b_2_39",41.5,41.5,40.5,41.5
"80s","b_2_39",42.5,42.5,41.5,42.5
"80s","b_2_39",42.5,42.5,42.5,43.5
"80s","b_2_39",43.5,43.5,43.5,44.5
"80s","b_2_39",44.5,44.5,44.5,45.5
"80s","b_2_39",45.5,45.5,45.5,46.5
"80s","b_2_39",5.5,6.5,8.5,8.5
"80s","b_2_39",6.5,7.5,9.5,9.5
"80s","b_2_39",7.5,8.5,10.5,10.5
"80s","b_2_39",8.5,9.5,12.5,12.5
"80s","b_2_39",9.5,10.5,13.5,13.5
"80s","b_2_39",10.5,11.5,14.5,14.5
"80s","b_2_39",11.5,12.5,15.5,15.5
"80s","b_2_39",12.5,13.5,16.5,16.5
"80s","b_2_39",13.5,14.5,17.5,17.5
"80s","b_2_39",14.5,15.5,18.5,18.5
"80s","b_2_39",15.5,16.5,19.5,19.5
"80s","b_2_39",16.5,17.5,20.5,20.5
"80s","b_2_39",17.5,18.5,21.5,21.5
"80s","b_2_39",18.5,19.5,22.5,22.5
"80s","b_2_39",19.5,20.5,23.5,23.5
"80s","b_2_39",20.5,21.5,24.5,24.5
"80s","b_2_39",21.5,22.5,25.5,25.5
"80s","b_2_39",22.5,23.5,26.5,26.5
"80s","b_2_39",23.5,24.5,26.5,26.5
"80s","b_2_39",24.5,25.5,27.5,27.5
"80s","b_2_39",25.5,26.5,28.5,28.5
"80s","b_2_39",26.5,27.5,29.5,29.5
"80s","b_2_39",27.5,28.5,30.5,30.5
"80s","b_2_39",28.5,29.5,30.5,30.5
"80s","b_2_39",29.5,30.5,31.5,31.5
"80s","b_2_39",30.5,31.5,32.5,32.5
"80s","b_2_39",31.5,32.5,33.5,33.5
"80s","b_2_39",32.5,33.5,34.5,34.5
"80s","b_2_39",33.5,34.5,34.5,34.5
"80s","b_2_39",34.5,35.5,35.5,35.5
"80s","b_2_39",35.5,36.5,36.5,36.5
"80s","b_2_39",36.5,37.5,37.5,37.5
"80s","b_2_39",37.5,38.5,37.5,37.5
"80s","b_2_39",38.5,39.5,38.5,38.5
"80s","b_2_39",41.5,42.5,41.5,41.5
"80s","b_2_39",42.5,43.5,43.5,43.5
"80s","b_2_39",43.5,44.5,44.5,44.5
"80s","b_2_39",44.5,45.5,45.5,45.5
"80s","b_2_39",45.5,46.5,46.5,46.5
"80s","b_2_39",5.5,6.5,4.5,4.5
"80s","b_2_39",6.5,7.5,4.5,4.5
"80s","b_2_39",7.5,8.5,5.5,5.5
"80s","b_2_39",8.5,9.5,5.5,5.5
"80s","b_2_39",9.5,10.5,5.5,5.5
"80s","b_2_39",10.5,11.5,6.5,6.5
"80s","b_2_39",11.5,12.5,7.5,7.5
"80s","b_2_39",12.5,13.5,7.5,7.5
"80s","b_2_39",13.5,14.5,8.5,8.5
"80s","b_2_39",14.5,15.5,9.5,9.5
"80s","b_2_39",15.5,16.5,10.5,10.5
"80s","b_2_39",16.5,17.5,11.5,11.5
"80s","b_2_39",17.5,18.5,12.5,12.5
"80s","b_2_39",18.5,19.5,13.5,13.5
"80s","b_2_39",19.5,20.5,14.5,14.5
"80s","b_2_39",20.5,21.5,15.5,15.5
"80s","b_2_39",21.5,22.5,16.5,16.5
"80s","b_2_39",22.5,23.5,17.5,17.5
"80s","b_2_39",23.5,24.5,19.5,19.5
"80s","b_2_39",24.5,25.5,20.5,20.5
"80s","b_2_39",25.5,26.5,21.5,21.5
"80s","b_2_39",26.5,27.5,23.5,23.5
"80s","b_2_39",27.5,28.5,24.5,24.5
"80s","b_2_39",28.5,29.5,25.5,25.5
"80s","b_2_39",29.5,30.5,26.5,26.5
"80s","b_2_39",30.5,31.5,27.5,27.5
"80s","b_2_39",31.5,32.5,28.5,28.5
"80s","b_2_39",32.5,33.5,29.5,29.5
"80s","b_2_39",33.5,34.5,30.5,30.5
"80s","b_2_39",34.5,35.5,31.5,31.5
"80s","b_2_39",35.5,36.5,32.5,32.5
"80s","b_2_39",36.5,37.5,33.5,33.5
"80s","b_2_39",37.5,38.5,34.5,34.5
"80s","b_2_39",38.5,39.5,36.5,36.5
"80s","b_2_39",41.5,42.5,40.5,40.5
"80s","b_2_39",42.5,43.5,40.5,40.5
"80s","b_2_39",43.5,44.5,41.5,41.5
"80s","b_2_39",44.5,45.5,42.5,42.5
"80s","b_2_39",45.5,46.5,43.5,43.5
"long","b_2_39",7.5,7.5,5.5,6.5
"long","b_2_39",9.5,9.5,6.5,7.5
"long","b_2_39",10.5,10.5,7.5,8.5
"long","b_2_39",11.5,11.5,8.5,9.5
"long","b_2_39",12.5,12.5,9.5,10.5
"long","b_2_39",13.5,13.5,10.5,11.5
"long","b_2_39",13.5,13.5,11.5,12.5
"long","b_2_39",14.5,14.5,12.5,13.5
"long","b_2_39",15.5,15.5,13.5,14.5
"long","b_2_39",15.5,15.5,14.5,15.5
"long","b_2_39",16.5,16.5,15.5,16.5
"long","b_2_39",16.5,16.5,16.5,17.5
"long","b_2_39",17.5,17.5,17.5,18.5
"long","b_2_39",17.5,17.5,18.5,19.5
"long","b_2_39",5.5,5.5,5.5,6.5
"long","b_2_39",5.5,5.5,6.5,7.5
"long","b_2_39",6.5,6.5,7.5,8.5
"long","b_2_39",7.5,7.5,8.5,9.5
"long","b_2_39",7.5,7.5,9.5,10.5
"long","b_2_39",8.5,8.5,10.5,11.5
"long","b_2_39",9.5,9.5,11.5,12.5
"long","b_2_39",10.5,10.5,12.5,13.5
"long","b_2_39",10.5,10.5,13.5,14.5
"long","b_2_39",11.5,11.5,14.5,15.5
"long","b_2_39",12.5,12.5,15.5,16.5
"long","b_2_39",13.5,13.5,16.5,17.5
"long","b_2_39",14.5,14.5,17.5,18.5
"long","b_2_39",15.5,15.5,18.5,19.5
"long","b_2_39",5.5,6.5,7.5,7.5
"long","b_2_39",6.5,7.5,8.5,8.5
"long","b_2_39",7.5,8.5,10.5,10.5
"long","b_2_39",8.5,9.5,11.5,11.5
"long","b_2_39",9.5,10.5,12.5,12.5
"long","b_2_39",10.5,11.5,14.5,14.5
"long","b_2_39",11.5,12.5,15.5,15.5
"long","b_2_39",12.5,13.5,16.5,16.5
"long","b_2_39",13.5,14.5,17.5,17.5
"long","b_2_39",14.5,15.5,18.5,18.5
"long","b_2_39",15.5,16.5,19.5,19.5
"long","b_2_39",16.5,17.5,19.5,19.5
"long","b_2_39",5.5,6.5,5.5,5.5
"long","b_2_39",6.5,7.5,5.5,5.5
"long","b_2_39",7.5,8.5,6.5,6.5
"long","b_2_39",8.5,9.5,6.5,6.5
"long","b_2_39",9.5,10.5,7.5,7.5
"long","b_2_39",10.5,11.5,8.5,8.5
"long","b_2_39",11.5,12.5,9.5,9.5
"long","b_2_39",12.5,13.5,10.5,10.5
"long","b_2_39",13.5,14.5,12.5,12.5
"long","b_2_39",14.5,15.5,13.5,13.5
"long","b_2_39",15.5,16.5,15.5,15.5
"long","b_2_39",16.5,17.5,17.5,17.5
"00s","c_0_37",12.5,12.5,12.5,13.5
"00s","c_0_37",13.5,13.5,13.5,14.5
"00s","c_0_37",14.5,14.5,14.5,15.5
"00s","c_0_37",15.5,15.5,15.5,16.5
"00s","c_0_37",16.5,16.5,16.5,17.5
"00s","c_0_37",17.5,17.5,17.5,18.5
"00s","c_0_37",18.5,18.5,18.5,19.5
"00s","c_0_37",19.5,19.5,19.5,20.5
"00s","c_0_37",19.5,19.5,20.5,21.5
"00s","c_0_37",20.5,20.5,21.5,22.5
"00s","c_0_37",21.5,21.5,22.5,23.5
"00s","c_0_37",21.5,21.5,23.5,24.5
"00s","c_0_37",22.5,22.5,24.5,25.5
"00s","c_0_37",22.5,22.5,25.5,26.5
"00s","c_0_37",23.5,23.5,26.5,27.5
"00s","c_0_37",23.5,23.5,27.5,28.5
"00s","c_0_37",24.5,24.5,28.5,29.5
"00s","c_0_37",24.5,24.5,29.5,30.5
"00s","c_0_37",25.5,25.5,30.5,31.5
"00s","c_0_37",25.5,25.5,31.5,32.5
"00s","c_0_37",26.5,26.5,32.5,33.5
"00s","c_0_37",26.5,26.5,33.5,34.5
"00s","c_0_37",27.5,27.5,34.5,35.5
"00s","c_0_37",28.5,28.5,35.5,36.5
"00s","c_0_37",28.5,28.5,36.5,37.5
"00s","c_0_37",29.5,29.5,37.5,38.5
"00s","c_0_37",30.5,30.5,38.5,39.5
"00s","c_0_37",30.5,30.5,39.5,40.5
"00s","c_0_37",31.5,31.5,40.5,41.5
"00s","c_0_37",32.5,32.5,41.5,42.5
"00s","c_0_37",33.5,33.5,42.5,43.5
"00s","c_0_37",33.5,33.5,43.5,44.5
"00s","c_0_37",34.5,34.5,44.5,45.5
"00s","c_0_37",34.5,34.5,45.5,46.5
"00s","c_0_37",34.5,34.5,46.5,47.5
"00s","c_0_37",35.5,35.5,47.5,48.5
"00s","c_0_37",35.5,35.5,48.5,49.5
"00s","c_0_37",10.5,10.5,12.5,13.5
"00s","c_0_37",10.5,10.5,13.5,14.5
"00s","c_0_37",11.5,11.5,14.5,15.5
"00s","c_0_37",11.5,11.5,15.5,16.5
"00s","c_0_37",11.5,11.5,16.5,17.5
"00s","c_0_37",11.5,11.5,17.5,18.5
"00s","c_0_37",12.5,12.5,18.5,19.5
"00s","c_0_37",12.5,12.5,19.5,20.5
"00s","c_0_37",13.5,13.5,20.5,21.5
"00s","c_0_37",13.5,13.5,21.5,22.5
"00s","c_0_37",14.5,14.5,22.5,23.5
"00s","c_0_37",14.5,14.5,23.5,24.5
"00s","c_0_37",14.5,14.5,24.5,25.5
"00s","c_0_37",15.5,15.5,25.5,26.5
"00s","c_0_37",15.5,15.5,26.5,27.5
"00s","c_0_37",16.5,16.5,27.5,28.5
"00s","c_0_37",16.5,16.5,28.5,29.5
"00s","c_0_37",17.5,17.5,29.5,30.5
"00s","c_0_37",18.5,18.5,30.5,31.5
"00s","c_0_37",18.5,18.5,31.5,32.5
"00s","c_0_37",19.5,19.5,32.5,33.5
"00s","c_0_37",19.5,19.5,33.5,34.5
"00s","c_0_37",20.5,20.5,34.5,35.5
"00s","c_0_37",21.5,21.5,35.5,36.5
"00s","c_0_37",21.5,21.5,36.5,37.5
"00s","c_0_37",22.5,22.5,37.5,38.5
"00s","c_0_37",23.5,23.5,38.5,39.5
"00s","c_0_37",23.5,23.5,39.5,40.5
"00s","c_0_37",24.5,24.5,40.5,41.5
"00s","c_0_37",25.5,25.5,41.5,42.5
"00s","c_0_37",26.5,26.5,42.5,43.5
"00s","c_0_37",27.5,27.5,43.5,44.5
"00s","c_0_37",28.5,28.5,44.5,45.5
"00s","c_0_37",29.5,29.5,45.5,46.5
"00s","c_0_37",30.5,30.5,46.5,47.5
"00s","c_0_37",31.5,31.5,47.5,48.5
"00s","c_0_37",33.5,33.5,48.5,49.5
"00s","c_0_37",10.5,11.5,14.5,14.5
"00s","c_0_37",11.5,12.5,18.5,18.5
"00s","c_0_37",12.5,13.5,20.5,20.5
"00s","c_0_37",13.5,14.5,22.5,22.5
"00s","c_0_37",14.5,15.5,25.5,25.5
"00s","c_0_37",15.5,16.5,27.5,27.5
"00s","c_0_37",16.5,17.5,29.5,29.5
"00s","c_0_37",17.5,18.5,30.5,30.5
"00s","c_0_37",18.5,19.5,32.5,32.5
"00s","c_0_37",19.5,20.5,34.5,34.5
"00s","c_0_37",20.5,21.5,35.5,35.5
"00s","c_0_37",21.5,22.5,37.5,37.5
"00s","c_0_37",22.5,23.5,38.5,38.5
"00s","c_0_37",23.5,24.5,40.5,40.5
"00s","c_0_37",24.5,25.5,41.5,41.5
"00s","c_0_37",25.5,26.5,42.5,42.5
"00s","c_0_37",26.5,27.5,43.5,43.5
"00s","c_0_37",27.5,28.5,44.5,44.5
"00s","c_0_37",28.5,29.5,45.5,45.5
"00s","c_0_37",29.5,30.5,46.5,46.5
"00s","c_0_37",30.5,31.5,47.5,47.5
"00s","c_0_37",31.5,32.5,48.5,48.5
"00s","c_0_37",32.5,33.5,48.5,48.5
"00s","c_0_37",33.5,34.5,49.5,49.5
"00s","c_0_37",34.5,35.5,49.5,49.5
"00s","c_0_37",10.5,11.5,12.5,12.5
"00s","c_0_37",11.5,12.5,12.5,12.5
"00s","c_0_37",12.5,13.5,13.5,13.5
"00s","c_0_37",13.5,14.5,14.5,14.5
"00s","c_0_37",14.5,15.5,15.5,15.5
"00s","c_0_37",15.5,16.5,16.5,16.5
"00s","c_0_37",16.5,17.5,17.5,17.5
"00s","c_0_37",17.5,18.5,18.5,18.5
"00s","c_0_37",18.5,19.5,19.5,19.5
"00s","c_0_37",19.5,20.5,21.5,21.5
"00s","c_0_37",20.5,21.5,22.5,22.5
"00s","c_0_37",21.5,22.5,24.5,24.5
"00s","c_0_37",22.5,23.5,26.5,26.5
"00s","c_0_37",23.5,24.5,28.5,28.5
"00s","c_0_37",24.5,25.5,30.5,30.5
"00s","c_0_37",25.5,26.5,32.5,32.5
"00s","c_0_37",26.5,27.5,34.5,34.5
"00s","c_0_37",27.5,28.5,35.5,35.5
"00s","c_0_37",28.5,29.5,37.5,37.5
"00s","c_0_37",29.5,30.5,38.5,38.5
"00s","c_0_37",30.5,31.5,40.5,40.5
"00s","c_0_37",31.5,32.5,41.5,41.5
"00s","c_0_37",32.5,33.5,42.5,42.5
"00s","c_0_37",33.5,34.5,44.5,44.5
"00s","c_0_37",34.5,35.5,47.5,47.5
"80s","c_0_37",9.5,9.5,5.5,6.5
"80s","c_0_37",12.5,12.5,6.5,7.5
"80s","c_0_37",13.5,13.5,7.5,8.5
"80s","c_0_37",15.5,15.5,8.5,9.5
"80s","c_0_37",16.5,16.5,9.5,10.5
"80s","c_0_37",18.5,18.5,10.5,11.5
"80s","c_0_37",19.5,19.5,11.5,12.5
"80s","c_0_37",20.5,20.5,12.5,13.5
"80s","c_0_37",21.5,21.5,13.5,14.5
"80s","c_0_37",22.5,22.5,14.5,15.5
"80s","c_0_37",23.5,23.5,15.5,16.5
"80s","c_0_37",24.5,24.5,16.5,17.5
"80s","c_0_37",25.5,25.5,17.5,18.5
"80s","c_0_37",26.5,26.5,18.5,19.5
"80s","c_0_37",28.5,28.5,19.5,20.5
"80s","c_0_37",29.5,29.5,20.5,21.5
"80s","c_0_37",30.5,30.5,21.5,22.5
"80s","c_0_37",31.5,31.5,22.5,23.5
"80s","c_0_37",32.5,32.5,23.5,24.5
"80s","c_0_37",34.5,34.5,24.5,25.5
"80s","c_0_37",35.5,35.5,25.5,26.5
"80s","c_0_37",36.5,36.5,26.5,27.5
"80s","c_0_37",37.5,37.5,27.5,28.5
"80s","c_0_37",39.5,39.5,28.5,29.5
"80s","c_0_37",40.5,40.5,29.5,30.5
"80s","c_0_37",41.5,41.5,30.5,31.5
"80s","c_0_37",42.5,42.5,31.5,32.5
"80s","c_0_37",43.5,43.5,32.5,33.5
"80s","c_0_37",44.5,44.5,33.5,34.5
"80s","c_0_37",45.5,45.5,34.5,35.5
"80s","c_0_37",45.5,45.5,35.5,36.5
"80s","c_0_37",46.5,46.5,36.5,37.5
"80s","c_0_37",47.5,47.5,37.5,38.5
"80s","c_0_37",48.5,48.5,38.5,39.5
"80s","c_0_37",49.5,49.5,39.5,40.5
"80s","c_0_37",50.5,50.5,40.5,41.5
"80s","c_0_37",50.5,50.5,41.5,42.5
"80s","c_0_37",50.5,50.5,42.5,43.5
"80s","c_0_37",50.5,50.5,43.5,44.5
"80s","c_0_37",50.5,50.5,44.5,45.5
"80s","c_0_37",50.5,50.5,45.5,46.5
"80s","c_0_37",50.5,50.5,46.5,47.5
"80s","c_0_37",50.5,50.5,47.5,48.5
"80s","c_0_37",50.5,50.5,48.5,49.5
"80s","c_0_37",50.5,50.5,49.5,50.5
"80s","c_0_37",6.5,6.5,5.5,6.5
"80s","c_0_37",6.5,6.5,6.5,7.5
"80s","c_0_37",7.5,7.5,7.5,8.5
"80s","c_0_37",7.5,7.5,8.5,9.5
"80s","c_0_37",8.5,8.5,9.5,10.5
"80s","c_0_37",9.5,9.5,10.5,11.5
"80s","c_0_37",10.5,10.5,11.5,12.5
"80s","c_0_37",10.5,10.5,12.5,13.5
"80s","c_0_37",11.5,11.5,13.5,14.5
"80s","c_0_37",12.5,12.5,14.5,15.5
"80s","c_0_37",13.5,13.5,15.5,16.5
"80s","c_0_37",13.5,13.5,16.5,17.5
"80s","c_0_37",14.5,14.5,17.5,18.5
"80s","c_0_37",15.5,15.5,18.5,19.5
"80s","c_0_37",16.5,16.5,19.5,20.5
"80s","c_0_37",16.5,16.5,20.5,21.5
"80s","c_0_37",17.5,17.5,21.5,22.5
"80s","c_0_37",18.5,18.5,22.5,23.5
"80s","c_0_37",19.5,19.5,23.5,24.5
"80s","c_0_37",20.5,20.5,24.5,25.5
"80s","c_0_37",20.5,20.5,25.5,26.5
"80s","c_0_37",21.5,21.5,26.5,27.5
"80s","c_0_37",22.5,22.5,27.5,28.5
"80s","c_0_37",23.5,23.5,28.5,29.5
"80s","c_0_37",24.5,24.5,29.5,30.5
"80s","c_0_37",25.5,25.5,30.5,31.5
"80s","c_0_37",25.5,25.5,31.5,32.5
"80s","c_0_37",26.5,26.5,32.5,33.5
"80s","c_0_37",27.5,27.5,33.5,34.5
"80s","c_0_37",28.5,28.5,34.5,35.5
"80s","c_0_37",29.5,29.5,35.5,36.5
"80s","c_0_37",30.5,30.5,36.5,37.5
"80s","c_0_37",31.5,31.5,37.5,38.5
"80s","c_0_37",32.5,32.5,38.5,39.5
"80s","c_0_37",33.5,33.5,39.5,40.5
"80s","c_0_37",34.5,34.5,40.5,41.5
"80s","c_0_37",34.5,34.5,41.5,42.5
"80s","c_0_37",35.5,35.5,42.5,43.5
"80s","c_0_37",36.5,36.5,43.5,44.5
"80s","c_0_37",37.5,37.5,44.5,45.5
"80s","c_0_37",38.5,38.5,45.5,46.5
"80s","c_0_37",39.5,39.5,46.5,47.5
"80s","c_0_37",40.5,40.5,47.5,48.5
"80s","c_0_37",41.5,41.5,48.5,49.5
"80s","c_0_37",43.5,43.5,49.5,50.5
"80s","c_0_37",6.5,7.5,7.5,7.5
"80s","c_0_37",7.5,8.5,9.5,9.5
"80s","c_0_37",8.5,9.5,10.5,10.5
"80s","c_0_37",9.5,10.5,11.5,11.5
"80s","c_0_37",10.5,11.5,13.5,13.5
"80s","c_0_37",11.5,12.5,14.5,14.5
"80s","c_0_37",12.5,13.5,15.5,15.5
"80s","c_0_37",13.5,14.5,17.5,17.5
"80s","c_0_37",14.5,15.5,18.5,18.5
"80s","c_0_37",15.5,16.5,19.5,19.5
"80s","c_0_37",16.5,17.5,21.5,21.5
"80s","c_0_37",17.5,18.5,22.5,22.5
"80s","c_0_37",18.5,19.5,23.5,23.5
"80s","c_0_37",19.5,20.5,24.5,24.5
"80s","c_0_37",20.5,21.5,26.5,26.5
"80s","c_0_37",21.5,22.5,27.5,27.5
"80s","c_0_37",22.5,23.5,28.5,28.5
"80s","c_0_37",23.5,24.5,29.5,29.5
"80s","c_0_37",24.5,25.5,30.5,30.5
"80s","c_0_37",25.5,26.5,32.5,32.5
"80s","c_0_37",26.5,27.5,33.5,33.5
"80s","c_0_37",27.5,28.5,34.5,34.5
"80s","c_0_37",28.5,29.5,35.5,35.5
"80s","c_0_37",29.5,30.5,36.5,36.5
"80s","c_0_37",30.5,31.5,37.5,37.5
"80s","c_0_37",31.5,32.5,38.5,38.5
"80s","c_0_37",32.5,33.5,39.5,39.5
"80s","c_0_37",33.5,34.5,40.5,40.5
"80s","c_0_37",34.5,35.5,42.5,42.5
"80s","c_0_37",35.5,36.5,43.5,43.5
"80s","c_0_37",36.5,37.5,44.5,44.5
"80s","c_0_37",37.5,38.5,45.5,45.5
"80s","c_0_37",38.5,39.5,46.5,46.5
"80s","c_0_37",39.5,40.5,47.5,47.5
"80s","c_0_37",40.5,41.5,48.5,48.5
"80s","c_0_37",41.5,42.5,49.5,49.5
"80s","c_0_37",42.5,43.5,49.5,49.5
"80s","c_0_37",43.5,44.5,50.5,50.5
"80s","c_0_37",44.5,45.5,50.5,50.5
"80s","c_0_37",45.5,46.5,50.5,50.5
"80s","c_0_37",46.5,47.5,50.5,50.5
"80s","c_0_37",47.5,48.5,50.5,50.5
"80s","c_0_37",48.5,49.5,50.5,50.5
"80s","c_0_37",49.5,50.5,50.5,50.5
"80s","c_0_37",6.5,7.5,5.5,5.5
"80s","c_0_37",7.5,8.5,5.5,5.5
"80s","c_0_37",8.5,9.5,5.5,5.5
"80s","c_0_37",9.5,10.5,6.5,6.5
"80s","c_0_37",10.5,11.5,6.5,6.5
"80s","c_0_37",11.5,12.5,6.5,6.5
"80s","c_0_37",12.5,13.5,7.5,7.5
"80s","c_0_37",13.5,14.5,8.5,8.5
"80s","c_0_37",14.5,15.5,8.5,8.5
"80s","c_0_37",15.5,16.5,9.5,9.5
"80s","c_0_37",16.5,17.5,10.5,10.5
"80s","c_0_37",17.5,18.5,10.5,10.5
"80s","c_0_37",18.5,19.5,11.5,11.5
"80s","c_0_37",19.5,20.5,12.5,12.5
"80s","c_0_37",20.5,21.5,13.5,13.5
"80s","c_0_37",21.5,22.5,14.5,14.5
"80s","c_0_37",22.5,23.5,15.5,15.5
"80s","c_0_37",23.5,24.5,16.5,16.5
"80s","c_0_37",24.5,25.5,17.5,17.5
"80s","c_0_37",25.5,26.5,18.5,18.5
"80s","c_0_37",26.5,27.5,19.5,19.5
"80s","c_0_37",27.5,28.5,19.5,19.5
"80s","c_0_37",28.5,29.5,20.5,20.5
"80s","c_0_37",29.5,30.5,21.5,21.5
"80s","c_0_37",30.5,31.5,22.5,22.5
"80s","c_0_37",31.5,32.5,23.5,23.5
"80s","c_0_37",32.5,33.5,24.5,24.5
"80s","c_0_37",33.5,34.5,24.5,24.5
"80s","c_0_37",34.5,35.5,25.5,25.5
"80s","c_0_37",35.5,36.5,26.5,26.5
"80s","c_0_37",36.5,37.5,27.5,27.5
"80s","c_0_37",37.5,38.5,28.5,28.5
"80s","c_0_37",38.5,39.5,28.5,28.5
"80s","c_0_37",39.5,40.5,29.5,29.5
"80s","c_0_37",40.5,41.5,30.5,30.5
"80s","c_0_37",41.5,42.5,31.5,31.5
"80s","c_0_37",42.5,43.5,32.5,32.5
"80s","c_0_37",43.5,44.5,33.5,33.5
"80s","c_0_37",44.5,45.5,34.5,34.5
"80s","c_0_37",45.5,46.5,36.5,36.5
"80s","c_0_37",46.5,47.5,37.5,37.5
"80s","c_0_37",47.5,48.5,38.5,38.5
"80s","c_0_37",48.5,49.5,39.5,39.5
"80s","c_0_37",49.5,50.5,40.5,40.5
"long","c_0_37",11.5,11.5,10.5,11.5
"long","c_0_37",13.5,13.5,11.5,12.5
"long","c_0_37",14.5,14.5,12.5,13.5
"long","c_0_37",15.5,15.5,13.5,14.5
"long","c_0_37",16.5,16.5,14.5,15.5
"long","c_0_37",17.5,17.5,15.5,16.5
"long","c_0_37",18.5,18.5,16.5,17.5
"long","c_0_37",19.5,19.5,17.5,18.5
"long","c_0_37",19.5,19.5,18.5,19.5
"long","c_0_37",20.5,20.5,19.5,20.5
"long","c_0_37",21.5,21.5,20.5,21.5
"long","c_0_37",21.5,21.5,21.5,22.5
"long","c_0_37",22.5,22.5,22.5,23.5
"long","c_0_37",23.5,23.5,23.5,24.5
"long","c_0_37",24.5,24.5,24.5,25.5
"long","c_0_37",25.5,25.5,25.5,26.5
"long","c_0_37",26.5,26.5,26.5,27.5
"long","c_0_37",27.5,27.5,27.5,28.5
"long","c_0_37",27.5,27.5,28.5,29.5
"long","c_0_37",28.5,28.5,29.5,30.5
"long","c_0_37",29.5,29.5,30.5,31.5
"long","c_0_37",30.5,30.5,31.5,32.5
"long","c_0_37",30.5,30.5,32.5,33.5
"long","c_0_37",31.5,31.5,33.5,34.5
"long","c_0_37",31.5,31.5,34.5,35.5
"long","c_0_37",32.5,32.5,35.5,36.5
"long","c_0_37",9.5,9.5,10.5,11.5
"long","c_0_37",10.5,10.5,11.5,12.5
"long","c_0_37",10.5,10.5,12.5,13.5
"long","c_0_37",11.5,11.5,13.5,14.5
"long","c_0_37",11.5,11.5,14.5,15.5
"long","c_0_37",12.5,12.5,15.5,16.5
"long","c_0_37",12.5,12.5,16.5,17.5
"long","c_0_37",13.5,13.5,17.5,18.5
"long","c_0_37",14.5,14.5,18.5,19.5
"long","c_0_37",14.5,14.5,19.5,20.5
"long","c_0_37",15.5,15.5,20.5,21.5
"long","c_0_37",15.5,15.5,21.5,22.5
"long","c_0_37",16.5,16.5,22.5,23.5
"long","c_0_37",17.5,17.5,23.5,24.5
"long","c_0_37",18.5,18.5,24.5,25.5
"long","c_0_37",18.5,18.5,25.5,26.5
"long","c_0_37",19.5,19.5,26.5,27.5
"long","c_0_37",20.5,20.5,27.5,28.5
"long","c_0_37",21.5,21.5,28.5,29.5
"long","c_0_37",22.5,22.5,29.5,30.5
"long","c_0_37",23.5,23.5,30.5,31.5
"long","c_0_37",24.5,24.5,31.5,32.5
"long","c_0_37",25.5,25.5,32.5,33.5
"long","c_0_37",26.5,26.5,33.5,34.5
"long","c_0_37",27.5,27.5,34.5,35.5
"long","c_0_37",29.5,29.5,35.5,36.5
"long","c_0_37",9.5,10.5,11.5,11.5
"long","c_0_37",10.5,11.5,13.5,13.5
"long","c_0_37",11.5,12.5,15.5,15.5
"long","c_0_37",12.5,13.5,17.5,17.5
"long","c_0_37",13.5,14.5,18.5,18.5
"long","c_0_37",14.5,15.5,20.5,20.5
"long","c_0_37",15.5,16.5,22.5,22.5
"long","c_0_37",16.5,17.5,23.5,23.5
"long","c_0_37",17.5,18.5,24.5,24.5
"long","c_0_37",18.5,19.5,26.5,26.5
"long","c_0_37",19.5,20.5,27.5,27.5
"long","c_0_37",20.5,21.5,28.5,28.5
"long","c_0_37",21.5,22.5,29.5,29.5
"long","c_0_37",22.5,23.5,30.5,30.5
"long","c_0_37",23.5,24.5,31.5,31.5
"long","c_0_37",24.5,25.5,32.5,32.5
"long","c_0_37",25.5,26.5,33.5,33.5
"long","c_0_37",26.5,27.5,34.5,34.5
"long","c_0_37",27.5,28.5,35.5,35.5
"long","c_0_37",28.5,29.5,35.5,35.5
"long","c_0_37",29.5,30.5,36.5,36.5
"long","c_0_37",30.5,31.5,36.5,36.5
"long","c_0_37",31.5,32.5,36.5,36.5
"long","c_0_37",9.5,10.5,10.5,10.5
"long","c_0_37",10.5,11.5,10.5,10.5
"long","c_0_37",11.5,12.5,11.5,11.5
"long","c_0_37",12.5,13.5,11.5,11.5
"long","c_0_37",13.5,14.5,12.5,12.5
"long","c_0_37",14.5,15.5,13.5,13.5
"long","c_0_37",15.5,16.5,14.5,14.5
"long","c_0_37",16.5,17.5,15.5,15.5
"long","c_0_37",17.5,18.5,16.5,16.5
"long","c_0_37",18.5,19.5,17.5,17.5
"long","c_0_37",19.5,20.5,19.5,19.5
"long","c_0_37",20.5,21.5,20.5,20.5
"long","c_0_37",21.5,22.5,22.5,22.5
"long","c_0_37",22.5,23.5,23.5,23.5
"long","c_0_37",23.5,24.5,24.5,24.5
"long","c_0_37",24.5,25.5,25.5,25.5
"long","c_0_37",25.5,26.5,26.5,26.5
"long","c_0_37",26.5,27.5,27.5,27.5
"long","c_0_37",27.5,28.5,29.5,29.5
"long","c_0_37",28.5,29.5,30.5,30.5
"long","c_0_37",29.5,30.5,31.5,31.5
"long","c_0_37",30.5,31.5,33.5,33.5
"long","c_0_37",31.5,32.5,35.5,35.5
"00s","f_0_24",9.5,9.5,5.5,6.5
"00s","f_0_24",10.5,10.5,6.5,7.5
"00s","f_0_24",12.5,12.5,7.5,8.5
"00s","f_0_24",13.5,13.5,8.5,9.5
"00s","f_0_24",14.5,14.5,9.5,10.5
"00s","f_0_24",15.5,15.5,10.5,11.5
"00s","f_0_24",16.5,16.5,11.5,12.5
"00s","f_0_24",17.5,17.5,12.5,13.5
"00s","f_0_24",18.5,18.5,13.5,14.5
"00s","f_0_24",19.5,19.5,14.5,15.5
"00s","f_0_24",20.5,20.5,15.5,16.5
"00s","f_0_24",21.5,21.5,16.5,17.5
"00s","f_0_24",22.5,22.5,17.5,18.5
"00s","f_0_24",22.5,22.5,18.5,19.5
"00s","f_0_24",23.5,23.5,19.5,20.5
"00s","f_0_24",23.5,23.5,20.5,21.5
"00s","f_0_24",24.5,24.5,21.5,22.5
"00s","f_0_24",24.5,24.5,22.5,23.5
"00s","f_0_24",25.5,25.5,23.5,24.5
"00s","f_0_24",25.5,25.5,24.5,25.5
"00s","f_0_24",25.5,25.5,25.5,26.5
"00s","f_0_24",26.5,26.5,26.5,27.5
"00s","f_0_24",26.5,26.5,27.5,28.5
"00s","f_0_24",27.5,27.5,28.5,29.5
"00s","f_0_24",27.5,27.5,29.5,30.5
"00s","f_0_24",28.5,28.5,30.5,31.5
"00s","f_0_24",28.5,28.5,31.5,32.5
"00s","f_0_24",29.5,29.5,32.5,33.5
"00s","f_0_24",30.5,30.5,33.5,34.5
"00s","f_0_24",31.5,31.5,34.5,35.5
"00s","f_0_24",32.5,32.5,35.5,36.5
"00s","f_0_24",33.5,33.5,36.5,37.5
"00s","f_0_24",34.5,34.5,37.5,38.5
"00s","f_0_24",35.5,35.5,38.5,39.5
"00s","f_0_24",36.5,36.5,39.5,40.5
"00s","f_0_24",37.5,37.5,40.5,41.5
"00s","f_0_24",38.5,38.5,41.5,42.5
"00s","f_0_24",39.5,39.5,42.5,43.5
"00s","f_0_24",40.5,40.5,43.5,44.5
"00s","f_0_24",40.5,40.5,44.5,45.5
"00s","f_0_24",41.5,41.5,45.5,46.5
"00s","f_0_24",42.5,42.5,46.5,47.5
"00s","f_0_24",42.5,42.5,47.5,48.5
"00s","f_0_24",43.5,43.5,48.5,49.5
"00s","f_0_24",44.5,44.5,49.5,50.5
"00s","f_0_24",6.5,6.5,5.5,6.5
"00s","f_0_24",6.5,6.5,6.5,7.5
"00s","f_0_24",6.5,6.5,7.5,8.5
"00s","f_0_24",7.5,7.5,8.5,9.5
"00s","f_0_24",8.5,8.5,9.5,10.5
"00s","f_0_24",8.5,8.5,10.5,11.5
"00s","f_0_24",8.5,8.5,11.5,12.5
"00s","f_0_24",9.5,9.5,12.5,13.5
"00s","f_0_24",10.5,10.5,13.5,14.5
"00s","f_0_24",10.5,10.5,14.5,15.5
"00s","f_0_24",10.5,10.5,15.5,16.5
"00s","f_0_24",11.5,11.5,16.5,17.5
"00s","f_0_24",11.5,11.5,17.5,18.5
"00s","f_0_24",11.5,11.5,18.5,19.5
"00s","f_0_24",12.5,12.5,19.5,20.5
"00s","f_0_24",12.5,12.5,20.5,21.5
"00s","f_0_24",13.5,13.5,21.5,22.5
"00s","f_0_24",13.5,13.5,22.5,23.5
"00s","f_0_24",14.5,14.5,23.5,24.5
"00s","f_0_24",14.5,14.5,24.5,25.5
"00s","f_0_24",15.5,15.5,25.5,26.5
"00s","f_0_24",15.5,15.5,26.5,27.5
"00s","f_0_24",16.5,16.5,27.5,28.5
"00s","f_0_24",17.5,17.5,28.5,29.5
"00s","f_0_24",17.5,17.5,29.5,30.5
"00s","f_0_24",18.5,18.5,30.5,31.5
"00s","f_0_24",18.5,18.5,31.5,32.5
"00s","f_0_24",19.5,19.5,32.5,33.5
"00s","f_0_24",20.5,20.5,33.5,34.5
"00s","f_0_24",20.5,20.5,34.5,35.5
"00s","f_0_24",21.5,21.5,35.5,36.5
"00s","f_0_24",22.5,22.5,36.5,37.5
"00s","f_0_24",22.5,22.5,37.5,38.5
"00s","f_0_24",23.5,23.5,38.5,39.5
"00s","f_0_24",23.5,23.5,39.5,40.5
"00s","f_0_24",24.5,24.5,40.5,41.5
"00s","f_0_24",25.5,25.5,41.5,42.5
"00s","f_0_24",26.5,26.5,42.5,43.5
"00s","f_0_24",26.5,26.5,43.5,44.5
"00s","f_0_24",27.5,27.5,44.5,45.5
"00s","f_0_24",28.5,28.5,45.5,46.5
"00s","f_0_24",29.5,29.5,46.5,47.5
"00s","f_0_24",30.5,30.5,47.5,48.5
"00s","f_0_24",31.5,31.5,48.5,49.5
"00s","f_0_24",31.5,31.5,49.5,50.5
"00s","f_0_24",6.5,7.5,8.5,8.5
"00s","f_0_24",7.5,8.5,9.5,9.5
"00s","f_0_24",8.5,9.5,12.5,12.5
"00s","f_0_24",9.5,10.5,13.5,13.5
"00s","f_0_24",10.5,11.5,16.5,16.5
"00s","f_0_24",11.5,12.5,19.5,19.5
"00s","f_0_24",12.5,13.5,21.5,21.5
"00s","f_0_24",13.5,14.5,23.5,23.5
"00s","f_0_24",14.5,15.5,25.5,25.5
"00s","f_0_24",15.5,16.5,27.5,27.5
"00s","f_0_24",16.5,17.5,28.5,28.5
"00s","f_0_24",17.5,18.5,30.5,30.5
"00s","f_0_24",18.5,19.5,32.5,32.5
"00s","f_0_24",19.5,20.5,33.5,33.5
"00s","f_0_24",20.5,21.5,35.5,35.5
"00s","f_0_24",21.5,22.5,36.5,36.5
"00s","f_0_24",22.5,23.5,38.5,38.5
"00s","f_0_24",23.5,24.5,40.5,40.5
"00s","f_0_24",24.5,25.5,41.5,41.5
"00s","f_0_24",25.5,26.5,42.5,42.5
"00s","f_0_24",26.5,27.5,44.5,44.5
"00s","f_0_24",27.5,28.5,45.5,45.5
"00s","f_0_24",28.5,29.5,46.5,46.5
"00s","f_0_24",29.5,30.5,47.5,47.5
"00s","f_0_24",30.5,31.5,48.5,48.5
"00s","f_0_24",31.5,32.5,50.5,50.5
"00s","f_0_24",32.5,33.5,50.5,50.5
"00s","f_0_24",33.5,34.5,50.5,50.5
"00s","f_0_24",34.5,35.5,50.5,50.5
"00s","f_0_24",35.5,36.5,50.5,50.5
"00s","f_0_24",36.5,37.5,50.5,50.5
"00s","f_0_24",37.5,38.5,50.5,50.5
"00s","f_0_24",38.5,39.5,50.5,50.5
"00s","f_0_24",39.5,40.5,50.5,50.5
"00s","f_0_24",40.5,41.5,50.5,50.5
"00s","f_0_24",41.5,42.5,50.5,50.5
"00s","f_0_24",42.5,43.5,50.5,50.5
"00s","f_0_24",43.5,44.5,50.5,50.5
"00s","f_0_24",6.5,7.5,5.5,5.5
"00s","f_0_24",7.5,8.5,5.5,5.5
"00s","f_0_24",8.5,9.5,5.5,5.5
"00s","f_0_24",9.5,10.5,6.5,6.5
"00s","f_0_24",10.5,11.5,7.5,7.5
"00s","f_0_24",11.5,12.5,7.5,7.5
"00s","f_0_24",12.5,13.5,8.5,8.5
"00s","f_0_24",13.5,14.5,9.5,9.5
"00s","f_0_24",14.5,15.5,10.5,10.5
"00s","f_0_24",15.5,16.5,11.5,11.5
"00s","f_0_24",16.5,17.5,12.5,12.5
"00s","f_0_24",17.5,18.5,13.5,13.5
"00s","f_0_24",18.5,19.5,14.5,14.5
"00s","f_0_24",19.5,20.5,15.5,15.5
"00s","f_0_24",20.5,21.5,16.5,16.5
"00s","f_0_24",21.5,22.5,17.5,17.5
"00s","f_0_24",22.5,23.5,19.5,19.5
"00s","f_0_24",23.5,24.5,21.5,21.5
"00s","f_0_24",24.5,25.5,23.5,23.5
"00s","f_0_24",25.5,26.5,26.5,26.5
"00s","f_0_24",26.5,27.5,28.5,28.5
"00s","f_0_24",27.5,28.5,30.5,30.5
"00s","f_0_24",28.5,29.5,32.5,32.5
"00s","f_0_24",29.5,30.5,33.5,33.5
"00s","f_0_24",30.5,31.5,34.5,34.5
"00s","f_0_24",31.5,32.5,35.5,35.5
"00s","f_0_24",32.5,33.5,36.5,36.5
"00s","f_0_24",33.5,34.5,37.5,37.5
"00s","f_0_24",34.5,35.5,38.5,38.5
"00s","f_0_24",35.5,36.5,39.5,39.5
"00s","f_0_24",36.5,37.5,40.5,40.5
"00s","f_0_24",37.5,38.5,41.5,41.5
"00s","f_0_24",38.5,39.5,42.5,42.5
"00s","f_0_24",39.5,40.5,43.5,43.5
"00s","f_0_24",40.5,41.5,45.5,45.5
"00s","f_0_24",41.5,42.5,46.5,46.5
"00s","f_0_24",42.5,43.5,48.5,48.5
"00s","f_0_24",43.5,44.5,49.5,49.5
"80s","f_0_24",5.5,5.5,2.5,3.5
"80s","f_0_24",7.5,7.5,3.5,4.5
"80s","f_0_24",9.5,9.5,4.5,5.5
"80s","f_0_24",11.5,11.5,5.5,6.5
"80s","f_0_24",13.5,13.5,6.5,7.5
"80s","f_0_24",14.5,14.5,7.5,8.5
"80s","f_0_24",16.5,16.5,8.5,9.5
"80s","f_0_24",17.5,17.5,9.5,10.5
"80s","f_0_24",18.5,18.5,10.5,11.5
"80s","f_0_24",19.5,19.5,11.5,12.5
"80s","f_0_24",20.5,20.5,12.5,13.5
"80s","f_0_24",21.5,21.5,13.5,14.5
"80s","f_0_24",22.5,22.5,14.5,15.5
"80s","f_0_24",23.5,23.5,15.5,16.5
"80s","f_0_24",23.5,23.5,16.5,17.5
"80s","f_0_24",24.5,24.5,17.5,18.5
"80s","f_0_24",25.5,25.5,18.5,19.5
"80s","f_0_24",26.5,26.5,19.5,20.5
"80s","f_0_24",26.5,26.5,20.5,21.5
"80s","f_0_24",27.5,27.5,21.5,22.5
"80s","f_0_24",28.5,28.5,22.5,23.5
"80s","f_0_24",29.5,29.5,23.5,24.5
"80s","f_0_24",30.5,30.5,24.5,25.5
"80s","f_0_24",31.5,31.5,25.5,26.5
"80s","f_0_24",32.5,32.5,26.5,27.5
"80s","f_0_24",33.5,33.5,27.5,28.5
"80s","f_0_24",35.5,35.5,28.5,29.5
"80s","f_0_24",36.5,36.5,29.5,30.5
"80s","f_0_24",38.5,38.5,30.5,31.5
"80s","f_0_24",39.5,39.5,31.5,32.5
"80s","f_0_24",40.5,40.5,32.5,33.5
"80s","f_0_24",41.5,41.5,33.5,34.5
"80s","f_0_24",42.5,42.5,34.5,35.5
"80s","f_0_24",43.5,43.5,35.5,36.5
"80s","f_0_24",44.5,44.5,36.5,37.5
"80s","f_0_24",45.5,45.5,37.5,38.5
"80s","f_0_24",46.5,46.5,38.5,39.5
"80s","f_0_24",47.5,47.5,39.5,40.5
"80s","f_0_24",48.5,48.5,40.5,41.5
"80s","f_0_24",49.5,49.5,41.5,42.5
"80s","f_0_24",50.5,50.5,42.5,43.5
"80s","f_0_24",50.5,50.5,43.5,44.5
"80s","f_0_24",50.5,50.5,44.5,45.5
"80s","f_0_24",50.5,50.5,45.5,46.5
"80s","f_0_24",50.5,50.5,46.5,47.5
"80s","f_0_24",50.5,50.5,47.5,48.5
"80s","f_0_24",50.5,50.5,48.5,49.5
"80s","f_0_24",50.5,50.5,49.5,50.5
"80s","f_0_24",2.5,2.5,2.5,3.5
"80s","f_0_24",3.5,3.5,3.5,4.5
"80s","f_0_24",3.5,3.5,4.5,5.5
"80s","f_0_24",3.5,3.5,5.5,6.5
"80s","f_0_24",4.5,4.5,6.5,7.5
"80s","f_0_24",4.5,4.5,7.5,8.5
"80s","f_0_24",5.5,5.5,8.5,9.5
"80s","f_0_24",5.5,5.5,9.5,10.5
"80s","f_0_24",6.5,6.5,10.5,11.5
"80s","f_0_24",6.5,6.5,11.5,12.5
"80s","f_0_24",7.5,7.5,12.5,13.5
"80s","f_0_24",7.5,7.5,13.5,14.5
"80s","f_0_24",8.5,8.5,14.5,15.5
"80s","f_0_24",9.5,9.5,15.5,16.5
"80s","f_0_24",9.5,9.5,16.5,17.5
"80s","f_0_24",10.5,10.5,17.5,18.5
"80s","f_0_24",11.5,11.5,18.5,19.5
"80s","f_0_24",12.5,12.5,19.5,20.5
"80s","f_0_24",12.5,12.5,20.5,21.5
"80s","f_0_24",13.5,13.5,21.5,22.5
"80s","f_0_24",14.5,14.5,22.5,23.5
"80s","f_0_24",15.5,15.5,23.5,24.5
"80s","f_0_24",15.5,15.5,24.5,25.5
"80s","f_0_24",16.5,16.5,25.5,26.5
"80s","f_0_24",17.5,17.5,26.5,27.5
"80s","f_0_24",18.5,18.5,27.5,28.5
"80s","f_0_24",18.5,18.5,28.5,29.5
"80s","f_0_24",19.5,19.5,29.5,30.5
"80s","f_0_24",20.5,20.5,30.5,31.5
"80s","f_0_24",21.5,21.5,31.5,32.5
"80s","f_0_24",22.5,22.5,32.5,33.5
"80s","f_0_24",23.5,23.5,33.5,34.5
"80s","f_0_24",23.5,23.5,34.5,35.5
"80s","f_0_24",24.5,24.5,35.5,36.5
"80s","f_0_24",25.5,25.5,36.5,37.5
"80s","f_0_24",26.5,26.5,37.5,38.5
"80s","f_0_24",27.5,27.5,38.5,39.5
"80s","f_0_24",28.5,28.5,39.5,40.5
"80s","f_0_24",29.5,29.5,40.5,41.5
"80s","f_0_24",30.5,30.5,41.5,42.5
"80s","f_0_24",31.5,31.5,42.5,43.5
"80s","f_0_24",32.5,32.5,43.5,44.5
"80s","f_0_24",33.5,33.5,44.5,45.5
"80s","f_0_24",34.5,34.5,45.5,46.5
"80s","f_0_24",34.5,34.5,46.5,47.5
"80s","f_0_24",35.5,35.5,47.5,48.5
"80s","f_0_24",36.5,36.5,48.5,49.5
"80s","f_0_24",37.5,37.5,49.5,50.5
"80s","f_0_24",2.5,3.5,3.5,3.5
"80s","f_0_24",3.5,4.5,6.5,6.5
"80s","f_0_24",4.5,5.5,8.5,8.5
"80s","f_0_24",5.5,6.5,10.5,10.5
"80s","f_0_24",6.5,7.5,12.5,12.5
"80s","f_0_24",7.5,8.5,14.5,14.5
"80s","f_0_24",8.5,9.5,15.5,15.5
"80s","f_0_24",9.5,10.5,17.5,17.5
"80s","f_0_24",10.5,11.5,18.5,18.5
"80s","f_0_24",11.5,12.5,19.5,19.5
"80s","f_0_24",12.5,13.5,21.5,21.5
"80s","f_0_24",13.5,14.5,22.5,22.5
"80s","f_0_24",14.5,15.5,23.5,23.5
"80s","f_0_24",15.5,16.5,25.5,25.5
"80s","f_0_24",16.5,17.5,26.5,26.5
"80s","f_0_24",17.5,18.5,27.5,27.5
"80s","f_0_24",18.5,19.5,29.5,29.5
"80s","f_0_24",19.5,20.5,30.5,30.5
"80s","f_0_24",20.5,21.5,31.5,31.5
"80s","f_0_24",21.5,22.5,32.5,32.5
"80s","f_0_24",22.5,23.5,33.5,33.5
"80s","f_0_24",23.5,24.5,35.5,35.5
"80s","f_0_24",24.5,25.5,36.5,36.5
"80s","f_0_24",25.5,26.5,37.5,37.5
"80s","f_0_24",26.5,27.5,38.5,38.5
"80s","f_0_24",27.5,28.5,39.5,39.5
"80s","f_0_24",28.5,29.5,40.5,40.5
"80s","f_0_24",29.5,30.5,41.5,41.5
"80s","f_0_24",30.5,31.5,42.5,42.5
"80s","f_0_24",31.5,32.5,43.5,43.5
"80s","f_0_24",32.5,33.5,44.5,44.5
"80s","f_0_24",33.5,34.5,45.5,45.5
"80s","f_0_24",34.5,35.5,47.5,47.5
"80s","f_0_24",35.5,36.5,48.5,48.5
"80s","f_0_24",36.5,37.5,49.5,49.5
"80s","f_0_24",37.5,38.5,50.5,50.5
"80s","f_0_24",38.5,39.5,50.5,50.5
"80s","f_0_24",39.5,40.5,50.5,50.5
"80s","f_0_24",40.5,41.5,50.5,50.5
"80s","f_0_24",41.5,42.5,50.5,50.5
"80s","f_0_24",42.5,43.5,50.5,50.5
"80s","f_0_24",43.5,44.5,50.5,50.5
"80s","f_0_24",44.5,45.5,50.5,50.5
"80s","f_0_24",45.5,46.5,50.5,50.5
"80s","f_0_24",46.5,47.5,50.5,50.5
"80s","f_0_24",47.5,48.5,50.5,50.5
"80s","f_0_24",48.5,49.5,50.5,50.5
"80s","f_0_24",49.5,50.5,50.5,50.5
"80s","f_0_24",2.5,3.5,2.5,2.5
"80s","f_0_24",3.5,4.5,2.5,2.5
"80s","f_0_24",4.5,5.5,2.5,2.5
"80s","f_0_24",5.5,6.5,3.5,3.5
"80s","f_0_24",6.5,7.5,3.5,3.5
"80s","f_0_24",7.5,8.5,4.5,4.5
"80s","f_0_24",8.5,9.5,4.5,4.5
"80s","f_0_24",9.5,10.5,5.5,5.5
"80s","f_0_24",10.5,11.5,5.5,5.5
"80s","f_0_24",11.5,12.5,6.5,6.5
"80s","f_0_24",12.5,13.5,6.5,6.5
"80s","f_0_24",13.5,14.5,7.5,7.5
"80s","f_0_24",14.5,15.5,8.5,8.5
"80s","f_0_24",15.5,16.5,8.5,8.5
"80s","f_0_24",16.5,17.5,9.5,9.5
"80s","f_0_24",17.5,18.5,10.5,10.5
"80s","f_0_24",18.5,19.5,11.5,11.5
"80s","f_0_24",19.5,20.5,12.5,12.5
"80s","f_0_24",20.5,21.5,13.5,13.5
"80s","f_0_24",21.5,22.5,14.5,14.5
"80s","f_0_24",22.5,23.5,15.5,15.5
"80s","f_0_24",23.5,24.5,17.5,17.5
"80s","f_0_24",24.5,25.5,18.5,18.5
"80s","f_0_24",25.5,26.5,19.5,19.5
"80s","f_0_24",26.5,27.5,21.5,21.5
"80s","f_0_24",27.5,28.5,22.5,22.5
"80s","f_0_24",28.5,29.5,23.5,23.5
"80s","f_0_24",29.5,30.5,24.5,24.5
"80s","f_0_24",30.5,31.5,25.5,25.5
"80s","f_0_24",31.5,32.5,26.5,26.5
"80s","f_0_24",32.5,33.5,27.5,27.5
"80s","f_0_24",33.5,34.5,28.5,28.5
"80s","f_0_24",34.5,35.5,28.5,28.5
"80s","f_0_24",35.5,36.5,29.5,29.5
"80s","f_0_24",36.5,37.5,30.5,30.5
"80s","f_0_24",37.5,38.5,30.5,30.5
"80s","f_0_24",38.5,39.5,31.5,31.5
"80s","f_0_24",39.5,40.5,32.5,32.5
"80s","f_0_24",40.5,41.5,33.5,33.5
"80s","f_0_24",41.5,42.5,34.5,34.5
"80s","f_0_24",42.5,43.5,35.5,35.5
"80s","f_0_24",43.5,44.5,36.5,36.5
"80s","f_0_24",44.5,45.5,37.5,37.5
"80s","f_0_24",45.5,46.5,38.5,38.5
"80s","f_0_24",46.5,47.5,39.5,39.5
"80s","f_0_24",47.5,48.5,40.5,40.5
"80s","f_0_24",48.5,49.5,41.5,41.5
"80s","f_0_24",49.5,50.5,42.5,42.5
"long","f_0_24",7.5,7.5,5.5,6.5
"long","f_0_24",8.5,8.5,6.5,7.5
"long","f_0_24",10.5,10.5,7.5,8.5
"long","f_0_24",11.5,11.5,8.5,9.5
"long","f_0_24",12.5,12.5,9.5,10.5
"long","f_0_24",13.5,13.5,10.5,11.5
"long","f_0_24",14.5,14.5,11.5,12.5
"long","f_0_24",15.5,15.5,12.5,13.5
"long","f_0_24",16.5,16.5,13.5,14.5
"long","f_0_24",16.5,16.5,14.5,15.5
"long","f_0_24",17.5,17.5,15.5,16.5
"long","f_0_24",17.5,17.5,16.5,17.5
"long","f_0_24",18.5,18.5,17.5,18.5
"long","f_0_24",18.5,18.5,18.5,19.5
"long","f_0_24",19.5,19.5,19.5,20.5
"long","f_0_24",20.5,20.5,20.5,21.5
"long","f_0_24",20.5,20.5,21.5,22.5
"long","f_0_24",21.5,21.5,22.5,23.5
"long","f_0_24",22.5,22.5,23.5,24.5
"long","f_0_24",23.5,23.5,24.5,25.5
"long","f_0_24",24.5,24.5,25.5,26.5
"long","f_0_24",25.5,25.5,26.5,27.5
"long","f_0_24",26.5,26.5,27.5,28.5
"long","f_0_24",27.5,27.5,28.5,29.5
"long","f_0_24",27.5,27.5,29.5,30.5
"long","f_0_24",28.5,28.5,30.5,31.5
"long","f_0_24",29.5,29.5,31.5,32.5
"long","f_0_24",30.5,30.5,32.5,33.5
"long","f_0_24",31.5,31.5,33.5,34.5
"long","f_0_24",32.5,32.5,34.5,35.5
"long","f_0_24",33.5,33.5,35.5,36.5
"long","f_0_24",34.5,34.5,36.5,37.5
"long","f_0_24",35.5,35.5,37.5,38.5
"long","f_0_24",37.5,37.5,38.5,39.5
"long","f_0_24",38.5,38.5,39.5,40.5
"long","f_0_24",39.5,39.5,40.5,41.5
"long","f_0_24",40.5,40.5,41.5,42.5
"long","f_0_24",40.5,40.5,42.5,43.5
"long","f_0_24",41.5,41.5,43.5,44.5
"long","f_0_24",42.5,42.5,44.5,45.5
"long","f_0_24",43.5,43.5,45.5,46.5
"long","f_0_24",44.5,44.5,46.5,47.5
"long","f_0_24",45.5,45.5,47.5,48.5
"long","f_0_24",46.5,46.5,48.5,49.5
"long","f_0_24",46.5,46.5,49.5,50.5
"long","f_0_24",5.5,5.5,5.5,6.5
"long","f_0_24",5.5,5.5,6.5,7.5
"long","f_0_24",6.5,6.5,7.5,8.5
"long","f_0_24",6.5,6.5,8.5,9.5
"long","f_0_24",7.5,7.5,9.5,10.5
"long","f_0_24",7.5,7.5,10.5,11.5
"long","f_0_24",8.5,8.5,11.5,12.5
"long","f_0_24",8.5,8.5,12.5,13.5
"long","f_0_24",9.5,9.5,13.5,14.5
"long","f_0_24",9.5,9.5,14.5,15.5
"long","f_0_24",10.5,10.5,15.5,16.5
"long","f_0_24",10.5,10.5,16.5,17.5
"long","f_0_24",11.5,11.5,17.5,18.5
"long","f_0_24",12.5,12.5,18.5,19.5
"long","f_0_24",12.5,12.5,19.5,20.5
"long","f_0_24",13.5,13.5,20.5,21.5
"long","f_0_24",13.5,13.5,21.5,22.5
"long","f_0_24",14.5,14.5,22.5,23.5
"long","f_0_24",15.5,15.5,23.5,24.5
"long","f_0_24",15.5,15.5,24.5,25.5
"long","f_0_24",16.5,16.5,25.5,26.5
"long","f_0_24",17.5,17.5,26.5,27.5
"long","f_0_24",17.5,17.5,27.5,28.5
"long","f_0_24",18.5,18.5,28.5,29.5
"long","f_0_24",19.5,19.5,29.5,30.5
"long","f_0_24",19.5,19.5,30.5,31.5
"long","f_0_24",20.5,20.5,31.5,32.5
"long","f_0_24",21.5,21.5,32.5,33.5
"long","f_0_24",22.5,22.5,33.5,34.5
"long","f_0_24",23.5,23.5,34.5,35.5
"long","f_0_24",24.5,24.5,35.5,36.5
"long","f_0_24",25.5,25.5,36.5,37.5
"long","f_0_24",25.5,25.5,37.5,38.5
"long","f_0_24",26.5,26.5,38.5,39.5
"long","f_0_24",27.5,27.5,39.5,40.5
"long","f_0_24",28.5,28.5,40.5,41.5
"long","f_0_24",29.5,29.5,41.5,42.5
"long","f_0_24",30.5,30.5,42.5,43.5
"long","f_0_24",31.5,31.5,43.5,44.5
"long","f_0_24",32.5,32.5,44.5,45.5
"long","f_0_24",33.5,33.5,45.5,46.5
"long","f_0_24",34.5,34.5,46.5,47.5
"long","f_0_24",35.5,35.5,47.5,48.5
"long","f_0_24",36.5,36.5,48.5,49.5
"long","f_0_24",38.5,38.5,49.5,50.5
"long","f_0_24",5.5,6.5,7.5,7.5
"long","f_0_24",6.5,7.5,9.5,9.5
"long","f_0_24",7.5,8.5,11.5,11.5
"long","f_0_24",8.5,9.5,13.5,13.5
"long","f_0_24",9.5,10.5,15.5,15.5
"long","f_0_24",10.5,11.5,17.5,17.5
"long","f_0_24",11.5,12.5,18.5,18.5
"long","f_0_24",12.5,13.5,20.5,20.5
"long","f_0_24",13.5,14.5,22.5,22.5
"long","f_0_24",14.5,15.5,23.5,23.5
"long","f_0_24",15.5,16.5,25.5,25.5
"long","f_0_24",16.5,17.5,26.5,26.5
"long","f_0_24",17.5,18.5,28.5,28.5
"long","f_0_24",18.5,19.5,29.5,29.5
"long","f_0_24",19.5,20.5,31.5,31.5
"long","f_0_24",20.5,21.5,32.5,32.5
"long","f_0_24",21.5,22.5,33.5,33.5
"long","f_0_24",22.5,23.5,34.5,34.5
"long","f_0_24",23.5,24.5,35.5,35.5
"long","f_0_24",24.5,25.5,36.5,36.5
"long","f_0_24",25.5,26.5,38.5,38.5
"long","f_0_24",26.5,27.5,39.5,39.5
"long","f_0_24",27.5,28.5,40.5,40.5
"long","f_0_24",28.5,29.5,41.5,41.5
"long","f_0_24",29.5,30.5,42.5,42.5
"long","f_0_24",30.5,31.5,43.5,43.5
"long","f_0_24",31.5,32.5,44.5,44.5
"long","f_0_24",32.5,33.5,45.5,45.5
"long","f_0_24",33.5,34.5,46.5,46.5
"long","f_0_24",34.5,35.5,47.5,47.5
"long","f_0_24",35.5,36.5,48.5,48.5
"long","f_0_24",36.5,37.5,49.5,49.5
"long","f_0_24",37.5,38.5,49.5,49.5
"long","f_0_24",38.5,39.5,50.5,50.5
"long","f_0_24",39.5,40.5,50.5,50.5
"long","f_0_24",40.5,41.5,50.5,50.5
"long","f_0_24",41.5,42.5,50.5,50.5
"long","f_0_24",42.5,43.5,50.5,50.5
"long","f_0_24",43.5,44.5,50.5,50.5
"long","f_0_24",44.5,45.5,50.5,50.5
"long","f_0_24",45.5,46.5,50.5,50.5
"long","f_0_24",5.5,6.5,5.5,5.5
"long","f_0_24",6.5,7.5,5.5,5.5
"long","f_0_24",7.5,8.5,6.5,6.5
"long","f_0_24",8.5,9.5,7.5,7.5
"long","f_0_24",9.5,10.5,7.5,7.5
"long","f_0_24",10.5,11.5,8.5,8.5
"long","f_0_24",11.5,12.5,9.5,9.5
"long","f_0_24",12.5,13.5,10.5,10.5
"long","f_0_24",13.5,14.5,11.5,11.5
"long","f_0_24",14.5,15.5,12.5,12.5
"long","f_0_24",15.5,16.5,13.5,13.5
"long","f_0_24",16.5,17.5,15.5,15.5
"long","f_0_24",17.5,18.5,17.5,17.5
"long","f_0_24",18.5,19.5,19.5,19.5
"long","f_0_24",19.5,20.5,20.5,20.5
"long","f_0_24",20.5,21.5,22.5,22.5
"long","f_0_24",21.5,22.5,23.5,23.5
"long","f_0_24",22.5,23.5,24.5,24.5
"long","f_0_24",23.5,24.5,25.5,25.5
"long","f_0_24",24.5,25.5,26.5,26.5
"long","f_0_24",25.5,26.5,27.5,27.5
"long","f_0_24",26.5,27.5,28.5,28.5
"long","f_0_24",27.5,28.5,30.5,30.5
"long","f_0_24",28.5,29.5,31.5,31.5
"long","f_0_24",29.5,30.5,32.5,32.5
"long","f_0_24",30.5,31.5,33.5,33.5
"long","f_0_24",31.5,32.5,34.5,34.5
"long","f_0_24",32.5,33.5,35.5,35.5
"long","f_0_24",33.5,34.5,36.5,36.5
"long","f_0_24",34.5,35.5,37.5,37.5
"long","f_0_24",35.5,36.5,38.5,38.5
"long","f_0_24",36.5,37.5,38.5,38.5
"long","f_0_24",37.5,38.5,39.5,39.5
"long","f_0_24",38.5,39.5,40.5,40.5
"long","f_0_24",39.5,40.5,41.5,41.5
"long","f_0_24",40.5,41.5,43.5,43.5
"long","f_0_24",41.5,42.5,44.5,44.5
"long","f_0_24",42.5,43.5,45.5,45.5
"long","f_0_24",43.5,44.5,46.5,46.5
"long","f_0_24",44.5,45.5,47.5,47.5
"long","f_0_24",45.5,46.5,48.5,48.5
"00s","f_12_24",10.5,10.5,6.5,7.5
"00s","f_12_24",12.5,12.5,7.5,8.5
"00s","f_12_24",13.5,13.5,8.5,9.5
"00s","f_12_24",15.5,15.5,9.5,10.5
"00s","f_12_24",16.5,16.5,10.5,11.5
"00s","f_12_24",18.5,18.5,11.5,12.5
"00s","f_12_24",19.5,19.5,12.5,13.5
"00s","f_12_24",20.5,20.5,13.5,14.5
"00s","f_12_24",22.5,22.5,14.5,15.5
"00s","f_12_24",23.5,23.5,15.5,16.5
"00s","f_12_24",24.5,24.5,16.5,17.5
"00s","f_12_24",26.5,26.5,17.5,18.5
"00s","f_12_24",27.5,27.5,18.5,19.5
"00s","f_12_24",28.5,28.5,19.5,20.5
"00s","f_12_24",29.5,29.5,20.5,21.5
"00s","f_12_24",30.5,30.5,21.5,22.5
"00s","f_12_24",31.5,31.5,22.5,23.5
"00s","f_12_24",32.5,32.5,23.5,24.5
"00s","f_12_24",32.5,32.5,24.5,25.5
"00s","f_12_24",33.5,33.5,25.5,26.5
"00s","f_12_24",34.5,34.5,26.5,27.5
"00s","f_12_24",35.5,35.5,27.5,28.5
"00s","f_12_24",36.5,36.5,28.5,29.5
"00s","f_12_24",37.5,37.5,29.5,30.5
"00s","f_12_24",37.5,37.5,30.5,31.5
"00s","f_12_24",38.5,38.5,31.5,32.5
"00s","f_12_24",39.5,39.5,32.5,33.5
"00s","f_12_24",40.5,40.5,33.5,34.5
"00s","f_12_24",40.5,40.5,34.5,35.5
"00s","f_12_24",41.5,41.5,35.5,36.5
"00s","f_12_24",42.5,42.5,36.5,37.5
"00s","f_12_24",43.5,43.5,37.5,38.5
"00s","f_12_24",44.5,44.5,38.5,39.5
"00s","f_12_24",45.5,45.5,39.5,40.5
"00s","f_12_24",45.5,45.5,40.5,41.5
"00s","f_12_24",46.5,46.5,41.5,42.5
"00s","f_12_24",47.5,47.5,42.5,43.5
"00s","f_12_24",47.5,47.5,43.5,44.5
"00s","f_12_24",48.5,48.5,44.5,45.5
"00s","f_12_24",49.5,49.5,45.5,46.5
"00s","f_12_24",49.5,49.5,46.5,47.5
"00s","f_12_24",50.5,50.5,47.5,48.5
"00s","f_12_24",50.5,50.5,48.5,49.5
"00s","f_12_24",50.5,50.5,49.5,50.5
"00s","f_12_24",8.5,8.5,6.5,7.5
"00s","f_12_24",8.5,8.5,7.5,8.5
"00s","f_12_24",9.5,9.5,8.5,9.5
"00s","f_12_24",9.5,9.5,9.5,10.5
"00s","f_12_24",9.5,9.5,10.5,11.5
"00s","f_12_24",9.5,9.5,11.5,12.5
"00s","f_12_24",10.5,10.5,12.5,13.5
"00s","f_12_24",10.5,10.5,13.5,14.5
"00s","f_12_24",10.5,10.5,14.5,15.5
"00s","f_12_24",10.5,10.5,15.5,16.5
"00s","f_12_24",11.5,11.5,16.5,17.5
"00s","f_12_24",11.5,11.5,17.5,18.5
"00s","f_12_24",11.5,11.5,18.5,19.5
"00s","f_12_24",12.5,12.5,19.5,20.5
"00s","f_12_24",12.5,12.5,20.5,21.5
"00s","f_12_24",12.5,12.5,21.5,22.5
"00s","f_12_24",13.5,13.5,22.5,23.5
"00s","f_12_24",13.5,13.5,23.5,24.5
"00s","f_12_24",14.5,14.5,24.5,25.5
"00s","f_12_24",14.5,14.5,25.5,26.5
"00s","f_12_24",15.5,15.5,26.5,27.5
"00s","f_12_24",15.5,15.5,27.5,28.5
"00s","f_12_24",16.5,16.5,28.5,29.5
"00s","f_12_24",16.5,16.5,29.5,30.5
"00s","f_12_24",17.5,17.5,30.5,31.5
"00s","f_12_24",17.5,17.5,31.5,32.5
"00s","f_12_24",18.5,18.5,32.5,33.5
"00s","f_12_24",18.5,18.5,33.5,34.5
"00s","f_12_24",19.5,19.5,34.5,35.5
"00s","f_12_24",20.5,20.5,35.5,36.5
"00s","f_12_24",20.5,20.5,36.5,37.5
"00s","f_12_24",21.5,21.5,37.5,38.5
"00s","f_12_24",21.5,21.5,38.5,39.5
"00s","f_12_24",22.5,22.5,39.5,40.5
"00s","f_12_24",22.5,22.5,40.5,41.5
"00s","f_12_24",23.5,23.5,41.5,42.5
"00s","f_12_24",24.5,24.5,42.5,43.5
"00s","f_12_24",25.5,25.5,43.5,44.5
"00s","f_12_24",26.5,26.5,44.5,45.5
"00s","f_12_24",26.5,26.5,45.5,46.5
"00s","f_12_24",27.5,27.5,46.5,47.5
"00s","f_12_24",28.5,28.5,47.5,48.5
"00s","f_12_24",29.5,29.5,48.5,49.5
"00s","f_12_24",30.5,30.5,49.5,50.5
"00s","f_12_24",8.5,9.5,8.5,8.5
"00s","f_12_24",9.5,10.5,12.5,12.5
"00s","f_12_24",10.5,11.5,16.5,16.5
"00s","f_12_24",11.5,12.5,19.5,19.5
"00s","f_12_24",12.5,13.5,22.5,22.5
"00s","f_12_24",13.5,14.5,24.5,24.5
"00s","f_12_24",14.5,15.5,26.5,26.5
"00s","f_12_24",15.5,16.5,28.5,28.5
"00s","f_12_24",16.5,17.5,30.5,30.5
"00s","f_12_24",17.5,18.5,32.5,32.5
"00s","f_12_24",18.5,19.5,34.5,34.5
"00s","f_12_24",19.5,20.5,35.5,35.5
"00s","f_12_24",20.5,21.5,37.5,37.5
"00s","f_12_24",21.5,22.5,39.5,39.5
"00s","f_12_24",22.5,23.5,41.5,41.5
"00s","f_12_24",23.5,24.5,42.5,42.5
"00s","f_12_24",24.5,25.5,43.5,43.5
"00s","f_12_24",25.5,26.5,44.5,44.5
"00s","f_12_24",26.5,27.5,46.5,46.5
"00s","f_12_24",27.5,28.5,47.5,47.5
"00s","f_12_24",28.5,29.5,48.5,48.5
"00s","f_12_24",29.5,30.5,49.5,49.5
"00s","f_12_24",30.5,31.5,50.5,50.5
"00s","f_12_24",31.5,32.5,50.5,50.5
"00s","f_12_24",32.5,33.5,50.5,50.5
"00s","f_12_24",33.5,34.5,50.5,50.5
"00s","f_12_24",34.5,35.5,50.5,50.5
"00s","f_12_24",35.5,36.5,50.5,50.5
"00s","f_12_24",36.5,37.5,50.5,50.5
"00s","f_12_24",37.5,38.5,50.5,50.5
"00s","f_12_24",38.5,39.5,50.5,50.5
"00s","f_12_24",39.5,40.5,50.5,50.5
"00s","f_12_24",40.5,41.5,50.5,50.5
"00s","f_12_24",41.5,42.5,50.5,50.5
"00s","f_12_24",42.5,43.5,50.5,50.5
"00s","f_12_24",43.5,44.5,50.5,50.5
"00s","f_12_24",44.5,45.5,50.5,50.5
"00s","f_12_24",45.5,46.5,50.5,50.5
"00s","f_12_24",46.5,47.5,50.5,50.5
"00s","f_12_24",47.5,48.5,50.5,50.5
"00s","f_12_24",48.5,49.5,50.5,50.5
"00s","f_12_24",49.5,50.5,50.5,50.5
"00s","f_12_24",8.5,9.5,6.5,6.5
"00s","f_12_24",9.5,10.5,6.5,6.5
"00s","f_12_24",10.5,11.5,7.5,7.5
"00s","f_12_24",11.5,12.5,7.5,7.5
"00s","f_12_24",12.5,13.5,8.5,8.5
"00s","f_12_24",13.5,14.5,9.5,9.5
"00s","f_12_24",14.5,15.5,9.5,9.5
"00s","f_12_24",15.5,16.5,10.5,10.5
"00s","f_12_24",16.5,17.5,11.5,11.5
"00s","f_12_24",17.5,18.5,11.5,11.5
"00s","f_12_24",18.5,19.5,12.5,12.5
"00s","f_12_24",19.5,20.5,13.5,13.5
"00s","f_12_24",20.5,21.5,14.5,14.5
"00s","f_12_24",21.5,22.5,14.5,14.5
"00s","f_12_24",22.5,23.5,15.5,15.5
"00s","f_12_24",23.5,24.5,16.5,16.5
"00s","f_12_24",24.5,25.5,17.5,17.5
"00s","f_12_24",25.5,26.5,17.5,17.5
"00s","f_12_24",26.5,27.5,18.5,18.5
"00s","f_12_24",27.5,28.5,19.5,19.5
"00s","f_12_24",28.5,29.5,20.5,20.5
"00s","f_12_24",29.5,30.5,21.5,21.5
"00s","f_12_24",30.5,31.5,22.5,22.5
"00s","f_12_24",31.5,32.5,23.5,23.5
"00s","f_12_24",32.5,33.5,25.5,25.5
"00s","f_12_24",33.5,34.5,26.5,26.5
"00s","f_12_24",34.5,35.5,27.5,27.5
"00s","f_12_24",35.5,36.5,28.5,28.5
"00s","f_12_24",36.5,37.5,29.5,29.5
"00s","f_12_24",37.5,38.5,31.5,31.5
"00s","f_12_24",38.5,39.5,32.5,32.5
"00s","f_12_24",39.5,40.5,33.5,33.5
"00s","f_12_24",40.5,41.5,35.5,35.5
"00s","f_12_24",41.5,42.5,36.5,36.5
"00s","f_12_24",42.5,43.5,37.5,37.5
"00s","f_12_24",43.5,44.5,38.5,38.5
"00s","f_12_24",44.5,45.5,39.5,39.5
"00s","f_12_24",45.5,46.5,41.5,41.5
"00s","f_12_24",46.5,47.5,42.5,42.5
"00s","f_12_24",47.5,48.5,44.5,44.5
"00s","f_12_24",48.5,49.5,45.5,45.5
"00s","f_12_24",49.5,50.5,47.5,47.5
"80s","f_12_24",6.5,6.5,3.5,4.5
"80s","f_12_24",8.5,8.5,4.5,5.5
"80s","f_12_24",11.5,11.5,5.5,6.5
"80s","f_12_24",13.5,13.5,6.5,7.5
"80s","f_12_24",15.5,15.5,7.5,8.5
"80s","f_12_24",16.5,16.5,8.5,9.5
"80s","f_12_24",18.5,18.5,9.5,10.5
"80s","f_12_24",19.5,19.5,10.5,11.5
"80s","f_12_24",21.5,21.5,11.5,12.5
"80s","f_12_24",22.5,22.5,12.5,13.5
"80s","f_12_24",23.5,23.5,13.5,14.5
"80s","f_12_24",24.5,24.5,14.5,15.5
"80s","f_12_24",26.5,26.5,15.5,16.5
"80s","f_12_24",27.5,27.5,16.5,17.5
"80s","f_12_24",28.5,28.5,17.5,18.5
"80s","f_12_24",29.5,29.5,18.5,19.5
"80s","f_12_24",30.5,30.5,19.5,20.5
"80s","f_12_24",31.5,31.5,20.5,21.5
"80s","f_12_24",32.5,32.5,21.5,22.5
"80s","f_12_24",34.5,34.5,22.5,23.5
"80s","f_12_24",35.5,35.5,23.5,24.5
"80s","f_12_24",36.5,36.5,24.5,25.5
"80s","f_12_24",37.5,37.5,25.5,26.5
"80s","f_12_24",38.5,38.5,26.5,27.5
"80s","f_12_24",40.5,40.5,27.5,28.5
"80s","f_12_24",41.5,41.5,28.5,29.5
"80s","f_12_24",42.5,42.5,29.5,30.5
"80s","f_12_24",43.5,43.5,30.5,31.5
"80s","f_12_24",44.5,44.5,31.5,32.5
"80s","f_12_24",45.5,45.5,32.5,33.5
"80s","f_12_24",46.5,46.5,33.5,34.5
"80s","f_12_24",47.5,47.5,34.5,35.5
"80s","f_12_24",48.5,48.5,35.5,36.5
"80s","f_12_24",49.5,49.5,36.5,37.5
"80s","f_12_24",50.5,50.5,37.5,38.5
"80s","f_12_24",50.5,50.5,38.5,39.5
"80s","f_12_24",50.5,50.5,39.5,40.5
"80s","f_12_24",50.5,50.5,40.5,41.5
"80s","f_12_24",50.5,50.5,41.5,42.5
"80s","f_12_24",50.5,50.5,42.5,43.5
"80s","f_12_24",50.5,50.5,43.5,44.5
"80s","f_12_24",50.5,50.5,44.5,45.5
"80s","f_12_24",50.5,50.5,45.5,46.5
"80s","f_12_24",50.5,50.5,46.5,47.5
"80s","f_12_24",50.5,50.5,47.5,48.5
"80s","f_12_24",50.5,50.5,48.5,49.5
"80s","f_12_24",50.5,50.5,49.5,50.5
"80s","f_12_24",3.5,3.5,3.5,4.5
"80s","f_12_24",3.5,3.5,4.5,5.5
"80s","f_12_24",3.5,3.5,5.5,6.5
"80s","f_12_24",4.5,4.5,6.5,7.5
"80s","f_12_24",4.5,4.5,7.5,8.5
"80s","f_12_24",5.5,5.5,8.5,9.5
"80s","f_12_24",5.5,5.5,9.5,10.5
"80s","f_12_24",5.5,5.5,10.5,11.5
"80s","f_12_24",6.5,6.5,11.5,12.5
"80s","f_12_24",6.5,6.5,12.5,13.5
"80s","f_12_24",7.5,7.5,13.5,14.5
"80s","f_12_24",7.5,7.5,14.5,15.5
"80s","f_12_24",7.5,7.5,15.5,16.5
"80s","f_12_24",8.5,8.5,16.5,17.5
"80s","f_12_24",8.5,8.5,17.5,18.5
"80s","f_12_24",9.5,9.5,18.5,19.5
"80s","f_12_24",10.5,10.5,19.5,20.5
"80s","f_12_24",10.5,10.5,20.5,21.5
"80s","f_12_24",11.5,11.5,21.5,22.5
"80s","f_12_24",11.5,11.5,22.5,23.5
"80s","f_12_24",12.5,12.5,23.5,24.5
"80s","f_12_24",12.5,12.5,24.5,25.5
"80s","f_12_24",13.5,13.5,25.5,26.5
"80s","f_12_24",14.5,14.5,26.5,27.5
"80s","f_12_24",14.5,14.5,27.5,28.5
"80s","f_12_24",15.5,15.5,28.5,29.5
"80s","f_12_24",15.5,15.5,29.5,30.5
"80s","f_12_24",16.5,16.5,30.5,31.5
"80s","f_12_24",17.5,17.5,31.5,32.5
"80s","f_12_24",17.5,17.5,32.5,33.5
"80s","f_12_24",18.5,18.5,33.5,34.5
"80s","f_12_24",19.5,19.5,34.5,35.5
"80s","f_12_24",19.5,19.5,35.5,36.5
"80s","f_12_24",20.5,20.5,36.5,37.5
"80s","f_12_24",21.5,21.5,37.5,38.5
"80s","f_12_24",22.5,22.5,38.5,39.5
"80s","f_12_24",22.5,22.5,39.5,40.5
"80s","f_12_24",23.5,23.5,40.5,41.5
"80s","f_12_24",24.5,24.5,41.5,42.5
"80s","f_12_24",25.5,25.5,42.5,43.5
"80s","f_12_24",26.5,26.5,43.5,44.5
"80s","f_12_24",26.5,26.5,44.5,45.5
"80s","f_12_24",27.5,27.5,45.5,46.5
"80s","f_12_24",28.5,28.5,46.5,47.5
"80s","f_12_24",29.5,29.5,47.5,48.5
"80s","f_12_24",30.5,30.5,48.5,49.5
"80s","f_12_24",31.5,31.5,49.5,50.5
"80s","f_12_24",3.5,4.5,6.5,6.5
"80s","f_12_24",4.5,5.5,8.5,8.5
"80s","f_12_24",5.5,6.5,11.5,11.5
"80s","f_12_24",6.5,7.5,13.5,13.5
"80s","f_12_24",7.5,8.5,16.5,16.5
"80s","f_12_24",8.5,9.5,18.5,18.5
"80s","f_12_24",9.5,10.5,19.5,19.5
"80s","f_12_24",10.5,11.5,21.5,21.5
"80s","f_12_24",11.5,12.5,23.5,23.5
"80s","f_12_24",12.5,13.5,25.5,25.5
"80s","f_12_24",13.5,14.5,26.5,26.5
"80s","f_12_24",14.5,15.5,28.5,28.5
"80s","f_12_24",15.5,16.5,30.5,30.5
"80s","f_12_24",16.5,17.5,31.5,31.5
"80s","f_12_24",17.5,18.5,33.5,33.5
"80s","f_12_24",18.5,19.5,34.5,34.5
"80s","f_12_24",19.5,20.5,36.5,36.5
"80s","f_12_24",20.5,21.5,37.5,37.5
"80s","f_12_24",21.5,22.5,38.5,38.5
"80s","f_12_24",22.5,23.5,40.5,40.5
"80s","f_12_24",23.5,24.5,41.5,41.5
"80s","f_12_24",24.5,25.5,42.5,42.5
"80s","f_12_24",25.5,26.5,43.5,43.5
"80s","f_12_24",26.5,27.5,45.5,45.5
"80s","f_12_24",27.5,28.5,46.5,46.5
"80s","f_12_24",28.5,29.5,47.5,47.5
"80s","f_12_24",29.5,30.5,48.5,48.5
"80s","f_12_24",30.5,31.5,49.5,49.5
"80s","f_12_24",31.5,32.5,50.5,50.5
"80s","f_12_24",32.5,33.5,50.5,50.5
"80s","f_12_24",33.5,34.5,50.5,50.5
"80s","f_12_24",34.5,35.5,50.5,50.5
"80s","f_12_24",35.5,36.5,50.5,50.5
"80s","f_12_24",36.5,37.5,50.5,50.5
"80s","f_12_24",37.5,38.5,50.5,50.5
"80s","f_12_24",38.5,39.5,50.5,50.5
"80s","f_12_24",39.5,40.5,50.5,50.5
"80s","f_12_24",40.5,41.5,50.5,50.5
"80s","f_12_24",41.5,42.5,50.5,50.5
"80s","f_12_24",42.5,43.5,50.5,50.5
"80s","f_12_24",43.5,44.5,50.5,50.5
"80s","f_12_24",44.5,45.5,50.5,50.5
"80s","f_12_24",45.5,46.5,50.5,50.5
"80s","f_12_24",46.5,47.5,50.5,50.5
"80s","f_12_24",47.5,48.5,50.5,50.5
"80s","f_12_24",48.5,49.5,50.5,50.5
"80s","f_12_24",49.5,50.5,50.5,50.5
"80s","f_12_24",3.5,4.5,3.5,3.5
"80s","f_12_24",4.5,5.5,3.5,3.5
"80s","f_12_24",5.5,6.5,3.5,3.5
"80s","f_12_24",6.5,7.5,4.5,4.5
"80s","f_12_24",7.5,8.5,4.5,4.5
"80s","f_12_24",8.5,9.5,5.5,5.5
"80s","f_12_24",9.5,10.5,5.5,5.5
"80s","f_12_24",10.5,11.5,5.5,5.5
"80s","f_12_24",11.5,12.5,6.5,6.5
"80s","f_12_24",12.5,13.5,6.5,6.5
"80s","f_12_24",13.5,14.5,7.5,7.5
"80s","f_12_24",14.5,15.5,7.5,7.5
"80s","f_12_24",15.5,16.5,8.5,8.5
"80s","f_12_24",16.5,17.5,9.5,9.5
"80s","f_12_24",17.5,18.5,9.5,9.5
"80s","f_12_24",18.5,19.5,10.5,10.5
"80s","f_12_24",19.5,20.5,11.5,11.5
"80s","f_12_24",20.5,21.5,11.5,11.5
"80s","f_12_24",21.5,22.5,12.5,12.5
"80s","f_12_24",22.5,23.5,13.5,13.5
"80s","f_12_24",23.5,24.5,14.5,14.5
"80s","f_12_24",24.5,25.5,15.5,15.5
"80s","f_12_24",25.5,26.5,15.5,15.5
"80s","f_12_24",26.5,27.5,16.5,16.5
"80s","f_12_24",27.5,28.5,17.5,17.5
"80s","f_12_24",28.5,29.5,18.5,18.5
"80s","f_12_24",29.5,30.5,19.5,19.5
"80s","f_12_24",30.5,31.5,20.5,20.5
"80s","f_12_24",31.5,32.5,21.5,21.5
"80s","f_12_24",32.5,33.5,22.5,22.5
"80s","f_12_24",33.5,34.5,22.5,22.5
"80s","f_12_24",34.5,35.5,23.5,23.5
"80s","f_12_24",35.5,36.5,24.5,24.5
"80s","f_12_24",36.5,37.5,25.5,25.5
"80s","f_12_24",37.5,38.5,26.5,26.5
"80s","f_12_24",38.5,39.5,27.5,27.5
"80s","f_12_24",39.5,40.5,27.5,27.5
"80s","f_12_24",40.5,41.5,28.5,28.5
"80s","f_12_24",41.5,42.5,29.5,29.5
"80s","f_12_24",42.5,43.5,30.5,30.5
"80s","f_12_24",43.5,44.5,31.5,31.5
"80s","f_12_24",44.5,45.5,32.5,32.5
"80s","f_12_24",45.5,46.5,33.5,33.5
"80s","f_12_24",46.5,47.5,34.5,34.5
"80s","f_12_24",47.5,48.5,35.5,35.5
"80s","f_12_24",48.5,49.5,36.5,36.5
"80s","f_12_24",49.5,50.5,37.5,37.5
"long","f_12_24",8.5,8.5,7.5,8.5
"long","f_12_24",10.5,10.5,8.5,9.5
"long","f_12_24",12.5,12.5,9.5,10.5
"long","f_12_24",13.5,13.5,10.5,11.5
"long","f_12_24",15.5,15.5,11.5,12.5
"long","f_12_24",16.5,16.5,12.5,13.5
"long","f_12_24",17.5,17.5,13.5,14.5
"long","f_12_24",18.5,18.5,14.5,15.5
"long","f_12_24",19.5,19.5,15.5,16.5
"long","f_12_24",20.5,20.5,16.5,17.5
"long","f_12_24",21.5,21.5,17.5,18.5
"long","f_12_24",22.5,22.5,18.5,19.5
"long","f_12_24",23.5,23.5,19.5,20.5
"long","f_12_24",24.5,24.5,20.5,21.5
"long","f_12_24",25.5,25.5,21.5,22.5
"long","f_12_24",26.5,26.5,22.5,23.5
"long","f_12_24",27.5,27.5,23.5,24.5
"long","f_12_24",28.5,28.5,24.5,25.5
"long","f_12_24",29.5,29.5,25.5,26.5
"long","f_12_24",30.5,30.5,26.5,27.5
"long","f_12_24",31.5,31.5,27.5,28.5
"long","f_12_24",33.5,33.5,28.5,29.5
"long","f_12_24",34.5,34.5,29.5,30.5
"long","f_12_24",35.5,35.5,30.5,31.5
"long","f_12_24",36.5,36.5,31.5,32.5
"long","f_12_24",37.5,37.5,32.5,33.5
"long","f_12_24",38.5,38.5,33.5,34.5
"long","f_12_24",39.5,39.5,34.5,35.5
"long","f_12_24",40.5,40.5,35.5,36.5
"long","f_12_24",41.5,41.5,36.5,37.5
"long","f_12_24",42.5,42.5,37.5,38.5
"long","f_12_24",43.5,43.5,38.5,39.5
"long","f_12_24",44.5,44.5,39.5,40.5
"long","f_12_24",45.5,45.5,40.5,41.5
"long","f_12_24",46.5,46.5,41.5,42.5
"long","f_12_24",47.5,47.5,42.5,43.5
"long","f_12_24",48.5,48.5,43.5,44.5
"long","f_12_24",48.5,48.5,44.5,45.5
"long","f_12_24",49.5,49.5,45.5,46.5
"long","f_12_24",50.5,50.5,46.5,47.5
"long","f_12_24",50.5,50.5,47.5,48.5
"long","f_12_24",50.5,50.5,48.5,49.5
"long","f_12_24",50.5,50.5,49.5,50.5
"long","f_12_24",7.5,7.5,7.5,8.5
"long","f_12_24",7.5,7.5,8.5,9.5
"long","f_12_24",7.5,7.5,9.5,10.5
"long","f_12_24",8.5,8.5,10.5,11.5
"long","f_12_24",8.5,8.5,11.5,12.5
"long","f_12_24",9.5,9.5,12.5,13.5
"long","f_12_24",9.5,9.5,13.5,14.5
"long","f_12_24",10.5,10.5,14.5,15.5
"long","f_12_24",10.5,10.5,15.5,16.5
"long","f_12_24",11.5,11.5,16.5,17.5
"long","f_12_24",11.5,11.5,17.5,18.5
"long","f_12_24",12.5,12.5,18.5,19.5
"long","f_12_24",12.5,12.5,19.5,20.5
"long","f_12_24",13.5,13.5,20.5,21.5
"long","f_12_24",13.5,13.5,21.5,22.5
"long","f_12_24",14.5,14.5,22.5,23.5
"long","f_12_24",14.5,14.5,23.5,24.5
"long","f_12_24",15.5,15.5,24.5,25.5
"long","f_12_24",15.5,15.5,25.5,26.5
"long","f_12_24",16.5,16.5,26.5,27.5
"long","f_12_24",17.5,17.5,27.5,28.5
"long","f_12_24",17.5,17.5,28.5,29.5
"long","f_12_24",18.5,18.5,29.5,30.5
"long","f_12_24",18.5,18.5,30.5,31.5
"long","f_12_24",19.5,19.5,31.5,32.5
"long","f_12_24",20.5,20.5,32.5,33.5
"long","f_12_24",20.5,20.5,33.5,34.5
"long","f_12_24",21.5,21.5,34.5,35.5
"long","f_12_24",22.5,22.5,35.5,36.5
"long","f_12_24",22.5,22.5,36.5,37.5
"long","f_12_24",23.5,23.5,37.5,38.5
"long","f_12_24",24.5,24.5,38.5,39.5
"long","f_12_24",24.5,24.5,39.5,40.5
"long","f_12_24",25.5,25.5,40.5,41.5
"long","f_12_24",26.5,26.5,41.5,42.5
"long","f_12_24",27.5,27.5,42.5,43.5
"long","f_12_24",28.5,28.5,43.5,44.5
"long","f_12_24",28.5,28.5,44.5,45.5
"long","f_12_24",29.5,29.5,45.5,46.5
"long","f_12_24",30.5,30.5,46.5,47.5
"long","f_12_24",31.5,31.5,47.5,48.5
"long","f_12_24",32.5,32.5,48.5,49.5
"long","f_12_24",33.5,33.5,49.5,50.5
"long","f_12_24",7.5,8.5,10.5,10.5
"long","f_12_24",8.5,9.5,12.5,12.5
"long","f_12_24",9.5,10.5,14.5,14.5
"long","f_12_24",10.5,11.5,16.5,16.5
"long","f_12_24",11.5,12.5,18.5,18.5
"long","f_12_24",12.5,13.5,20.5,20.5
"long","f_12_24",13.5,14.5,22.5,22.5
"long","f_12_24",14.5,15.5,24.5,24.5
"long","f_12_24",15.5,16.5,26.5,26.5
"long","f_12_24",16.5,17.5,27.5,27.5
"long","f_12_24",17.5,18.5,29.5,29.5
"long","f_12_24",18.5,19.5,31.5,31.5
"long","f_12_24",19.5,20.5,32.5,32.5
"long","f_12_24",20.5,21.5,34.5,34.5
"long","f_12_24",21.5,22.5,35.5,35.5
"long","f_12_24",22.5,23.5,37.5,37.5
"long","f_12_24",23.5,24.5,38.5,38.5
"long","f_12_24",24.5,25.5,40.5,40.5
"long","f_12_24",25.5,26.5,41.5,41.5
"long","f_12_24",26.5,27.5,42.5,42.5
"long","f_12_24",27.5,28.5,43.5,43.5
"long","f_12_24",28.5,29.5,45.5,45.5
"long","f_12_24",29.5,30.5,46.5,46.5
"long","f_12_24",30.5,31.5,47.5,47.5
"long","f_12_24",31.5,32.5,48.5,48.5
"long","f_12_24",32.5,33.5,49.5,49.5
"long","f_12_24",33.5,34.5,50.5,50.5
"long","f_12_24",34.5,35.5,50.5,50.5
"long","f_12_24",35.5,36.5,50.5,50.5
"long","f_12_24",36.5,37.5,50.5,50.5
"long","f_12_24",37.5,38.5,50.5,50.5
"long","f_12_24",38.5,39.5,50.5,50.5
"long","f_12_24",39.5,40.5,50.5,50.5
"long","f_12_24",40.5,41.5,50.5,50.5
"long","f_12_24",41.5,42.5,50.5,50.5
"long","f_12_24",42.5,43.5,50.5,50.5
"long","f_12_24",43.5,44.5,50.5,50.5
"long","f_12_24",44.5,45.5,50.5,50.5
"long","f_12_24",45.5,46.5,50.5,50.5
"long","f_12_24",46.5,47.5,50.5,50.5
"long","f_12_24",47.5,48.5,50.5,50.5
"long","f_12_24",48.5,49.5,50.5,50.5
"long","f_12_24",49.5,50.5,50.5,50.5
"long","f_12_24",7.5,8.5,7.5,7.5
"long","f_12_24",8.5,9.5,8.5,8.5
"long","f_12_24",9.5,10.5,8.5,8.5
"long","f_12_24",10.5,11.5,9.5,9.5
"long","f_12_24",11.5,12.5,9.5,9.5
"long","f_12_24",12.5,13.5,10.5,10.5
"long","f_12_24",13.5,14.5,11.5,11.5
"long","f_12_24",14.5,15.5,11.5,11.5
"long","f_12_24",15.5,16.5,12.5,12.5
"long","f_12_24",16.5,17.5,13.5,13.5
"long","f_12_24",17.5,18.5,14.5,14.5
"long","f_12_24",18.5,19.5,15.5,15.5
"long","f_12_24",19.5,20.5,16.5,16.5
"long","f_12_24",20.5,21.5,17.5,17.5
"long","f_12_24",21.5,22.5,18.5,18.5
"long","f_12_24",22.5,23.5,19.5,19.5
"long","f_12_24",23.5,24.5,20.5,20.5
"long","f_12_24",24.5,25.5,21.5,21.5
"long","f_12_24",25.5,26.5,22.5,22.5
"long","f_12_24",26.5,27.5,23.5,23.5
"long","f_12_24",27.5,28.5,24.5,24.5
"long","f_12_24",28.5,29.5,25.5,25.5
"long","f_12_24",29.5,30.5,26.5,26.5
"long","f_12_24",30.5,31.5,27.5,27.5
"long","f_12_24",31.5,32.5,28.5,28.5
"long","f_12_24",32.5,33.5,28.5,28.5
"long","f_12_24",33.5,34.5,29.5,29.5
"long","f_12_24",34.5,35.5,30.5,30.5
"long","f_12_24",35.5,36.5,31.5,31.5
"long","f_12_24",36.5,37.5,32.5,32.5
"long","f_12_24",37.5,38.5,33.5,33.5
"long","f_12_24",38.5,39.5,34.5,34.5
"long","f_12_24",39.5,40.5,35.5,35.5
"long","f_12_24",40.5,41.5,36.5,36.5
"long","f_12_24",41.5,42.5,37.5,37.5
"long","f_12_24",42.5,43.5,38.5,38.5
"long","f_12_24",43.5,44.5,39.5,39.5
"long","f_12_24",44.5,45.5,40.5,40.5
"long","f_12_24",45.5,46.5,41.5,41.5
"long","f_12_24",46.5,47.5,42.5,42.5
"long","f_12_24",47.5,48.5,43.5,43.5
"long","f_12_24",48.5,49.5,45.5,45.5
"long","f_12_24",49.5,50.5,46.5,46.5
