group,sample,target,measure,rmse,best_lb,best_beta
4,long,c_0_37,Headline PCE,2.2253968018307724,17,19
4,long,c_0_37,Core PCE,1.4701098641573134,17,19
4,long,c_0_37,NY Fed UIG,0.7351851137996832,17,19
4,long,c_0_37,Median PCE,1.1836497551634546,17,19
4,long,c_0_37,Trimmed mean,1.1142932912708194,17,19
4,long,c_0_37,Best trim,1.0790021915603758,17,19
4,long,f_0_24,Headline PCE,2.432156251912721,14,16
4,long,f_0_24,Core PCE,1.9618956790160358,14,16
4,long,f_0_24,NY Fed UIG,1.4797559137178964,14,16
4,long,f_0_24,Median PCE,1.7090860151874996,14,16
4,long,f_0_24,Trimmed mean,1.666172149223518,14,16
4,long,f_0_24,Best trim,1.624338939504178,14,16
4,long,f_12_24,Headline PCE,2.9487829608398872,35,41
4,long,f_12_24,Core PCE,2.4457546480376915,35,41
4,long,f_12_24,NY Fed UIG,1.9942434712656265,35,41
4,long,f_12_24,Median PCE,2.1702350954982657,35,41
4,long,f_12_24,Trimmed mean,2.136112535805987,35,41
4,long,f_12_24,Best trim,2.1099453841504663,35,41
4,long,b_2_39,Headline PCE,2.077130611765968,11,12
4,long,b_2_39,Core PCE,1.496739973815398,11,12
4,long,b_2_39,NY Fed UIG,0.9036104245659469,11,12
4,long,b_2_39,Median PCE,1.3394626980660094,11,12
4,long,b_2_39,Trimmed mean,1.2690078800255875,11,12
4,long,b_2_39,Best trim,1.1467755920736127,11,12
4,80s,c_0_37,Headline PCE,2.286482263163691,18,16
4,80s,c_0_37,Core PCE,1.844902924189884,18,16
4,80s,c_0_37,NY Fed UIG,1.117225795955502,18,16
4,80s,c_0_37,Median PCE,1.5247388613008783,18,16
4,80s,c_0_37,Trimmed mean,1.6172773362683321,18,16
4,80s,c_0_37,Best trim,1.4576685579888633,18,16
4,80s,f_0_24,Headline PCE,2.738297994658558,13,13
4,80s,f_0_24,Core PCE,2.684702305349081,13,13
4,80s,f_0_24,NY Fed UIG,2.1885411254505955,13,13
4,80s,f_0_24,Median PCE,2.357856598843427,13,13
4,80s,f_0_24,Trimmed mean,2.3879549476925934,13,13
4,80s,f_0_24,Best trim,2.2783799248477834,13,13
4,80s,f_12_24,Headline PCE,3.4826286637575286,15,17
4,80s,f_12_24,Core PCE,3.349062697010171,15,17
4,80s,f_12_24,NY Fed UIG,2.823588402529889,15,17
4,80s,f_12_24,Median PCE,3.021264957967394,15,17
4,80s,f_12_24,Trimmed mean,3.0229014354879284,15,17
4,80s,f_12_24,Best trim,2.9167178506661604,15,17
4,80s,b_2_39,Headline PCE,1.9863602253597112,10,9
4,80s,b_2_39,Core PCE,1.7886491378207459,10,9
4,80s,b_2_39,NY Fed UIG,1.2142973067215879,10,9
4,80s,b_2_39,Median PCE,1.5683039277587993,10,9
4,80s,b_2_39,Trimmed mean,1.6578009214746958,10,9
4,80s,b_2_39,Best trim,1.3929271772700973,10,9
4,00s,c_0_37,Headline PCE,2.4995330680149292,18,23
4,00s,c_0_37,Core PCE,1.3360775542798389,18,23
4,00s,c_0_37,NY Fed UIG,0.5156938101475464,18,23
4,00s,c_0_37,Median PCE,1.0201117233748056,18,23
4,00s,c_0_37,Trimmed mean,0.8124988230565475,18,23
4,00s,c_0_37,Best trim,0.8030932914163623,18,23
4,00s,f_0_24,Headline PCE,2.548080929889748,16,19
4,00s,f_0_24,Core PCE,1.560398664054554,16,19
4,00s,f_0_24,NY Fed UIG,1.0310916564813066,16,19
4,00s,f_0_24,Median PCE,1.355624815632962,16,19
4,00s,f_0_24,Trimmed mean,1.2627562927462372,16,19
4,00s,f_0_24,Best trim,1.22433899208315,16,19
4,00s,f_12_24,Headline PCE,2.981157883391961,24,28
4,00s,f_12_24,Core PCE,1.9882414321716126,24,28
4,00s,f_12_24,NY Fed UIG,1.4895487090063964,24,28
4,00s,f_12_24,Median PCE,1.7053767075751747,24,28
4,00s,f_12_24,Trimmed mean,1.664722992320686,24,28
4,00s,f_12_24,Best trim,1.6256330007178976,24,28
4,00s,b_2_39,Headline PCE,2.342520427850655,13,16
4,00s,b_2_39,Core PCE,1.3528565744118048,13,16
4,00s,b_2_39,NY Fed UIG,0.7359792265286166,13,16
4,00s,b_2_39,Median PCE,1.265366265209626,13,16
4,00s,b_2_39,Trimmed mean,1.0686689355589074,13,16
4,00s,b_2_39,Best trim,1.0041239233766188,13,16
5,long,c_0_37,Headline PCE,2.2253968018307724,27,28
5,long,c_0_37,Core PCE,1.4701098641573134,27,28
5,long,c_0_37,NY Fed UIG,0.7351851137996832,27,28
5,long,c_0_37,Median PCE,1.1836497551634546,27,28
5,long,c_0_37,Trimmed mean,1.1142932912708194,27,28
5,long,c_0_37,Best trim,1.2045665023758438,27,28
5,long,f_0_24,Headline PCE,2.432156251912721,24,26
5,long,f_0_24,Core PCE,1.9618956790160358,24,26
5,long,f_0_24,NY Fed UIG,1.4797559137178964,24,26
5,long,f_0_24,Median PCE,1.7090860151874996,24,26
5,long,f_0_24,Trimmed mean,1.666172149223518,24,26
5,long,f_0_24,Best trim,1.6991302530550332,24,26
5,long,f_12_24,Headline PCE,2.9487829608398872,47,50
5,long,f_12_24,Core PCE,2.4457546480376915,47,50
5,long,f_12_24,NY Fed UIG,1.9942434712656265,47,50
5,long,f_12_24,Median PCE,2.1702350954982657,47,50
5,long,f_12_24,Trimmed mean,2.136112535805987,47,50
5,long,f_12_24,Best trim,2.188827962869956,47,50
5,long,b_2_39,Headline PCE,2.077130611765968,20,20
5,long,b_2_39,Core PCE,1.496739973815398,20,20
5,long,b_2_39,NY Fed UIG,0.9036104245659469,20,20
5,long,b_2_39,Median PCE,1.3394626980660094,20,20
5,long,b_2_39,Trimmed mean,1.2690078800255875,20,20
5,long,b_2_39,Best trim,1.220178204633356,20,20
5,80s,c_0_37,Headline PCE,2.286482263163691,26,23
5,80s,c_0_37,Core PCE,1.844902924189884,26,23
5,80s,c_0_37,NY Fed UIG,1.117225795955502,26,23
5,80s,c_0_37,Median PCE,1.5247388613008783,26,23
5,80s,c_0_37,Trimmed mean,1.6172773362683321,26,23
5,80s,c_0_37,Best trim,1.647317916119559,26,23
5,80s,f_0_24,Headline PCE,2.738297994658558,24,23
5,80s,f_0_24,Core PCE,2.684702305349081,24,23
5,80s,f_0_24,NY Fed UIG,2.1885411254505955,24,23
5,80s,f_0_24,Median PCE,2.357856598843427,24,23
5,80s,f_0_24,Trimmed mean,2.3879549476925934,24,23
5,80s,f_0_24,Best trim,2.3695327338272327,24,23
5,80s,f_12_24,Headline PCE,3.4826286637575286,24,25
5,80s,f_12_24,Core PCE,3.349062697010171,24,25
5,80s,f_12_24,NY Fed UIG,2.823588402529889,24,25
5,80s,f_12_24,Median PCE,3.021264957967394,24,25
5,80s,f_12_24,Trimmed mean,3.0229014354879284,24,25
5,80s,f_12_24,Best trim,3.0249437855232344,24,25
5,80s,b_2_39,Headline PCE,1.9863602253597112,22,19
5,80s,b_2_39,Core PCE,1.7886491378207459,22,19
5,80s,b_2_39,NY Fed UIG,1.2142973067215879,22,19
5,80s,b_2_39,Median PCE,1.5683039277587993,22,19
5,80s,b_2_39,Trimmed mean,1.6578009214746958,22,19
5,80s,b_2_39,Best trim,1.4706000831433568,22,19
5,00s,c_0_37,Headline PCE,2.4995330680149292,27,30
5,00s,c_0_37,Core PCE,1.3360775542798389,27,30
5,00s,c_0_37,NY Fed UIG,0.5156938101475464,27,30
5,00s,c_0_37,Median PCE,1.0201117233748056,27,30
5,00s,c_0_37,Trimmed mean,0.8124988230565475,27,30
5,00s,c_0_37,Best trim,0.8785717320201594,27,30
5,00s,f_0_24,Headline PCE,2.548080929889748,27,28
5,00s,f_0_24,Core PCE,1.560398664054554,27,28
5,00s,f_0_24,NY Fed UIG,1.0310916564813066,27,28
5,00s,f_0_24,Median PCE,1.355624815632962,27,28
5,00s,f_0_24,Trimmed mean,1.2627562927462372,27,28
5,00s,f_0_24,Best trim,1.255015525429918,27,28
5,00s,f_12_24,Headline PCE,2.981157883391961,47,49
5,00s,f_12_24,Core PCE,1.9882414321716126,47,49
5,00s,f_12_24,NY Fed UIG,1.4895487090063964,47,49
5,00s,f_12_24,Median PCE,1.7053767075751747,47,49
5,00s,f_12_24,Trimmed mean,1.664722992320686,47,49
5,00s,f_12_24,Best trim,1.6501529397145545,47,49
5,00s,b_2_39,Headline PCE,2.342520427850655,18,19
5,00s,b_2_39,Core PCE,1.3528565744118048,18,19
5,00s,b_2_39,NY Fed UIG,0.7359792265286166,18,19
5,00s,b_2_39,Median PCE,1.265366265209626,18,19
5,00s,b_2_39,Trimmed mean,1.0686689355589074,18,19
5,00s,b_2_39,Best trim,1.0869316825854562,18,19
