"date","lo","hi","spread","headline"
"1960-01-01",2.070834,2.070834,0,1.694803
"1960-02-01",0.732407,2.185264,1.452857,1.699717
"1960-03-01",0.732407,2.073273,1.340865,1.692014
"1960-04-01",0.702995,2.003854,1.300858,1.859518
"1960-05-01",0.689256,2.046315,1.357059,1.911079
"1960-06-01",0.443379,1.803646,1.360267,1.663283
"1960-07-01",0.604347,1.74196,1.137613,1.633667
"1960-08-01",0.61144,1.726445,1.115005,1.657423
"1960-09-01",0.434504,1.544034,1.10953,1.45135
"1960-10-01",0.422933,1.427212,1.004279,1.324503
"1960-11-01",0.452231,1.513233,1.061002,1.602647
"1960-12-01",0.456325,1.327601,0.871276,1.503564
"1961-01-01",0.456325,1.327266,0.870941,1.582258
"1961-02-01",0.456325,1.236437,0.780112,1.567662
"1961-03-01",0.456325,1.261591,0.805266,1.450214
"1961-04-01",0.234668,1.215212,0.980544,1.025674
"1961-05-01",0.234668,1.181795,0.947127,0.979508
"1961-06-01",0.234668,1.275366,1.040697,0.979066
"1961-07-01",0.068056,1.254312,1.186256,1.015881
"1961-08-01",0.061001,1.21493,1.153929,0.93074
"1961-09-01",0.064994,1.332833,1.267839,0.987939
"1961-10-01",0.064994,1.307067,1.242073,0.865052
"1961-11-01",0.039008,1.054076,1.015068,0.530047
"1961-12-01",0.030392,1.172947,1.142555,0.53633
"1962-01-01",0.225928,1.266218,1.040289,0.708586
"1962-02-01",0.243409,1.3335,1.09009,0.886536
"1962-03-01",0.421252,1.538653,1.117401,1.078494
"1962-04-01",0.413635,1.418351,1.004716,1.251517
"1962-05-01",0.413635,1.428926,1.015291,1.257179
"1962-06-01",0.413635,1.46402,1.050384,1.275754
"1962-07-01",0.402527,1.39362,0.991093,0.9993
"1962-08-01",0.410999,1.299344,0.888345,1.062071
"1962-09-01",0.405191,1.296777,0.891585,1.442002
"1962-10-01",0.405191,1.259337,0.854146,1.346801
"1962-11-01",0.40198,1.314653,0.912672,1.41024
"1962-12-01",0.40198,1.258017,0.856036,1.346374
"1963-01-01",0.29497,1.330459,1.035489,1.400862
"1963-02-01",0.281053,1.279055,0.998003,1.239095
"1963-03-01",0.103458,1.104294,1.000837,1.022792
"1963-04-01",0.103458,1.208367,1.104909,0.90181
"1963-05-01",0.305939,1.249541,0.943602,1.00208
"1963-06-01",0.305939,1.235021,0.929082,1.158909
"1963-07-01",0.305939,1.240073,0.934135,1.417948
"1963-08-01",0.297475,1.319326,1.02185,1.409603
"1963-09-01",0.29471,1.30456,1.00985,0.895485
"1963-10-01",0.487414,1.536304,1.04889,1.190999
"1963-11-01",0.487414,1.553457,1.066043,1.265347
"1963-12-01",0.49289,1.668697,1.175807,1.453816
"1964-01-01",0.446446,1.616923,1.170477,1.419016
"1964-02-01",0.475165,1.693989,1.218824,1.454977
"1964-03-01",0.475165,1.729369,1.254204,1.5999
"1964-04-01",0.475165,1.69697,1.221805,1.68125
"1964-05-01",0.272342,1.597096,1.324754,1.528766
"1964-06-01",0.272342,1.497765,1.225423,1.450719
"1964-07-01",0.272342,1.508478,1.236135,1.379482
"1964-08-01",0.272342,1.549313,1.27697,1.315545
"1964-09-01",0.272342,1.408112,1.135769,1.489573
"1964-10-01",0.080051,1.224857,1.144806,1.356625
"1964-11-01",0.084754,1.277744,1.192991,1.354695
"1964-12-01",0.083869,1.275908,1.192039,1.352687
"1965-01-01",0.136621,1.274152,1.137531,1.251233
"1965-02-01",0.106439,1.200072,1.093633,1.150982
"1965-03-01",0.106439,1.163137,1.056699,1.217937
"1965-04-01",0.158857,1.191895,1.033038,1.303092
"1965-05-01",0.167372,1.292128,1.124756,1.518038
"1965-06-01",0.176643,1.196001,1.019358,1.669326
"1965-07-01",0.176643,1.194793,1.018149,1.612013
"1965-08-01",0.193081,1.252597,1.059517,1.56183
"1965-09-01",0.195902,1.329219,1.133317,1.455479
"1965-10-01",0.198235,1.251557,1.053322,1.424031
"1965-11-01",0.375002,1.297163,0.922161,1.452548
"1965-12-01",0.60171,1.460933,0.859224,1.669815
"1966-01-01",0.703856,1.352628,0.648772,1.680161
"1966-02-01",0.927804,1.480826,0.553022,2.056712
"1966-03-01",0.930641,1.550708,0.620067,2.175631
"1966-04-01",1.228819,1.796231,0.567411,2.366361
"1966-05-01",1.33044,1.881136,0.550696,2.264197
"1966-06-01",1.52719,2.234374,0.707184,2.221417
"1966-07-01",1.664923,2.431861,0.766937,2.346483
"1966-08-01",1.709819,2.427298,0.717479,2.713786
"1966-09-01",1.886973,2.623565,0.736592,2.989753
"1966-10-01",2.095502,2.993556,0.898054,3.229889
"1966-11-01",2.097563,3.058122,0.960559,3.206401
"1966-12-01",2.070488,3.060511,0.990022,3.05101
"1967-01-01",2.07697,3.123725,1.046755,2.933605
"1967-02-01",2.095769,3.057962,0.962192,2.629382
"1967-03-01",2.056255,3.083087,1.026832,2.432641
"1967-04-01",1.912873,2.996818,1.083945,2.252386
"1967-05-01",1.917482,2.948474,1.030991,2.320625
"1967-06-01",1.989957,2.875712,0.885754,2.391638
"1967-07-01",2.028349,2.924647,0.896298,2.540225
"1967-08-01",2.086438,3.050944,0.964507,2.465946
"1967-09-01",2.149749,3.098608,0.948858,2.4523
"1967-10-01",2.130864,3.145441,1.014577,2.469208
"1967-11-01",2.23012,3.217021,0.986902,2.657962
"1967-12-01",2.283136,3.156287,0.873151,2.605863
"1968-01-01",2.467177,3.520769,1.053592,3.076834
"1968-02-01",2.574432,3.779545,1.205113,3.375356
"1968-03-01",2.718817,4.032894,1.314077,3.658112
"1968-04-01",2.887811,4.128518,1.240707,3.808475
"1968-05-01",3.127877,4.293241,1.165364,3.992131
"1968-06-01",3.186751,4.438978,1.252227,3.99677
"1968-07-01",3.196123,4.429463,1.23334,3.960225
"1968-08-01",3.375983,4.515914,1.139931,4.062572
"1968-09-01",3.395126,4.566336,1.171211,4.107398
"1968-10-01",3.487775,4.60461,1.116836,4.27253
"1968-11-01",3.591199,4.666887,1.075687,4.281172
"1968-12-01",3.697586,4.721171,1.023585,4.331066
"1969-01-01",3.662934,4.651163,0.988229,4.254599
"1969-02-01",3.571121,4.560526,0.989405,4.096887
"1969-03-01",3.740809,4.634543,0.893734,4.246023
"1969-04-01",3.807568,4.649908,0.84234,4.377932
"1969-05-01",3.791496,4.675408,0.883912,4.411928
"1969-06-01",3.854056,4.62502,0.770964,4.580745
"1969-07-01",4.069629,4.764445,0.694816,4.721623
"1969-08-01",3.925335,4.650298,0.724962,4.581246
"1969-09-01",3.947061,4.64747,0.700409,4.653205
"1969-10-01",3.934151,4.670779,0.736627,4.550918
"1969-11-01",3.982585,4.674124,0.691539,4.649897
"1969-12-01",4.04879,4.749188,0.700398,4.911976
"1970-01-01",4.05298,4.700052,0.647072,4.876597
"1970-02-01",4.193579,4.74111,0.547532,5.026184
"1970-03-01",4.196388,4.641416,0.445028,4.793122
"1970-04-01",4.212437,4.654639,0.442202,4.863043
"1970-05-01",4.133469,4.605196,0.471727,4.774338
"1970-06-01",4.063136,4.620107,0.556972,4.539188
"1970-07-01",3.983768,4.532491,0.548723,4.461222
"1970-08-01",4.073723,4.601087,0.527364,4.449008
"1970-09-01",4.086477,4.618108,0.531631,4.483012
"1970-10-01",4.141208,4.683959,0.542751,4.645451
"1970-11-01",4.134817,4.821635,0.686818,4.604579
"1970-12-01",4.240323,4.95876,0.718437,4.588771
"1971-01-01",4.232643,5.027154,0.794511,4.438252
"1971-02-01",4.107229,5.022831,0.915602,4.328159
"1971-03-01",3.949267,4.969589,1.020322,4.414932
"1971-04-01",3.869807,4.945082,1.075275,4.295699
"1971-05-01",3.987948,5.030675,1.042727,4.399125
"1971-06-01",4.081852,5.071401,0.989548,4.590646
"1971-07-01",4.008788,5.071616,1.062829,4.5234
"1971-08-01",4.010585,4.855076,0.844491,4.55187
"1971-09-01",3.864026,4.593144,0.729118,4.240478
"1971-10-01",3.544199,4.243445,0.699245,3.88495
"1971-11-01",3.328406,3.944093,0.615687,3.690624
"1971-12-01",3.11461,3.748154,0.633544,3.639695
"1972-01-01",3.086277,3.780835,0.694558,3.844443
"1972-02-01",3.125585,3.667297,0.541711,3.951518
"1972-03-01",3.146099,3.53778,0.391681,3.756814
"1972-04-01",2.957592,3.393251,0.435659,3.507313
"1972-05-01",2.74261,3.182243,0.439633,3.307677
"1972-06-01",2.533823,2.983477,0.449653,3.006935
"1972-07-01",2.517487,2.884036,0.366549,3.065616
"1972-08-01",2.43843,2.958744,0.520315,3.06639
"1972-09-01",2.493317,3.129478,0.636161,3.374735
"1972-10-01",2.577213,3.074853,0.49764,3.33109
"1972-11-01",2.681478,3.180772,0.499294,3.424953
"1972-12-01",2.71139,3.203795,0.492405,3.349419
"1973-01-01",2.644296,3.148929,0.504633,3.235784
"1973-02-01",2.726112,3.211762,0.485649,3.369988
"1973-03-01",2.86152,3.299092,0.437573,3.956835
"1973-04-01",3.260259,3.677428,0.417169,4.569943
"1973-05-01",3.455459,3.911666,0.456206,4.852171
"1973-06-01",3.617666,4.130318,0.512652,5.292151
"1973-07-01",3.551144,4.085699,0.534554,5.296739
"1973-08-01",3.734054,4.229905,0.495851,6.202928
"1973-09-01",3.742227,4.280592,0.538364,6.147255
"1973-10-01",3.969026,4.623035,0.654008,6.628832
"1973-11-01",4.123488,4.852113,0.728625,7.184268
"1973-12-01",4.33741,5.118268,0.780858,7.720758
"1974-01-01",4.589897,5.569158,0.979261,8.425905
"1974-02-01",4.847359,5.90663,1.059271,9.115503
"1974-03-01",5.162019,6.302762,1.140744,9.602076
"1974-04-01",5.244549,6.481807,1.237258,9.562977
"1974-05-01",5.677667,7.091578,1.413911,10.100738
"1974-06-01",6.147294,7.723489,1.576195,10.405581
"1974-07-01",6.597045,8.215789,1.618744,10.818036
"1974-08-01",7.049209,8.752376,1.703167,10.699027
"1974-09-01",7.540688,9.176875,1.636187,11.407011
"1974-10-01",7.874143,9.608221,1.734078,11.574034
"1974-11-01",8.064422,9.87728,1.812858,11.497187
"1974-12-01",8.187343,10.043224,1.855881,11.463519
"1975-01-01",8.349579,10.141688,1.79211,11.091272
"1975-02-01",8.264979,10.219987,1.955009,10.408875
"1975-03-01",7.903427,9.937217,2.033789,9.512732
"1975-04-01",7.716601,9.652924,1.936323,9.111909
"1975-05-01",7.230171,9.070471,1.840299,8.479699
"1975-06-01",6.844725,8.488772,1.644047,8.238153
"1975-07-01",6.697719,8.197642,1.499923,8.366838
"1975-08-01",6.236633,7.535553,1.298919,7.711284
"1975-09-01",5.98957,7.15748,1.167911,7.131887
"1975-10-01",5.901957,6.855737,0.95378,6.987292
"1975-11-01",5.793923,6.78275,0.988828,6.873132
"1975-12-01",5.636066,6.677449,1.041383,6.618921
"1976-01-01",5.443183,6.604388,1.161205,6.363845
"1976-02-01",5.312548,6.276612,0.964064,5.926011
"1976-03-01",5.308359,6.0739,0.765541,5.727724
"1976-04-01",5.191324,5.972902,0.781578,5.610162
"1976-05-01",5.333687,6.022561,0.688874,5.689434
"1976-06-01",5.352008,5.96859,0.616582,5.49319
"1976-07-01",5.288628,5.886801,0.598172,5.127444
"1976-08-01",5.413026,6.113553,0.700527,5.249354
"1976-09-01",5.351318,6.15769,0.806372,5.319071
"1976-10-01",5.229658,6.149009,0.919351,5.259118
"1976-11-01",5.202732,5.930634,0.727902,5.062096
"1976-12-01",5.141436,5.862393,0.720957,5.070423
"1977-01-01",5.273825,5.965379,0.691553,5.281525
"1977-02-01",5.48589,6.192094,0.706204,5.968165
"1977-03-01",5.70977,6.384036,0.674265,6.339468
"1977-04-01",5.819939,6.579134,0.759194,6.715349
"1977-05-01",5.843146,6.562127,0.71898,6.747658
"1977-06-01",5.943553,6.643197,0.699643,6.877838
"1977-07-01",5.98594,6.715451,0.729511,6.889007
"1977-08-01",5.96124,6.624661,0.663421,6.798638
"1977-09-01",5.896734,6.458475,0.56174,6.603609
"1977-10-01",5.763653,6.443725,0.680072,6.54144
"1977-11-01",5.857155,6.539046,0.681891,6.667358
"1977-12-01",5.9242,6.554561,0.630361,6.588987
"1978-01-01",5.749288,6.47009,0.720802,6.598777
"1978-02-01",5.614092,6.228525,0.614433,6.262715
"1978-03-01",5.580232,6.353146,0.772915,6.417004
"1978-04-01",5.73,6.515571,0.785571,6.604723
"1978-05-01",5.896049,6.598698,0.702649,6.825084
"1978-06-01",5.914154,6.556186,0.642033,6.923102
"1978-07-01",5.987916,6.525805,0.537889,6.953478
"1978-08-01",6.051194,6.572203,0.521009,6.996845
"1978-09-01",6.215083,6.736459,0.521376,7.199686
"1978-10-01",6.559106,7.00165,0.442545,7.55418
"1978-11-01",6.665716,7.02353,0.357814,7.546742
"1978-12-01",6.709194,7.009529,0.300335,7.526362
"1979-01-01",6.796333,7.208296,0.411963,7.703405
"1979-02-01",6.735373,7.48179,0.746417,7.776253
"1979-03-01",6.768435,7.572147,0.803712,7.919599
"1979-04-01",7.063395,7.500318,0.436923,8.22504
"1979-05-01",7.354707,7.634405,0.279699,8.569733
"1979-06-01",7.364149,7.806745,0.442597,8.756247
"1979-07-01",7.271775,7.905813,0.634038,8.989597
"1979-08-01",7.407634,8.168433,0.760799,9.269896
"1979-09-01",7.52056,8.2548,0.734239,9.611508
"1979-10-01",7.51716,8.423152,0.905992,9.632458
"1979-11-01",7.624289,8.43401,0.80972,9.771015
"1979-12-01",7.978309,8.542604,0.564295,10.178438
"1980-01-01",8.162819,8.768706,0.605888,10.497961
"1980-02-01",8.363688,8.966398,0.60271,11.102558
"1980-03-01",8.597561,9.349521,0.75196,11.595182
"1980-04-01",8.56071,9.20273,0.642021,11.019043
"1980-05-01",8.536043,9.157729,0.621685,10.736382
"1980-06-01",8.690755,9.316227,0.625473,10.522861
"1980-07-01",8.591881,9.255737,0.663857,10.539584
"1980-08-01",8.561321,9.229892,0.668571,10.614195
"1980-09-01",8.669903,9.513017,0.843114,10.660648
"1980-10-01",8.567495,9.612734,1.04524,10.643414
"1980-11-01",8.640403,9.775319,1.134916,10.775945
"1980-12-01",8.661951,9.647346,0.985395,10.566428
"1981-01-01",8.607459,9.76456,1.157101,10.470316
"1981-02-01",8.588251,9.474603,0.886352,10.392794
"1981-03-01",8.403414,9.071508,0.668093,9.813884
"1981-04-01",8.505032,9.207945,0.702913,9.721095
"1981-05-01",8.316969,9.080972,0.764003,9.362819
"1981-06-01",8.071397,8.901896,0.830499,9.110394
"1981-07-01",8.099415,8.79514,0.695725,8.922257
"1981-08-01",8.027888,8.737205,0.709316,8.698635
"1981-09-01",7.840753,8.444169,0.603415,8.354526
"1981-10-01",7.642468,8.211004,0.568536,7.980916
"1981-11-01",7.452708,7.981217,0.528509,7.68354
"1981-12-01",7.181049,7.721599,0.54055,7.318874
"1982-01-01",6.869861,7.445874,0.576014,6.929848
"1982-02-01",6.440309,7.078103,0.637794,6.17728
"1982-03-01",6.277526,6.952322,0.674796,5.712573
"1982-04-01",5.945861,6.694066,0.748205,5.305869
"1982-05-01",5.888077,6.540708,0.652631,5.458002
"1982-06-01",5.854506,6.544738,0.690232,5.800772
"1982-07-01",5.881571,6.59253,0.710958,5.789498
"1982-08-01",5.599916,6.370972,0.771055,5.456586
"1982-09-01",5.25545,6.069426,0.813976,5.112356
"1982-10-01",5.188825,6.109332,0.920508,5.22578
"1982-11-01",4.910512,5.882908,0.972396,4.979291
"1982-12-01",4.729837,5.828322,1.098484,4.814883
"1983-01-01",4.753223,5.902543,1.149319,4.68155
"1983-02-01",4.683095,5.886868,1.203773,4.544731
"1983-03-01",4.443907,5.560187,1.11628,4.410631
"1983-04-01",4.567544,5.462136,0.894593,4.834542
"1983-05-01",4.331713,5.042557,0.710843,4.510838
"1983-06-01",4.157276,5.005935,0.848659,4.145043
"1983-07-01",3.879708,5.032659,1.152951,4.116169
"1983-08-01",3.791058,5.090868,1.29981,4.238716
"1983-09-01",3.86178,5.126071,1.264292,4.315433
"1983-10-01",3.630224,4.64898,1.018756,3.908809
"1983-11-01",3.739358,4.507193,0.767835,3.743644
"1983-12-01",3.714726,4.253147,0.538421,3.643884
"1984-01-01",3.648189,3.994896,0.346707,3.611728
"1984-02-01",3.703897,4.158155,0.454258,4.131872
"1984-03-01",3.856826,4.420508,0.563681,4.339422
"1984-04-01",3.840159,4.595263,0.755103,4.261345
"1984-05-01",3.764296,4.68692,0.922623,4.098396
"1984-06-01",3.787435,4.445556,0.658121,3.896299
"1984-07-01",3.878772,4.348528,0.469755,3.682187
"1984-08-01",3.953342,4.408177,0.454835,3.55806
"1984-09-01",3.739997,4.432798,0.692801,3.335806
"1984-10-01",3.788898,4.504019,0.715121,3.40421
"1984-11-01",3.767313,4.339871,0.572558,3.403617
"1984-12-01",3.94961,4.565204,0.615594,3.638245
"1985-01-01",3.803492,4.482872,0.67938,3.704482
"1985-02-01",3.887171,4.532177,0.645006,3.489683
"1985-03-01",3.88048,4.49858,0.6181,3.555297
"1985-04-01",3.695348,4.254159,0.558811,3.311629
"1985-05-01",3.766922,4.379916,0.612994,3.425494
"1985-06-01",3.816681,4.405584,0.588904,3.522772
"1985-07-01",3.612165,4.129638,0.517473,3.407218
"1985-08-01",3.585788,4.119059,0.53327,3.431705
"1985-09-01",3.547996,4.120777,0.572781,3.466027
"1985-10-01",3.495205,4.053915,0.55871,3.394443
"1985-11-01",3.624921,4.088464,0.463542,3.549026
"1985-12-01",3.631749,3.959829,0.32808,3.604246
"1986-01-01",3.747283,3.959164,0.211882,3.564043
"1986-02-01",3.51372,3.753557,0.239837,3.085461
"1986-03-01",3.332959,3.633003,0.300044,2.458341
"1986-04-01",3.389835,3.781075,0.39124,2.101523
"1986-05-01",3.316667,3.640756,0.324089,2.046497
"1986-06-01",3.310891,3.623156,0.312264,2.148777
"1986-07-01",3.34143,3.687924,0.346494,1.924379
"1986-08-01",3.066693,3.631482,0.564789,1.715511
"1986-09-01",3.193091,3.685324,0.492233,1.877143
"1986-10-01",3.377831,3.855939,0.478109,1.889854
"1986-11-01",3.33238,3.864799,0.532419,1.775848
"1986-12-01",3.19712,3.792464,0.595344,1.575221
"1987-01-01",2.890354,3.80273,0.912376,1.585624
"1987-02-01",2.834111,3.868798,1.034687,1.9419
"1987-03-01",2.825507,4.012569,1.187062,2.436632
"1987-04-01",3.074861,4.165566,1.090705,3.029409
"1987-05-01",3.1879,4.270278,1.082378,3.102372
"1987-06-01",3.160947,4.20451,1.043562,3.108444
"1987-07-01",3.240124,4.2398,0.999676,3.320694
"1987-08-01",3.377949,4.458928,1.08098,3.599594
"1987-09-01",3.447482,4.408515,0.961033,3.60923
"1987-10-01",3.537199,4.32444,0.787241,3.752331
"1987-11-01",3.533522,4.328829,0.795307,3.763086
"1987-12-01",3.61664,4.254441,0.637801,3.812124
"1988-01-01",3.65501,4.311179,0.656169,3.726828
"1988-02-01",3.634295,4.301021,0.666727,3.517935
"1988-03-01",3.610548,4.283813,0.673266,3.598652
"1988-04-01",3.568419,4.148537,0.580118,3.715011
"1988-05-01",3.550528,4.121096,0.570568,3.753188
"1988-06-01",3.659359,4.274738,0.615379,3.801596
"1988-07-01",3.853008,4.430072,0.577065,4.065225
"1988-08-01",3.811011,4.336892,0.52588,3.962541
"1988-09-01",3.967337,4.481185,0.513848,4.118233
"1988-10-01",3.924093,4.432578,0.508485,4.127668
"1988-11-01",3.969255,4.500784,0.531528,4.172194
"1988-12-01",4.10625,4.6275,0.52125,4.304364
"1989-01-01",4.165285,4.662491,0.497206,4.434495
"1989-02-01",4.259686,4.713257,0.453571,4.626401
"1989-03-01",4.261507,4.578541,0.317035,4.656795
"1989-04-01",4.260287,4.422391,0.162104,4.843991
"1989-05-01",4.344102,4.508263,0.164161,4.921671
"1989-06-01",4.216315,4.373627,0.157312,4.705367
"1989-07-01",4.059569,4.317161,0.257592,4.44812
"1989-08-01",3.945935,4.30111,0.355174,4.152243
"1989-09-01",3.750866,4.212891,0.462025,3.877787
"1989-10-01",3.733126,4.402982,0.669856,3.94427
"1989-11-01",3.724681,4.416512,0.691831,3.929763
"1989-12-01",3.675436,4.482981,0.807545,3.906809
"1990-01-01",3.550182,4.410337,0.860155,4.159032
"1990-02-01",3.789029,4.451686,0.662656,4.271125
"1990-03-01",3.977866,4.639637,0.661771,4.276478
"1990-04-01",3.938537,4.603451,0.664914,3.804243
"1990-05-01",3.93499,4.437303,0.502314,3.659283
"1990-06-01",4.073327,4.630809,0.557483,3.890304
"1990-07-01",4.068047,4.625642,0.557594,3.898432
"1990-08-01",4.271342,4.715301,0.44396,4.576619
"1990-09-01",4.262288,4.725028,0.462741,4.984894
"1990-10-01",4.145923,4.553055,0.407133,5.17477
"1990-11-01",4.018961,4.474487,0.455526,5.078954
"1990-12-01",3.974742,4.433868,0.459127,4.873264
"1991-01-01",3.975909,4.370226,0.394316,4.48141
"1991-02-01",3.879931,4.17971,0.299779,4.075768
"1991-03-01",3.578959,3.846453,0.267494,3.706402
"1991-04-01",3.494545,3.756798,0.262253,3.676657
"1991-05-01",3.576631,3.862551,0.28592,3.872491
"1991-06-01",3.350998,3.579137,0.228139,3.59014
"1991-07-01",3.218235,3.522256,0.304021,3.497546
"1991-08-01",3.022951,3.375965,0.353014,3.053448
"1991-09-01",3.005772,3.428197,0.422425,2.776813
"1991-10-01",2.936369,3.305434,0.369065,2.382793
"1991-11-01",3.075786,3.373282,0.297495,2.478321
"1991-12-01",3.107407,3.484372,0.376965,2.638444
"1992-01-01",2.986044,3.251294,0.26525,2.388152
"1992-02-01",3.002939,3.247205,0.244266,2.596066
"1992-03-01",3.090966,3.288879,0.197912,2.822561
"1992-04-01",3.024193,3.420883,0.39669,2.91365
"1992-05-01",2.903641,3.155344,0.251703,2.625597
"1992-06-01",2.900172,3.012396,0.112223,2.634138
"1992-07-01",2.907088,3.087878,0.18079,2.811271
"1992-08-01",2.84165,2.968008,0.126358,2.709467
"1992-09-01",2.656411,2.921952,0.265541,2.524781
"1992-10-01",2.737576,2.969032,0.231456,2.695149
"1992-11-01",2.706118,2.990884,0.284766,2.671603
"1992-12-01",2.596019,2.920458,0.324439,2.5946
"1993-01-01",2.595839,2.944562,0.348723,2.704429
"1993-02-01",2.588123,2.938182,0.350059,2.59885
"1993-03-01",2.521115,2.893653,0.372538,2.560803
"1993-04-01",2.60511,2.986313,0.381203,2.557075
"1993-05-01",2.656425,3.054955,0.398531,2.737212
"1993-06-01",2.624681,3.087385,0.462704,2.590223
"1993-07-01",2.597067,3.043261,0.446194,2.41641
"1993-08-01",2.58316,3.033789,0.45063,2.454055
"1993-09-01",2.612069,2.953016,0.340947,2.393546
"1993-10-01",2.558189,2.843982,0.285792,2.353843
"1993-11-01",2.491173,2.730868,0.239695,2.346091
"1993-12-01",2.456966,2.727147,0.270181,2.19085
"1994-01-01",2.246607,2.712099,0.465492,1.977243
"1994-02-01",2.272831,2.736629,0.463798,2.059632
"1994-03-01",2.39726,2.778945,0.381685,2.131318
"1994-04-01",2.253722,2.669562,0.41584,1.980443
"1994-05-01",2.135705,2.708548,0.572843,1.814178
"1994-06-01",2.265137,2.718807,0.453669,2.027558
"1994-07-01",2.267998,2.725225,0.457227,2.185708
"1994-08-01",2.191517,2.725464,0.533947,2.246432
"1994-09-01",2.192732,2.762031,0.569299,2.253288
"1994-10-01",2.265668,2.750056,0.484388,2.105649
"1994-11-01",2.189497,2.786964,0.597467,2.106242
"1994-12-01",2.178043,2.69552,0.517477,2.148455
"1995-01-01",2.3512,2.788476,0.437276,2.321505
"1995-02-01",2.296896,2.701919,0.405023,2.265953
"1995-03-01",2.199926,2.701673,0.501747,2.173287
"1995-04-01",2.284196,2.748136,0.46394,2.320685
"1995-05-01",2.230252,2.62245,0.392197,2.329416
"1995-06-01",2.092322,2.586716,0.494394,2.180408
"1995-07-01",2.039282,2.568855,0.529574,1.987034
"1995-08-01",2.169558,2.578783,0.409224,1.971966
"1995-09-01",2.148624,2.618514,0.46989,1.929304
"1995-10-01",2.156785,2.680719,0.523934,2.020323
"1995-11-01",2.035676,2.638494,0.602819,1.823804
"1995-12-01",2.144792,2.671807,0.527015,1.953994
"1996-01-01",2.006572,2.539344,0.532772,1.97387
"1996-02-01",1.972677,2.520192,0.547515,1.95402
"1996-03-01",1.95913,2.471236,0.512106,2.073623
"1996-04-01",1.860263,2.410584,0.550321,2.111123
"1996-05-01",1.864353,2.458108,0.593755,2.13005
"1996-06-01",1.85405,2.485414,0.631365,2.029033
"1996-07-01",1.884366,2.561131,0.676765,2.116457
"1996-08-01",1.728488,2.574995,0.846507,1.994172
"1996-09-01",1.903308,2.589465,0.686157,2.211927
"1996-10-01",1.897253,2.558242,0.660989,2.256091
"1996-11-01",1.964921,2.582204,0.617283,2.440992
"1996-12-01",1.860398,2.59442,0.734022,2.363104
"1997-01-01",1.853999,2.619777,0.765777,2.268743
"1997-02-01",1.930226,2.637601,0.707375,2.320595
"1997-03-01",1.937177,2.633582,0.696405,2.120203
"1997-04-01",1.998661,2.665102,0.666441,1.915242
"1997-05-01",1.895647,2.579373,0.683726,1.693394
"1997-06-01",1.968084,2.602493,0.634409,1.825129
"1997-07-01",1.846678,2.555173,0.708495,1.671072
"1997-08-01",1.717541,2.497343,0.779802,1.655051
"1997-09-01",1.620514,2.48485,0.864336,1.612973
"1997-10-01",1.533518,2.429588,0.896071,1.438839
"1997-11-01",1.431568,2.371259,0.939691,1.264445
"1997-12-01",1.45213,2.318199,0.866069,1.125669
"1998-01-01",1.49837,2.268162,0.769793,1.044211
"1998-02-01",1.377472,2.276187,0.898715,0.781172
"1998-03-01",1.244053,2.303248,1.059196,0.690637
"1998-04-01",1.231844,2.295971,1.064128,0.716989
"1998-05-01",1.256071,2.390566,1.134495,0.900914
"1998-06-01",0.979682,2.306958,1.327276,0.686548
"1998-07-01",1.19487,2.299036,1.104167,0.875075
"1998-08-01",1.433587,2.407733,0.974146,0.933996
"1998-09-01",1.206779,2.465465,1.258686,0.632965
"1998-10-01",1.250764,2.465208,1.214444,0.72265
"1998-11-01",1.237892,2.490167,1.252276,0.721195
"1998-12-01",1.353675,2.537226,1.183551,0.844401
"1999-01-01",1.343304,2.561715,1.21841,0.935874
"1999-02-01",1.221773,2.50927,1.287497,0.932121
"1999-03-01",1.144453,2.434818,1.290366,0.992787
"1999-04-01",1.218233,2.44745,1.229217,1.354558
"1999-05-01",1.217058,2.416369,1.199311,1.282178
"1999-06-01",1.397993,2.442882,1.044889,1.399026
"1999-07-01",1.294984,2.452174,1.15719,1.41811
"1999-08-01",1.146868,2.391858,1.244991,1.462564
"1999-09-01",1.431417,2.330211,0.898794,1.885545
"1999-10-01",1.406693,2.296655,0.889962,1.833677
"1999-11-01",1.485949,2.342514,0.856565,1.920647
"1999-12-01",1.439597,2.318494,0.878897,2.054756
"2000-01-01",1.538672,2.425428,0.886756,2.189137
"2000-02-01",1.72237,2.499297,0.776927,2.568738
"2000-03-01",1.90087,2.575629,0.674759,2.93088
"2000-04-01",1.706536,2.569882,0.863346,2.35099
"2000-05-01",1.718527,2.566425,0.847899,2.368949
"2000-06-01",1.742113,2.656551,0.914438,2.684265
"2000-07-01",1.791973,2.712782,0.920809,2.668814
"2000-08-01",1.872573,2.683683,0.81111,2.475467
"2000-09-01",1.850021,2.743273,0.893252,2.548096
"2000-10-01",1.818477,2.797354,0.978877,2.514856
"2000-11-01",1.900478,2.798458,0.89798,2.566328
"2000-12-01",1.871088,2.841066,0.969978,2.484779
"2001-01-01",2.005222,2.824256,0.819035,2.701443
"2001-02-01",2.03588,2.909678,0.873798,2.537197
"2001-03-01",1.932464,2.914321,0.981857,2.1087
"2001-04-01",2.027688,2.975789,0.948101,2.373237
"2001-05-01",1.942514,3.022604,1.08009,2.557649
"2001-06-01",2.092196,3.05523,0.963034,2.391735
"2001-07-01",2.122122,3.084141,0.962019,2.101733
"2001-08-01",2.042095,3.220963,1.178868,2.096464
"2001-09-01",1.216707,3.196125,1.979418,1.313096
"2001-10-01",1.787327,3.243544,1.456217,1.531882
"2001-11-01",1.814663,3.234008,1.419345,1.321568
"2001-12-01",1.738727,3.20257,1.463843,1.062075
"2002-01-01",1.418281,3.143417,1.725136,0.665937
"2002-02-01",1.432899,3.112857,1.679958,0.679565
"2002-03-01",1.448513,3.159031,1.710518,0.943308
"2002-04-01",1.569683,3.093455,1.523772,1.187705
"2002-05-01",1.658612,3.041946,1.383334,0.98826
"2002-06-01",1.593333,2.976446,1.383113,0.936201
"2002-07-01",1.53826,2.932006,1.393746,1.192164
"2002-08-01",1.68772,2.802978,1.115258,1.402946
"2002-09-01",2.13614,2.810297,0.674157,1.932817
"2002-10-01",1.805516,2.785799,0.980283,1.760451
"2002-11-01",1.697696,2.776162,1.078467,1.929985
"2002-12-01",1.768886,2.821591,1.052705,2.133673
"2003-01-01",1.780906,2.857943,1.077038,2.346515
"2003-02-01",1.726869,2.735036,1.008166,2.604622
"2003-03-01",1.768902,2.659464,0.890562,2.589655
"2003-04-01",1.598448,2.517872,0.919424,1.988696
"2003-05-01",1.631551,2.454096,0.822545,1.804808
"2003-06-01",1.527072,2.369004,0.841932,1.788127
"2003-07-01",1.574165,2.36798,0.793815,1.862736
"2003-08-01",1.488856,2.37553,0.886674,2.006715
"2003-09-01",1.464628,2.331923,0.867295,2.141339
"2003-10-01",1.565904,2.360852,0.794948,1.968212
"2003-11-01",1.605346,2.342618,0.737272,1.996177
"2003-12-01",1.637101,2.239296,0.602195,2.122877
"2004-01-01",1.828988,2.155933,0.326945,2.212407
"2004-02-01",1.85327,2.224007,0.370737,2.000619
"2004-03-01",1.860489,2.227583,0.367095,1.89643
"2004-04-01",2.012449,2.485025,0.472576,2.259224
"2004-05-01",2.005745,2.569446,0.563701,2.709538
"2004-06-01",2.110064,2.66655,0.556487,2.890911
"2004-07-01",1.975543,2.627509,0.651965,2.684538
"2004-08-01",1.899904,2.636331,0.736427,2.391168
"2004-09-01",1.949086,2.57851,0.629424,2.273917
"2004-10-01",1.982084,2.484059,0.501974,2.700011
"2004-11-01",2.062544,2.437509,0.374965,2.965626
"2004-12-01",2.066267,2.487158,0.420891,2.793715
"2005-01-01",2.17143,2.574489,0.403059,2.532031
"2005-02-01",2.175439,2.625158,0.449719,2.598733
"2005-03-01",2.255611,2.57446,0.318849,2.747509
"2005-04-01",2.107509,2.423825,0.316315,2.844504
"2005-05-01",2.176893,2.421872,0.24498,2.568966
"2005-06-01",2.086366,2.327141,0.240775,2.341196
"2005-07-01",2.114969,2.361477,0.246508,2.679432
"2005-08-01",2.158872,2.332601,0.173729,3.040803
"2005-09-01",2.193265,2.456434,0.263169,3.830021
"2005-10-01",2.26522,2.55449,0.28927,3.551362
"2005-11-01",2.30603,2.648674,0.342644,2.938409
"2005-12-01",2.280881,2.621268,0.340387,2.883628
"2006-01-01",2.14248,2.642288,0.499809,3.246938
"2006-02-01",2.137706,2.573537,0.435831,3.022235
"2006-03-01",2.167929,2.699746,0.531818,2.913671
"2006-04-01",2.362185,2.852739,0.490554,3.102827
"2006-05-01",2.408566,2.990094,0.581528,3.321535
"2006-06-01",2.595788,3.191111,0.595323,3.511628
"2006-07-01",2.545755,3.225417,0.679662,3.427346
"2006-08-01",2.671352,3.331537,0.660185,3.335883
"2006-09-01",2.606005,3.295672,0.689666,2.080027
"2006-10-01",2.496915,3.321506,0.82459,1.67697
"2006-11-01",2.284218,3.259763,0.975545,1.924673
"2006-12-01",2.315602,3.403237,1.087635,2.286752
"2007-01-01",2.500451,3.413205,0.912754,2.133263
"2007-02-01",2.556467,3.49606,0.939593,2.389213
"2007-03-01",2.376989,3.427351,1.050362,2.564899
"2007-04-01",2.210974,3.267404,1.05643,2.330778
"2007-05-01",2.075642,3.066671,0.991029,2.352983
"2007-06-01",1.987266,2.921213,0.933946,2.317634
"2007-07-01",2.041107,2.831444,0.790337,2.124726
"2007-08-01",1.984841,2.763098,0.778256,1.873715
"2007-09-01",2.102326,2.801033,0.698707,2.534687
"2007-10-01",2.183509,2.787757,0.604248,3.088475
"2007-11-01",2.335842,2.914805,0.578963,3.599627
"2007-12-01",2.403393,2.889007,0.485614,3.471634
"2008-01-01",2.193044,2.801774,0.60873,3.387407
"2008-02-01",2.072405,2.708499,0.636094,3.272923
"2008-03-01",2.169743,2.716239,0.546496,3.191143
"2008-04-01",2.083723,2.769336,0.685613,3.139519
"2008-05-01",2.148932,2.729716,0.580785,3.282144
"2008-06-01",2.214095,2.767152,0.553057,3.811439
"2008-07-01",2.244499,2.845659,0.601159,4.135655
"2008-08-01",2.217939,2.781475,0.563537,3.980627
"2008-09-01",2.043983,2.737583,0.6936,3.667838
"2008-10-01",1.634402,2.602075,0.967673,2.671843
"2008-11-01",1.390266,2.537802,1.147537,0.925029
"2008-12-01",1.137828,2.336883,1.199055,0.129569
"2009-01-01",0.905928,2.365372,1.459444,-0.111104
"2009-02-01",0.887839,2.357027,1.469188,-0.131248
"2009-03-01",0.762459,2.287291,1.524833,-0.525752
"2009-04-01",0.927918,2.219756,1.291838,-0.567574
"2009-05-01",0.822303,2.268561,1.446259,-0.889213
"2009-06-01",0.720146,2.194473,1.474327,-1.018625
"2009-07-01",0.625583,1.951382,1.325799,-1.466009
"2009-08-01",0.650944,1.894326,1.243382,-1.10012
"2009-09-01",0.72518,1.725578,1.000398,-1.022749
"2009-10-01",1.2399,1.884673,0.644774,0.013385
"2009-11-01",1.373476,1.800785,0.427309,1.460612
"2009-12-01",1.438636,1.783614,0.344978,2.089718
"2010-01-01",1.253574,1.690904,0.43733,2.301721
"2010-02-01",1.13759,1.698654,0.561063,2.11633
"2010-03-01",1.0499,1.77697,0.727069,2.372716
"2010-04-01",0.99371,1.602975,0.609265,2.282122
"2010-05-01",0.929,1.636856,0.707856,2.20847
"2010-06-01",0.868321,1.555571,0.68725,1.562219
"2010-07-01",0.913048,1.470588,0.557541,1.63739
"2010-08-01",0.907732,1.417623,0.509891,1.482395
"2010-09-01",0.958895,1.296828,0.337933,1.419551
"2010-10-01",0.85287,1.078781,0.225911,1.35842
"2010-11-01",0.896968,1.121579,0.224611,1.307197
"2010-12-01",0.925954,1.056748,0.130795,1.477668
"2011-01-01",1.043189,1.142065,0.098876,1.559865
"2011-02-01",1.200855,1.253698,0.052842,1.845031
"2011-03-01",1.21457,1.38675,0.17218,2.110546
"2011-04-01",1.3947,1.500082,0.105382,2.488097
"2011-05-01",1.523561,1.646594,0.123033,2.766247
"2011-06-01",1.586329,1.714904,0.128575,2.788452
"2011-07-01",1.728337,1.846484,0.118147,2.8757
"2011-08-01",1.817355,1.89677,0.079415,2.97673
"2011-09-01",1.850822,1.942044,0.091222,3.01903
"2011-10-01",1.744722,2.050795,0.306073,2.693632
"2011-11-01",1.827862,2.09552,0.267659,2.69926
"2011-12-01",1.974961,2.193111,0.218151,2.526625
"2012-01-01",2.061479,2.181321,0.119841,2.569312
"2012-02-01",2.025848,2.15804,0.132192,2.513154
"2012-03-01",2.034228,2.162087,0.127859,2.298027
"2012-04-01",1.965337,2.157699,0.192362,1.999849
"2012-05-01",1.826745,2.078269,0.251525,1.57694
"2012-06-01",1.819258,2.027955,0.208696,1.54602
"2012-07-01",1.773865,2.012792,0.238927,1.410026
"2012-08-01",1.635923,1.999596,0.363674,1.511867
"2012-09-01",1.691602,2.013379,0.321777,1.677971
"2012-10-01",1.793579,2.000084,0.206505,1.976877
"2012-11-01",1.712496,1.990317,0.27782,1.699102
"2012-12-01",1.638237,1.956093,0.317856,1.624383
"2013-01-01",1.591587,1.938259,0.346672,1.470808
"2013-02-01",1.560132,2.006237,0.446106,1.604608
"2013-03-01",1.480745,1.974819,0.494074,1.276993
"2013-04-01",1.377063,1.917848,0.540786,1.041225
"2013-05-01",1.392917,1.974066,0.58115,1.22903
"2013-06-01",1.463651,2.073235,0.609584,1.505506
"2013-07-01",1.487961,2.070664,0.582703,1.595113
"2013-08-01",1.533251,2.036413,0.503162,1.404788
"2013-09-01",1.529226,2.033714,0.504488,1.141285
"2013-10-01",1.454818,2.048427,0.593609,0.976107
"2013-11-01",1.51426,2.104624,0.590364,1.19547
"2013-12-01",1.547362,2.096278,0.548916,1.3881
"2014-01-01",1.452462,2.101433,0.648971,1.405405
"2014-02-01",1.390118,2.03363,0.643513,1.093982
"2014-03-01",1.447423,2.03144,0.584017,1.389703
"2014-04-01",1.571266,2.111574,0.540308,1.673114
"2014-05-01",1.623656,2.104144,0.480488,1.766166
"2014-06-01",1.563545,2.094366,0.530821,1.651459
"2014-07-01",1.610321,2.153352,0.54303,1.669242
"2014-08-01",1.539749,2.132438,0.592689,1.506244
"2014-09-01",1.554848,2.148451,0.593603,1.497249
"2014-10-01",1.470914,2.171282,0.700368,1.332945
"2014-11-01",1.392579,2.190961,0.798383,1.085759
"2014-12-01",1.356346,2.17786,0.821513,0.732259
"2015-01-01",1.209711,2.176104,0.966392,0.041402
"2015-02-01",1.277482,2.257114,0.979632,0.170701
"2015-03-01",1.28084,2.227564,0.946725,0.199349
"2015-04-01",1.294373,2.27354,0.979167,0.110324
"2015-05-01",1.247201,2.306163,1.058962,0.185286
"2015-06-01",1.254154,2.283577,1.029422,0.270429
"2015-07-01",1.17895,2.273755,1.094805,0.219733
"2015-08-01",1.221255,2.274117,1.052862,0.239271
"2015-09-01",1.232125,2.259037,1.026912,0.0657
"2015-10-01",1.177989,2.180375,1.002387,0.095498
"2015-11-01",1.196702,2.118761,0.922059,0.253878
"2015-12-01",1.191701,2.109739,0.918039,0.345964
"2016-01-01",1.40624,2.168562,0.762322,0.871149
"2016-02-01",1.465886,2.158412,0.692526,0.64033
"2016-03-01",1.457448,2.235761,0.778313,0.68551
"2016-04-01",1.519949,2.221493,0.701544,0.925907
"2016-05-01",1.568733,2.254283,0.68555,0.848685
"2016-06-01",1.552404,2.236292,0.683888,0.829607
"2016-07-01",1.599332,2.236463,0.637131,0.755084
"2016-08-01",1.696443,2.279647,0.583203,0.88821
"2016-09-01",1.685255,2.272,0.586745,1.219775
"2016-10-01",1.782408,2.296396,0.513988,1.427003
"2016-11-01",1.718859,2.263845,0.544985,1.397404
"2016-12-01",1.770093,2.308665,0.538572,1.657158
"2017-01-01",1.863335,2.314435,0.4511,2.00521
"2017-02-01",1.867275,2.244902,0.377627,2.197137
"2017-03-01",1.678655,2.202447,0.523793,1.906361
"2017-04-01",1.636821,2.086695,0.449874,1.767473
"2017-05-01",1.545521,1.954958,0.409437,1.557772
"2017-06-01",1.576444,1.958502,0.382058,1.465548
"2017-07-01",1.503111,1.864561,0.36145,1.485632
"2017-08-01",1.433594,1.835982,0.402389,1.571909
"2017-09-01",1.422587,1.795233,0.372646,1.757444
"2017-10-01",1.541011,1.847002,0.305991,1.682041
"2017-11-01",1.545376,1.900894,0.355518,1.793713
"2017-12-01",1.576877,1.917616,0.34074,1.76641
"2018-01-01",1.632037,1.942212,0.310175,1.757649
"2018-02-01",1.644218,1.99225,0.348031,1.837608
"2018-03-01",1.799574,1.986721,0.187147,1.998292
"2018-04-01",1.792107,2.029902,0.237794,2.046628
"2018-05-01",1.874493,2.122152,0.247658,2.266207
"2018-06-01",1.894676,2.145968,0.251292,2.268308
"2018-07-01",1.955059,2.198503,0.243444,2.338607
"2018-08-01",1.895763,2.2176,0.321837,2.180411
"2018-09-01",1.960295,2.294641,0.334346,2.00996
"2018-10-01",1.870907,2.309936,0.439029,2.053098
"2018-11-01",2.010245,2.390058,0.379813,1.941892
"2018-12-01",2.013393,2.374581,0.361188,1.864691
"2019-01-01",1.844427,2.326326,0.481899,1.431832
"2019-02-01",1.744106,2.375319,0.631213,1.400174
"2019-03-01",1.616068,2.41852,0.802452,1.521808
"2019-04-01",1.636779,2.585774,0.948995,1.566338
"2019-05-01",1.563175,2.557175,0.993999,1.465554
"2019-06-01",1.656981,2.525542,0.868561,1.426065
"2019-07-01",1.639119,2.59453,0.955411,1.45393
"2019-08-01",1.745805,2.614612,0.868807,1.430416
"2019-09-01",1.632014,2.583327,0.951313,1.283954
"2019-10-01",1.623586,2.551245,0.927659,1.288562
"2019-11-01",1.497718,2.454463,0.956745,1.358277
"2019-12-01",1.544751,2.533848,0.989097,1.563763
"2020-01-01",1.591329,2.587738,0.996409,1.794482
"2020-02-01",1.697697,2.571989,0.874292,1.689097
"2020-03-01",1.527295,2.530892,1.003597,1.166209
"2020-04-01",0.995497,2.388205,1.392708,0.462461
"2020-05-01",0.997378,2.448015,1.450636,0.490163
"2020-06-01",0.970452,2.44716,1.476708,0.759538
"2020-07-01",1.214337,2.429612,1.215276,0.922584
"2020-08-01",1.393104,2.397225,1.004121,1.157519
"2020-09-01",1.479692,2.301927,0.822236,1.276354
"2020-10-01",1.421733,2.29283,0.871097,1.187486
"2020-11-01",1.453522,2.197966,0.744444,1.186265
"2020-12-01",1.50879,2.08989,0.5811,1.334522
"2021-01-01",1.589367,1.9678,0.378433,1.507321
"2021-02-01",1.646436,1.993771,0.347335,1.786312
"2021-03-01",1.842836,2.134146,0.29131,2.63544
"2021-04-01",1.923712,3.068279,1.144567,3.577688
"2021-05-01",1.956795,3.435758,1.478963,3.970484
"2021-06-01",2.005359,3.784249,1.77889,4.217896
"2021-07-01",2.063093,3.844211,1.781119,4.383331
"2021-08-01",2.122079,3.892895,1.770816,4.509393
"2021-09-01",2.355486,3.925624,1.570137,4.655568
"2021-10-01",2.604176,4.371274,1.767098,5.277173
"2021-11-01",2.841591,4.797121,1.95553,5.868438
"2021-12-01",3.096258,5.084234,1.987975,6.044523
"2022-01-01",3.480347,5.325522,1.845175,6.234856
"2022-02-01",3.66004,5.568657,1.908617,6.50971
"2022-03-01",3.748579,5.560286,1.811707,6.920266
"2022-04-01",3.796752,5.288716,1.491965,6.633939
"2022-05-01",4.022504,5.169045,1.146541,6.784554
"2022-06-01",4.460008,5.299386,0.839378,7.218316
"2022-07-01",4.560189,5.399873,0.839684,6.85953
"2022-08-01",4.777848,5.665687,0.887839,6.683455
"2022-09-01",4.755797,5.6596,0.903803,6.693164
"2022-10-01",4.797173,5.688972,0.891799,6.505872
"2022-11-01",4.754485,5.581279,0.826793,6.089649
"2022-12-01",4.708853,5.588949,0.880096,5.606309
"2023-01-01",4.570557,5.649527,1.078971,5.555654
"2023-02-01",4.539046,5.531059,0.992012,5.199788
"2023-03-01",4.6086,5.709924,1.101325,4.491151
"2023-04-01",4.694028,5.582011,0.887982,4.532296
"2023-05-01",4.572868,5.282266,0.709398,4.097018
"2023-06-01",4.149031,4.780523,0.631491,3.345578
"2023-07-01",4.015811,4.634033,0.618221,3.361337
"2023-08-01",3.765655,4.356171,0.590515,3.438131
"2023-09-01",3.694874,4.281291,0.586417,3.491693
"2023-10-01",3.529638,4.082835,0.553197,3.100032
"2023-11-01",3.437178,4.09316,0.655982,2.888658
"2023-12-01",3.225199,3.830758,0.605559,2.862163
"2024-01-01",3.22446,3.766141,0.541681,2.74765
"2024-02-01",3.178443,3.623051,0.444608,2.807194
"2024-03-01",3.138607,3.514878,0.376271,2.951557
"2024-04-01",3.016209,3.418135,0.401926,2.83853
"2024-05-01",2.809484,3.41154,0.602056,2.697101
"2024-06-01",2.779221,3.36499,0.58577,2.569554
"2024-07-01",2.808852,3.241599,0.432746,2.595981
"2024-08-01",2.801715,3.208764,0.407048,2.436665
"2024-09-01",2.823141,3.214576,0.391434,2.259417
"2024-10-01",2.844629,3.230921,0.386292,2.406279
"2024-11-01",2.873153,3.207568,0.334415,2.491039
"2024-12-01",2.90321,3.382206,0.478996,2.647832
"2025-01-01",2.733873,3.126432,0.39256,2.63244
"2025-02-01",2.733253,3.223892,0.490639,2.574768
"2025-03-01",2.563598,3.22147,0.657871,2.255205
"2025-04-01",2.676439,3.260696,0.584257,2.331108
"2025-05-01",2.71405,3.209546,0.495496,2.463342
"2025-06-01",2.816176,3.336668,0.520492,2.612061
"2025-07-01",2.810808,3.413544,0.602736,2.590925
"2025-08-01",2.851342,3.493591,0.642249,2.694304
"2025-09-01",2.78384,3.332326,0.548486,2.783014
"2025-10-01",2.649406,3.180738,0.531332,2.657412
"2025-11-01",2.578453,3.073428,0.494975,2.710442
"2025-12-01",2.528942,3.027,0.498057,2.777155
"2026-01-01",2.506783,2.984362,0.47758,2.728367
"2026-02-01",2.42572,2.959153,0.533432,2.801145
"2026-03-01",2.408694,3.105223,0.696529,3.365404
"2026-04-01",2.39748,3.083872,0.686393,3.573948
"2026-05-01",2.452318,3.16171,0.709392,3.823334
"2026-06-01",2.295195,3.041234,0.746039,3.45301
"2026-07-01",2.294558,2.983468,0.68891,3.361543
"2026-08-01",2.223821,3.007596,0.783775,3.419032
